solid OpenSCAD_Model
  facet normal 1 0 0
    outer loop
      vertex 110.4 109.839 32.6904
      vertex 110.4 88.639 28.5661
      vertex 110.4 109.839 31.1691
    endloop
  endfacet
  facet normal 1 0 0
    outer loop
      vertex 110.4 88.639 28.5661
      vertex 110.4 20.5305 20.2034
      vertex 110.4 21.7492 10.278
    endloop
  endfacet
  facet normal 1 0 0
    outer loop
      vertex 110.4 109.839 32.6904
      vertex 110.4 20.5305 20.2034
      vertex 110.4 88.639 28.5661
    endloop
  endfacet
  facet normal 1 0 0
    outer loop
      vertex 110.4 0 19.2039
      vertex 110.4 20.5305 20.2034
      vertex 110.4 109.839 32.6904
    endloop
  endfacet
  facet normal 1 0 0
    outer loop
      vertex 110.4 20.5305 20.2034
      vertex 110.4 0 19.2039
      vertex 110.4 0 17.6826
    endloop
  endfacet
  facet normal 1 -0 0
    outer loop
      vertex 110.4 89.8577 18.6407
      vertex 110.4 109.839 0
      vertex 110.4 109.839 21.094
    endloop
  endfacet
  facet normal 1 0 0
    outer loop
      vertex 110.4 21.7492 10.278
      vertex 110.4 89.8577 18.6407
      vertex 110.4 88.639 28.5661
    endloop
  endfacet
  facet normal 1 -0 0
    outer loop
      vertex 110.4 21.7492 10.278
      vertex 110.4 109.839 0
      vertex 110.4 89.8577 18.6407
    endloop
  endfacet
  facet normal 1 0 0
    outer loop
      vertex 110.4 0 0
      vertex 110.4 21.7492 10.278
      vertex 110.4 0 7.60751
    endloop
  endfacet
  facet normal 1 0 0
    outer loop
      vertex 110.4 21.7492 10.278
      vertex 110.4 0 0
      vertex 110.4 109.839 0
    endloop
  endfacet
  facet normal 0 0 -1
    outer loop
      vertex 110.4 0 0
      vertex 97.7574 11.8093 0
      vertex 110.4 109.839 0
    endloop
  endfacet
  facet normal 0 0 -1
    outer loop
      vertex 110.4 0 0
      vertex 97.6993 11.6854 0
      vertex 97.7574 11.8093 0
    endloop
  endfacet
  facet normal 0 0 -1
    outer loop
      vertex 110.4 0 0
      vertex 97.6135 11.5412 0
      vertex 97.6993 11.6854 0
    endloop
  endfacet
  facet normal 0 0 -1
    outer loop
      vertex 110.4 0 0
      vertex 97.5141 11.4062 0
      vertex 97.6135 11.5412 0
    endloop
  endfacet
  facet normal 0 0 -1
    outer loop
      vertex 110.4 0 0
      vertex 97.4021 11.2817 0
      vertex 97.5141 11.4062 0
    endloop
  endfacet
  facet normal 0 0 -1
    outer loop
      vertex 110.4 0 0
      vertex 97.2785 11.1688 0
      vertex 97.4021 11.2817 0
    endloop
  endfacet
  facet normal 0 0 -1
    outer loop
      vertex 110.4 0 0
      vertex 97.1445 11.0687 0
      vertex 97.2785 11.1688 0
    endloop
  endfacet
  facet normal 0 0 -1
    outer loop
      vertex 110.4 0 0
      vertex 97.0014 10.9823 0
      vertex 97.1445 11.0687 0
    endloop
  endfacet
  facet normal 0 0 -1
    outer loop
      vertex 110.4 0 0
      vertex 96.8506 10.9104 0
      vertex 97.0014 10.9823 0
    endloop
  endfacet
  facet normal 0 0 -1
    outer loop
      vertex 110.4 0 0
      vertex 96.6935 10.8538 0
      vertex 96.8506 10.9104 0
    endloop
  endfacet
  facet normal 0 0 -1
    outer loop
      vertex 110.4 0 0
      vertex 96.5317 10.8129 0
      vertex 96.6935 10.8538 0
    endloop
  endfacet
  facet normal 0 0 -1
    outer loop
      vertex 110.4 0 0
      vertex 96.3666 10.7883 0
      vertex 96.5317 10.8129 0
    endloop
  endfacet
  facet normal 0 0 -1
    outer loop
      vertex 110.4 0 0
      vertex 96.2 10.78 0
      vertex 96.3666 10.7883 0
    endloop
  endfacet
  facet normal 0 0 -1
    outer loop
      vertex 110.4 0 0
      vertex 96.0334 10.7883 0
      vertex 96.2 10.78 0
    endloop
  endfacet
  facet normal 0 0 -1
    outer loop
      vertex 110.4 0 0
      vertex 95.8683 10.8129 0
      vertex 96.0334 10.7883 0
    endloop
  endfacet
  facet normal 0 0 -1
    outer loop
      vertex 110.4 0 0
      vertex 95.7065 10.8538 0
      vertex 95.8683 10.8129 0
    endloop
  endfacet
  facet normal 0 0 -1
    outer loop
      vertex 110.4 0 0
      vertex 95.5494 10.9104 0
      vertex 95.7065 10.8538 0
    endloop
  endfacet
  facet normal 0 0 -1
    outer loop
      vertex 110.4 0 0
      vertex 95.3986 10.9823 0
      vertex 95.5494 10.9104 0
    endloop
  endfacet
  facet normal 0 0 -1
    outer loop
      vertex 0 0 0
      vertex 95.3986 10.9823 0
      vertex 110.4 0 0
    endloop
  endfacet
  facet normal -0 0 -1
    outer loop
      vertex 94.7007 11.6854 0
      vertex 0 0 0
      vertex 94.6426 11.8093 0
    endloop
  endfacet
  facet normal -0 0 -1
    outer loop
      vertex 94.7865 11.5412 0
      vertex 0 0 0
      vertex 94.7007 11.6854 0
    endloop
  endfacet
  facet normal -0 0 -1
    outer loop
      vertex 94.8859 11.4062 0
      vertex 0 0 0
      vertex 94.7865 11.5412 0
    endloop
  endfacet
  facet normal -0 0 -1
    outer loop
      vertex 94.9979 11.2817 0
      vertex 0 0 0
      vertex 94.8859 11.4062 0
    endloop
  endfacet
  facet normal -0 0 -1
    outer loop
      vertex 95.1215 11.1688 0
      vertex 0 0 0
      vertex 94.9979 11.2817 0
    endloop
  endfacet
  facet normal -0 0 -1
    outer loop
      vertex 95.2555 11.0687 0
      vertex 0 0 0
      vertex 95.1215 11.1688 0
    endloop
  endfacet
  facet normal -0 0 -1
    outer loop
      vertex 95.3986 10.9823 0
      vertex 0 0 0
      vertex 95.2555 11.0687 0
    endloop
  endfacet
  facet normal 0 0 -1
    outer loop
      vertex 94.6426 11.8093 0
      vertex 110.4 109.839 0
      vertex 97.7574 11.8093 0
    endloop
  endfacet
  facet normal 0 0 -1
    outer loop
      vertex 0 109.839 0
      vertex 94.6426 11.8093 0
      vertex 0 0 0
    endloop
  endfacet
  facet normal 0 0 -1
    outer loop
      vertex 94.6426 11.8093 0
      vertex 0 109.839 0
      vertex 110.4 109.839 0
    endloop
  endfacet
  facet normal -1 0 0
    outer loop
      vertex 0 109.839 0
      vertex 0 89.8577 18.6407
      vertex 0 109.839 21.094
    endloop
  endfacet
  facet normal -1 -0 0
    outer loop
      vertex 0 89.8577 18.6407
      vertex 0 21.7492 10.278
      vertex 0 88.639 28.5661
    endloop
  endfacet
  facet normal -1 0 0
    outer loop
      vertex 0 109.839 0
      vertex 0 21.7492 10.278
      vertex 0 89.8577 18.6407
    endloop
  endfacet
  facet normal -1 0 0
    outer loop
      vertex 0 0 0
      vertex 0 21.7492 10.278
      vertex 0 109.839 0
    endloop
  endfacet
  facet normal -1 0 0
    outer loop
      vertex 0 21.7492 10.278
      vertex 0 0 0
      vertex 0 0 7.60751
    endloop
  endfacet
  facet normal -1 0 0
    outer loop
      vertex 0 88.639 28.5661
      vertex 0 109.839 32.6904
      vertex 0 109.839 31.1691
    endloop
  endfacet
  facet normal -1 0 0
    outer loop
      vertex 0 20.5305 20.2034
      vertex 0 88.639 28.5661
      vertex 0 21.7492 10.278
    endloop
  endfacet
  facet normal -1 0 0
    outer loop
      vertex 0 20.5305 20.2034
      vertex 0 109.839 32.6904
      vertex 0 88.639 28.5661
    endloop
  endfacet
  facet normal -1 0 0
    outer loop
      vertex 0 0 19.2039
      vertex 0 20.5305 20.2034
      vertex 0 0 17.6826
    endloop
  endfacet
  facet normal -1 -0 0
    outer loop
      vertex 0 20.5305 20.2034
      vertex 0 0 19.2039
      vertex 0 109.839 32.6904
    endloop
  endfacet
  facet normal 0 1 -0
    outer loop
      vertex 110.4 109.839 0
      vertex 95.92 109.839 21.094
      vertex 110.4 109.839 21.094
    endloop
  endfacet
  facet normal 0 1 0
    outer loop
      vertex 95.92 109.839 21.094
      vertex 110.4 109.839 0
      vertex 14.48 109.839 21.094
    endloop
  endfacet
  facet normal 0 1 0
    outer loop
      vertex 0 109.839 0
      vertex 14.48 109.839 21.094
      vertex 110.4 109.839 0
    endloop
  endfacet
  facet normal 0 1 0
    outer loop
      vertex 14.48 109.839 21.094
      vertex 0 109.839 0
      vertex 0 109.839 21.094
    endloop
  endfacet
  facet normal 0 1 0
    outer loop
      vertex 95.92 109.839 31.1691
      vertex 58.06 109.839 28.7611
      vertex 14.48 109.839 31.1691
    endloop
  endfacet
  facet normal 0 1 0
    outer loop
      vertex 95.92 109.839 31.1691
      vertex 58.4031 109.839 28.7442
      vertex 58.06 109.839 28.7611
    endloop
  endfacet
  facet normal 0 1 0
    outer loop
      vertex 95.92 109.839 31.1691
      vertex 58.7428 109.839 28.6934
      vertex 58.4031 109.839 28.7442
    endloop
  endfacet
  facet normal 0 1 0
    outer loop
      vertex 95.92 109.839 31.1691
      vertex 59.076 109.839 28.6093
      vertex 58.7428 109.839 28.6934
    endloop
  endfacet
  facet normal 0 1 0
    outer loop
      vertex 95.92 109.839 31.1691
      vertex 59.3994 109.839 28.4927
      vertex 59.076 109.839 28.6093
    endloop
  endfacet
  facet normal 0 1 0
    outer loop
      vertex 95.92 109.839 31.1691
      vertex 59.7099 109.839 28.3448
      vertex 59.3994 109.839 28.4927
    endloop
  endfacet
  facet normal 0 1 0
    outer loop
      vertex 95.92 109.839 31.1691
      vertex 60.0045 109.839 28.1669
      vertex 59.7099 109.839 28.3448
    endloop
  endfacet
  facet normal 0 1 0
    outer loop
      vertex 95.92 109.839 31.1691
      vertex 60.2804 109.839 27.9607
      vertex 60.0045 109.839 28.1669
    endloop
  endfacet
  facet normal 0 1 0
    outer loop
      vertex 95.92 109.839 31.1691
      vertex 60.5349 109.839 27.7283
      vertex 60.2804 109.839 27.9607
    endloop
  endfacet
  facet normal 0 1 0
    outer loop
      vertex 95.92 109.839 31.1691
      vertex 60.7655 109.839 27.4719
      vertex 60.5349 109.839 27.7283
    endloop
  endfacet
  facet normal 0 1 0
    outer loop
      vertex 95.92 109.839 31.1691
      vertex 60.9701 109.839 27.194
      vertex 60.7655 109.839 27.4719
    endloop
  endfacet
  facet normal 0 1 0
    outer loop
      vertex 95.92 109.839 31.1691
      vertex 61.1467 109.839 26.8971
      vertex 60.9701 109.839 27.194
    endloop
  endfacet
  facet normal 0 1 0
    outer loop
      vertex 95.92 109.839 31.1691
      vertex 61.2936 109.839 26.5843
      vertex 61.1467 109.839 26.8971
    endloop
  endfacet
  facet normal 0 1 0
    outer loop
      vertex 95.92 109.839 31.1691
      vertex 61.4093 109.839 26.2585
      vertex 61.2936 109.839 26.5843
    endloop
  endfacet
  facet normal 0 1 0
    outer loop
      vertex 95.92 109.839 31.1691
      vertex 61.4927 109.839 25.9228
      vertex 61.4093 109.839 26.2585
    endloop
  endfacet
  facet normal 0 1 0
    outer loop
      vertex 95.92 109.839 31.1691
      vertex 61.5431 109.839 25.5805
      vertex 61.4927 109.839 25.9228
    endloop
  endfacet
  facet normal 0 1 0
    outer loop
      vertex 95.92 109.839 31.1691
      vertex 61.56 109.839 25.2349
      vertex 61.5431 109.839 25.5805
    endloop
  endfacet
  facet normal 0 1 -0
    outer loop
      vertex 95.92 109.839 21.094
      vertex 61.56 109.839 25.2349
      vertex 95.92 109.839 31.1691
    endloop
  endfacet
  facet normal 0 1 0
    outer loop
      vertex 61.56 109.839 25.2349
      vertex 95.92 109.839 21.094
      vertex 61.5431 109.839 24.8892
    endloop
  endfacet
  facet normal 0 1 0
    outer loop
      vertex 61.5431 109.839 24.8892
      vertex 95.92 109.839 21.094
      vertex 61.4927 109.839 24.5469
    endloop
  endfacet
  facet normal 0 1 0
    outer loop
      vertex 61.4927 109.839 24.5469
      vertex 95.92 109.839 21.094
      vertex 61.4093 109.839 24.2112
    endloop
  endfacet
  facet normal 0 1 0
    outer loop
      vertex 61.4093 109.839 24.2112
      vertex 95.92 109.839 21.094
      vertex 61.2936 109.839 23.8854
    endloop
  endfacet
  facet normal 0 1 0
    outer loop
      vertex 61.2936 109.839 23.8854
      vertex 95.92 109.839 21.094
      vertex 61.1467 109.839 23.5726
    endloop
  endfacet
  facet normal 0 1 0
    outer loop
      vertex 61.1467 109.839 23.5726
      vertex 95.92 109.839 21.094
      vertex 60.9701 109.839 23.2758
    endloop
  endfacet
  facet normal 0 1 0
    outer loop
      vertex 60.9701 109.839 23.2758
      vertex 95.92 109.839 21.094
      vertex 60.7655 109.839 22.9978
    endloop
  endfacet
  facet normal 0 1 0
    outer loop
      vertex 60.7655 109.839 22.9978
      vertex 95.92 109.839 21.094
      vertex 60.5349 109.839 22.7414
    endloop
  endfacet
  facet normal 0 1 0
    outer loop
      vertex 60.5349 109.839 22.7414
      vertex 95.92 109.839 21.094
      vertex 60.2804 109.839 22.509
    endloop
  endfacet
  facet normal 0 1 0
    outer loop
      vertex 60.2804 109.839 22.509
      vertex 95.92 109.839 21.094
      vertex 60.0045 109.839 22.3029
    endloop
  endfacet
  facet normal 0 1 0
    outer loop
      vertex 60.0045 109.839 22.3029
      vertex 95.92 109.839 21.094
      vertex 59.7099 109.839 22.125
    endloop
  endfacet
  facet normal 0 1 0
    outer loop
      vertex 59.7099 109.839 22.125
      vertex 95.92 109.839 21.094
      vertex 59.3994 109.839 21.977
    endloop
  endfacet
  facet normal 0 1 0
    outer loop
      vertex 58.06 109.839 21.7086
      vertex 95.92 109.839 21.094
      vertex 52.56 109.839 21.7086
    endloop
  endfacet
  facet normal 0 1 0
    outer loop
      vertex 58.4031 109.839 21.7256
      vertex 95.92 109.839 21.094
      vertex 58.06 109.839 21.7086
    endloop
  endfacet
  facet normal 0 1 0
    outer loop
      vertex 58.7428 109.839 21.7763
      vertex 95.92 109.839 21.094
      vertex 58.4031 109.839 21.7256
    endloop
  endfacet
  facet normal 0 1 0
    outer loop
      vertex 59.076 109.839 21.8604
      vertex 95.92 109.839 21.094
      vertex 58.7428 109.839 21.7763
    endloop
  endfacet
  facet normal 0 1 0
    outer loop
      vertex 59.3994 109.839 21.977
      vertex 95.92 109.839 21.094
      vertex 59.076 109.839 21.8604
    endloop
  endfacet
  facet normal 0 1 0
    outer loop
      vertex 95.92 109.839 31.1691
      vertex 110.4 109.839 32.6904
      vertex 110.4 109.839 31.1691
    endloop
  endfacet
  facet normal 0 1 0
    outer loop
      vertex 110.4 109.839 32.6904
      vertex 95.92 109.839 31.1691
      vertex 0 109.839 32.6904
    endloop
  endfacet
  facet normal 0 1 -0
    outer loop
      vertex 14.48 109.839 31.1691
      vertex 0 109.839 32.6904
      vertex 95.92 109.839 31.1691
    endloop
  endfacet
  facet normal 0 1 0
    outer loop
      vertex 0 109.839 32.6904
      vertex 14.48 109.839 31.1691
      vertex 0 109.839 31.1691
    endloop
  endfacet
  facet normal 0 1 -0
    outer loop
      vertex 52.56 109.839 28.7611
      vertex 14.48 109.839 31.1691
      vertex 58.06 109.839 28.7611
    endloop
  endfacet
  facet normal 0 1 -0
    outer loop
      vertex 52.2169 109.839 28.7442
      vertex 14.48 109.839 31.1691
      vertex 52.56 109.839 28.7611
    endloop
  endfacet
  facet normal 0 1 -0
    outer loop
      vertex 51.8772 109.839 28.6934
      vertex 14.48 109.839 31.1691
      vertex 52.2169 109.839 28.7442
    endloop
  endfacet
  facet normal 0 1 -0
    outer loop
      vertex 51.544 109.839 28.6093
      vertex 14.48 109.839 31.1691
      vertex 51.8772 109.839 28.6934
    endloop
  endfacet
  facet normal 0 1 -0
    outer loop
      vertex 51.2206 109.839 28.4927
      vertex 14.48 109.839 31.1691
      vertex 51.544 109.839 28.6093
    endloop
  endfacet
  facet normal 0 1 -0
    outer loop
      vertex 50.9101 109.839 28.3448
      vertex 14.48 109.839 31.1691
      vertex 51.2206 109.839 28.4927
    endloop
  endfacet
  facet normal 0 1 -0
    outer loop
      vertex 50.6155 109.839 28.1669
      vertex 14.48 109.839 31.1691
      vertex 50.9101 109.839 28.3448
    endloop
  endfacet
  facet normal 0 1 -0
    outer loop
      vertex 50.3396 109.839 27.9607
      vertex 14.48 109.839 31.1691
      vertex 50.6155 109.839 28.1669
    endloop
  endfacet
  facet normal 0 1 -0
    outer loop
      vertex 50.0851 109.839 27.7283
      vertex 14.48 109.839 31.1691
      vertex 50.3396 109.839 27.9607
    endloop
  endfacet
  facet normal 0 1 -0
    outer loop
      vertex 49.8545 109.839 27.4719
      vertex 14.48 109.839 31.1691
      vertex 50.0851 109.839 27.7283
    endloop
  endfacet
  facet normal 0 1 -0
    outer loop
      vertex 49.6499 109.839 27.194
      vertex 14.48 109.839 31.1691
      vertex 49.8545 109.839 27.4719
    endloop
  endfacet
  facet normal 0 1 -0
    outer loop
      vertex 49.4733 109.839 26.8971
      vertex 14.48 109.839 31.1691
      vertex 49.6499 109.839 27.194
    endloop
  endfacet
  facet normal 0 1 -0
    outer loop
      vertex 49.3264 109.839 26.5843
      vertex 14.48 109.839 31.1691
      vertex 49.4733 109.839 26.8971
    endloop
  endfacet
  facet normal 0 1 -0
    outer loop
      vertex 49.2107 109.839 26.2585
      vertex 14.48 109.839 31.1691
      vertex 49.3264 109.839 26.5843
    endloop
  endfacet
  facet normal 0 1 -0
    outer loop
      vertex 49.1273 109.839 25.9228
      vertex 14.48 109.839 31.1691
      vertex 49.2107 109.839 26.2585
    endloop
  endfacet
  facet normal 0 1 -0
    outer loop
      vertex 49.0769 109.839 25.5805
      vertex 14.48 109.839 31.1691
      vertex 49.1273 109.839 25.9228
    endloop
  endfacet
  facet normal 0 1 -0
    outer loop
      vertex 49.06 109.839 25.2349
      vertex 14.48 109.839 31.1691
      vertex 49.0769 109.839 25.5805
    endloop
  endfacet
  facet normal 0 1 0
    outer loop
      vertex 14.48 109.839 21.094
      vertex 49.06 109.839 25.2349
      vertex 49.0769 109.839 24.8892
    endloop
  endfacet
  facet normal 0 1 0
    outer loop
      vertex 14.48 109.839 21.094
      vertex 49.0769 109.839 24.8892
      vertex 49.1273 109.839 24.5469
    endloop
  endfacet
  facet normal 0 1 0
    outer loop
      vertex 14.48 109.839 21.094
      vertex 49.1273 109.839 24.5469
      vertex 49.2107 109.839 24.2112
    endloop
  endfacet
  facet normal 0 1 0
    outer loop
      vertex 14.48 109.839 21.094
      vertex 49.2107 109.839 24.2112
      vertex 49.3264 109.839 23.8854
    endloop
  endfacet
  facet normal 0 1 0
    outer loop
      vertex 14.48 109.839 21.094
      vertex 49.3264 109.839 23.8854
      vertex 49.4733 109.839 23.5726
    endloop
  endfacet
  facet normal 0 1 0
    outer loop
      vertex 14.48 109.839 21.094
      vertex 49.4733 109.839 23.5726
      vertex 49.6499 109.839 23.2758
    endloop
  endfacet
  facet normal 0 1 0
    outer loop
      vertex 14.48 109.839 21.094
      vertex 49.6499 109.839 23.2758
      vertex 49.8545 109.839 22.9978
    endloop
  endfacet
  facet normal 0 1 0
    outer loop
      vertex 14.48 109.839 21.094
      vertex 49.8545 109.839 22.9978
      vertex 50.0851 109.839 22.7414
    endloop
  endfacet
  facet normal 0 1 0
    outer loop
      vertex 14.48 109.839 21.094
      vertex 50.0851 109.839 22.7414
      vertex 50.3396 109.839 22.509
    endloop
  endfacet
  facet normal 0 1 0
    outer loop
      vertex 14.48 109.839 21.094
      vertex 50.3396 109.839 22.509
      vertex 50.6155 109.839 22.3029
    endloop
  endfacet
  facet normal 0 1 0
    outer loop
      vertex 14.48 109.839 21.094
      vertex 50.6155 109.839 22.3029
      vertex 50.9101 109.839 22.125
    endloop
  endfacet
  facet normal 0 1 0
    outer loop
      vertex 14.48 109.839 21.094
      vertex 50.9101 109.839 22.125
      vertex 51.2206 109.839 21.977
    endloop
  endfacet
  facet normal 0 1 0
    outer loop
      vertex 14.48 109.839 21.094
      vertex 51.2206 109.839 21.977
      vertex 51.544 109.839 21.8604
    endloop
  endfacet
  facet normal 0 1 0
    outer loop
      vertex 14.48 109.839 21.094
      vertex 51.544 109.839 21.8604
      vertex 51.8772 109.839 21.7763
    endloop
  endfacet
  facet normal 0 1 0
    outer loop
      vertex 49.06 109.839 25.2349
      vertex 14.48 109.839 21.094
      vertex 14.48 109.839 31.1691
    endloop
  endfacet
  facet normal 0 1 0
    outer loop
      vertex 52.2169 109.839 21.7256
      vertex 14.48 109.839 21.094
      vertex 51.8772 109.839 21.7763
    endloop
  endfacet
  facet normal 0 1 0
    outer loop
      vertex 52.56 109.839 21.7086
      vertex 14.48 109.839 21.094
      vertex 52.2169 109.839 21.7256
    endloop
  endfacet
  facet normal 0 1 0
    outer loop
      vertex 14.48 109.839 21.094
      vertex 52.56 109.839 21.7086
      vertex 95.92 109.839 21.094
    endloop
  endfacet
  facet normal 0 -1 0
    outer loop
      vertex 0 0 0
      vertex 14.73 0 7.60751
      vertex 0 0 7.60751
    endloop
  endfacet
  facet normal 0 -1 -0
    outer loop
      vertex 14.73 0 7.60751
      vertex 0 0 0
      vertex 95.67 0 7.60751
    endloop
  endfacet
  facet normal 0 -1 0
    outer loop
      vertex 110.4 0 0
      vertex 95.67 0 7.60751
      vertex 0 0 0
    endloop
  endfacet
  facet normal 0 -1 0
    outer loop
      vertex 95.67 0 7.60751
      vertex 110.4 0 0
      vertex 110.4 0 7.60751
    endloop
  endfacet
  facet normal 0 -1 0
    outer loop
      vertex 14.73 0 7.60751
      vertex 95.67 0 17.6826
      vertex 14.73 0 17.6826
    endloop
  endfacet
  facet normal 0 -1 -0
    outer loop
      vertex 95.67 0 17.6826
      vertex 14.73 0 7.60751
      vertex 95.67 0 7.60751
    endloop
  endfacet
  facet normal 0 -1 0
    outer loop
      vertex 14.73 0 17.6826
      vertex 0 0 19.2039
      vertex 0 0 17.6826
    endloop
  endfacet
  facet normal 0 -1 0
    outer loop
      vertex 0 0 19.2039
      vertex 14.73 0 17.6826
      vertex 110.4 0 19.2039
    endloop
  endfacet
  facet normal 0 -1 0
    outer loop
      vertex 95.67 0 17.6826
      vertex 110.4 0 19.2039
      vertex 14.73 0 17.6826
    endloop
  endfacet
  facet normal 0 -1 -0
    outer loop
      vertex 110.4 0 19.2039
      vertex 95.67 0 17.6826
      vertex 110.4 0 17.6826
    endloop
  endfacet
  facet normal 3.29009e-06 -0.121942 0.992537
    outer loop
      vertex 105.6 4.8 19.7933
      vertex 57.2899 2.6043 19.5237
      vertex 57.3 2.4 19.4986
    endloop
  endfacet
  facet normal 1.23102e-05 -0.122137 0.992513
    outer loop
      vertex 105.6 4.8 19.7933
      vertex 57.2596 2.80664 19.5486
      vertex 57.2899 2.6043 19.5237
    endloop
  endfacet
  facet normal -1.15001e-05 -0.121568 0.992583
    outer loop
      vertex 105.6 4.8 19.7933
      vertex 57.2096 3.00505 19.5729
      vertex 57.2596 2.80664 19.5486
    endloop
  endfacet
  facet normal 9.59177e-06 -0.122128 0.992514
    outer loop
      vertex 105.6 4.8 19.7933
      vertex 57.1401 3.19765 19.5966
      vertex 57.2096 3.00505 19.5729
    endloop
  endfacet
  facet normal 3.83326e-07 -0.121854 0.992548
    outer loop
      vertex 105.6 4.8 19.7933
      vertex 57.052 3.38255 19.6193
      vertex 57.1401 3.19765 19.5966
    endloop
  endfacet
  facet normal -6.08346e-06 -0.121636 0.992575
    outer loop
      vertex 105.6 4.8 19.7933
      vertex 56.9461 3.558 19.6408
      vertex 57.052 3.38255 19.6193
    endloop
  endfacet
  facet normal 3.97798e-06 -0.122024 0.992527
    outer loop
      vertex 105.6 4.8 19.7933
      vertex 56.8233 3.7223 19.661
      vertex 56.9461 3.558 19.6408
    endloop
  endfacet
  facet normal -8.11757e-07 -0.121811 0.992553
    outer loop
      vertex 105.6 4.8 19.7933
      vertex 56.6849 3.87386 19.6796
      vertex 56.8233 3.7223 19.661
    endloop
  endfacet
  facet normal 4.90934e-06 -0.122108 0.992517
    outer loop
      vertex 105.6 4.8 19.7933
      vertex 56.5322 4.01122 19.6965
      vertex 56.6849 3.87386 19.6796
    endloop
  endfacet
  facet normal -6.86567e-06 -0.121387 0.992605
    outer loop
      vertex 105.6 4.8 19.7933
      vertex 56.3667 4.13307 19.7114
      vertex 56.5322 4.01122 19.6965
    endloop
  endfacet
  facet normal -1.72578e-06 -0.12176 0.99256
    outer loop
      vertex 105.6 4.8 19.7933
      vertex 56.1899 4.23823 19.7243
      vertex 56.3667 4.13307 19.7114
    endloop
  endfacet
  facet normal 7.25972e-06 -0.122539 0.992464
    outer loop
      vertex 105.6 4.8 19.7933
      vertex 56.0036 4.32569 19.7351
      vertex 56.1899 4.23823 19.7243
    endloop
  endfacet
  facet normal -7.45483e-06 -0.121023 0.99265
    outer loop
      vertex 105.6 4.8 19.7933
      vertex 55.8096 4.3946 19.7435
      vertex 56.0036 4.32569 19.7351
    endloop
  endfacet
  facet normal -8.23365e-07 -0.121826 0.992552
    outer loop
      vertex 105.6 4.8 19.7933
      vertex 55.6097 4.4443 19.7496
      vertex 55.8096 4.3946 19.7435
    endloop
  endfacet
  facet normal 2.93631e-06 -0.122346 0.992488
    outer loop
      vertex 105.6 4.8 19.7933
      vertex 55.4058 4.47431 19.7533
      vertex 55.6097 4.4443 19.7496
    endloop
  endfacet
  facet normal 3.78627e-05 -0.127647 0.99182
    outer loop
      vertex 105.6 4.8 19.7933
      vertex 55.2 4.48435 19.7546
      vertex 55.4058 4.47431 19.7533
    endloop
  endfacet
  facet normal -3.29009e-06 -0.121942 0.992537
    outer loop
      vertex 53.1101 2.6043 19.5237
      vertex 4.8 4.8 19.7933
      vertex 53.1 2.4 19.4986
    endloop
  endfacet
  facet normal -1.23102e-05 -0.122137 0.992513
    outer loop
      vertex 53.1404 2.80664 19.5486
      vertex 4.8 4.8 19.7933
      vertex 53.1101 2.6043 19.5237
    endloop
  endfacet
  facet normal 1.15001e-05 -0.121568 0.992583
    outer loop
      vertex 53.1904 3.00505 19.5729
      vertex 4.8 4.8 19.7933
      vertex 53.1404 2.80664 19.5486
    endloop
  endfacet
  facet normal -9.59177e-06 -0.122128 0.992514
    outer loop
      vertex 53.2599 3.19765 19.5966
      vertex 4.8 4.8 19.7933
      vertex 53.1904 3.00505 19.5729
    endloop
  endfacet
  facet normal -3.83326e-07 -0.121854 0.992548
    outer loop
      vertex 53.348 3.38255 19.6193
      vertex 4.8 4.8 19.7933
      vertex 53.2599 3.19765 19.5966
    endloop
  endfacet
  facet normal 6.08346e-06 -0.121636 0.992575
    outer loop
      vertex 53.4539 3.558 19.6408
      vertex 4.8 4.8 19.7933
      vertex 53.348 3.38255 19.6193
    endloop
  endfacet
  facet normal -3.97798e-06 -0.122024 0.992527
    outer loop
      vertex 53.5767 3.7223 19.661
      vertex 4.8 4.8 19.7933
      vertex 53.4539 3.558 19.6408
    endloop
  endfacet
  facet normal 8.11757e-07 -0.121811 0.992553
    outer loop
      vertex 53.7151 3.87386 19.6796
      vertex 4.8 4.8 19.7933
      vertex 53.5767 3.7223 19.661
    endloop
  endfacet
  facet normal -4.90934e-06 -0.122108 0.992517
    outer loop
      vertex 53.8678 4.01122 19.6965
      vertex 4.8 4.8 19.7933
      vertex 53.7151 3.87386 19.6796
    endloop
  endfacet
  facet normal 6.86567e-06 -0.121387 0.992605
    outer loop
      vertex 54.0333 4.13307 19.7114
      vertex 4.8 4.8 19.7933
      vertex 53.8678 4.01122 19.6965
    endloop
  endfacet
  facet normal 1.72578e-06 -0.12176 0.99256
    outer loop
      vertex 54.2101 4.23823 19.7243
      vertex 4.8 4.8 19.7933
      vertex 54.0333 4.13307 19.7114
    endloop
  endfacet
  facet normal -7.25972e-06 -0.122539 0.992464
    outer loop
      vertex 54.3964 4.32569 19.7351
      vertex 4.8 4.8 19.7933
      vertex 54.2101 4.23823 19.7243
    endloop
  endfacet
  facet normal 7.45483e-06 -0.121023 0.99265
    outer loop
      vertex 54.5904 4.3946 19.7435
      vertex 4.8 4.8 19.7933
      vertex 54.3964 4.32569 19.7351
    endloop
  endfacet
  facet normal 8.23365e-07 -0.121826 0.992552
    outer loop
      vertex 54.7903 4.4443 19.7496
      vertex 4.8 4.8 19.7933
      vertex 54.5904 4.3946 19.7435
    endloop
  endfacet
  facet normal -2.93631e-06 -0.122346 0.992488
    outer loop
      vertex 54.9942 4.47431 19.7533
      vertex 4.8 4.8 19.7933
      vertex 54.7903 4.4443 19.7496
    endloop
  endfacet
  facet normal -3.78627e-05 -0.127647 0.99182
    outer loop
      vertex 55.2 4.48435 19.7546
      vertex 4.8 4.8 19.7933
      vertex 54.9942 4.47431 19.7533
    endloop
  endfacet
  facet normal 0 -0.121693 0.992568
    outer loop
      vertex 4.8 4.8 19.7933
      vertex 55.2 4.48435 19.7546
      vertex 105.6 4.8 19.7933
    endloop
  endfacet
  facet normal 1.33236e-05 -0.121869 0.992546
    outer loop
      vertex 110.4 109.839 32.6904
      vertex 105.6 105.039 32.1011
      vertex 110.4 0 19.2039
    endloop
  endfacet
  facet normal 1.87192e-06 -0.121858 0.992548
    outer loop
      vertex 84.4233 108.761 32.5581
      vertex 105.6 105.039 32.1011
      vertex 110.4 109.839 32.6904
    endloop
  endfacet
  facet normal 2.80853e-05 -0.121638 0.992575
    outer loop
      vertex 105.6 105.039 32.1011
      vertex 84.8899 107.643 32.4208
      vertex 84.9 107.439 32.3958
    endloop
  endfacet
  facet normal -6.2917e-05 -0.122351 0.992487
    outer loop
      vertex 105.6 105.039 32.1011
      vertex 84.8596 107.845 32.4457
      vertex 84.8899 107.643 32.4208
    endloop
  endfacet
  facet normal 9.69964e-05 -0.121186 0.99263
    outer loop
      vertex 105.6 105.039 32.1011
      vertex 84.8096 108.044 32.47
      vertex 84.8596 107.845 32.4457
    endloop
  endfacet
  facet normal -0.000102231 -0.122544 0.992463
    outer loop
      vertex 105.6 105.039 32.1011
      vertex 84.7402 108.236 32.4937
      vertex 84.8096 108.044 32.47
    endloop
  endfacet
  facet normal 1.63988e-05 -0.121782 0.992557
    outer loop
      vertex 105.6 105.039 32.1011
      vertex 84.652 108.421 32.5164
      vertex 84.7402 108.236 32.4937
    endloop
  endfacet
  facet normal 0.000113258 -0.121191 0.992629
    outer loop
      vertex 105.6 105.039 32.1011
      vertex 84.5461 108.597 32.5379
      vertex 84.652 108.421 32.5164
    endloop
  endfacet
  facet normal -7.77957e-05 -0.122304 0.992493
    outer loop
      vertex 105.6 105.039 32.1011
      vertex 84.4233 108.761 32.5581
      vertex 84.5461 108.597 32.5379
    endloop
  endfacet
  facet normal 1.79162e-05 -0.122239 0.992501
    outer loop
      vertex 110.4 109.839 32.6904
      vertex 84.2849 108.912 32.5767
      vertex 84.4233 108.761 32.5581
    endloop
  endfacet
  facet normal -6.43978e-06 -0.121563 0.992584
    outer loop
      vertex 110.4 109.839 32.6904
      vertex 84.1322 109.05 32.5936
      vertex 84.2849 108.912 32.5767
    endloop
  endfacet
  facet normal -1.59224e-05 -0.121252 0.992622
    outer loop
      vertex 110.4 109.839 32.6904
      vertex 83.9667 109.172 32.6085
      vertex 84.1322 109.05 32.5936
    endloop
  endfacet
  facet normal 2.45241e-05 -0.122831 0.992428
    outer loop
      vertex 110.4 109.839 32.6904
      vertex 83.7899 109.277 32.6215
      vertex 83.9667 109.172 32.6085
    endloop
  endfacet
  facet normal 7.83427e-06 -0.122052 0.992524
    outer loop
      vertex 110.4 109.839 32.6904
      vertex 83.6036 109.364 32.6322
      vertex 83.7899 109.277 32.6215
    endloop
  endfacet
  facet normal 1.10954e-05 -0.122233 0.992501
    outer loop
      vertex 110.4 109.839 32.6904
      vertex 83.4096 109.433 32.6407
      vertex 83.6036 109.364 32.6322
    endloop
  endfacet
  facet normal -5.82811e-06 -0.121125 0.992637
    outer loop
      vertex 110.4 109.839 32.6904
      vertex 83.2097 109.483 32.6468
      vertex 83.4096 109.433 32.6407
    endloop
  endfacet
  facet normal -2.95074e-05 -0.119343 0.992853
    outer loop
      vertex 110.4 109.839 32.6904
      vertex 83.0058 109.513 32.6504
      vertex 83.2097 109.483 32.6468
    endloop
  endfacet
  facet normal 6.92183e-05 -0.127514 0.991837
    outer loop
      vertex 110.4 109.839 32.6904
      vertex 82.8 109.523 32.6517
      vertex 83.0058 109.513 32.6504
    endloop
  endfacet
  facet normal 0 -0.121639 0.992574
    outer loop
      vertex 80.7101 107.643 32.4208
      vertex 29.7 107.439 32.3958
      vertex 80.7 107.439 32.3958
    endloop
  endfacet
  facet normal 0 -0.122341 0.992488
    outer loop
      vertex 29.6899 107.643 32.4208
      vertex 80.7101 107.643 32.4208
      vertex 80.7403 107.845 32.4457
    endloop
  endfacet
  facet normal 0 -0.12121 0.992627
    outer loop
      vertex 29.6596 107.845 32.4457
      vertex 80.7403 107.845 32.4457
      vertex 80.7904 108.044 32.47
    endloop
  endfacet
  facet normal 0 -0.122508 0.992468
    outer loop
      vertex 29.6096 108.044 32.47
      vertex 80.7904 108.044 32.47
      vertex 80.8599 108.236 32.4937
    endloop
  endfacet
  facet normal 0 -0.121789 0.992556
    outer loop
      vertex 29.5401 108.236 32.4937
      vertex 80.8599 108.236 32.4937
      vertex 80.948 108.421 32.5164
    endloop
  endfacet
  facet normal 0 -0.121258 0.992621
    outer loop
      vertex 29.452 108.421 32.5164
      vertex 80.948 108.421 32.5164
      vertex 81.0539 108.597 32.5379
    endloop
  endfacet
  facet normal 0 -0.122247 0.9925
    outer loop
      vertex 29.3461 108.597 32.5379
      vertex 81.0539 108.597 32.5379
      vertex 81.1767 108.761 32.5581
    endloop
  endfacet
  facet normal 0 -0.122255 0.992499
    outer loop
      vertex 29.2233 108.761 32.5581
      vertex 81.1767 108.761 32.5581
      vertex 81.3151 108.912 32.5767
    endloop
  endfacet
  facet normal 0 -0.121556 0.992585
    outer loop
      vertex 29.0849 108.912 32.5767
      vertex 81.3151 108.912 32.5767
      vertex 81.4678 109.05 32.5936
    endloop
  endfacet
  facet normal 0 -0.12123 0.992624
    outer loop
      vertex 28.9322 109.05 32.5936
      vertex 81.4678 109.05 32.5936
      vertex 81.6333 109.172 32.6085
    endloop
  endfacet
  facet normal 0 -0.122871 0.992423
    outer loop
      vertex 28.7667 109.172 32.6085
      vertex 81.6333 109.172 32.6085
      vertex 81.8101 109.277 32.6215
    endloop
  endfacet
  facet normal 0 -0.122069 0.992522
    outer loop
      vertex 28.5899 109.277 32.6215
      vertex 81.8101 109.277 32.6215
      vertex 81.9964 109.364 32.6322
    endloop
  endfacet
  facet normal 0 -0.122264 0.992498
    outer loop
      vertex 28.4036 109.364 32.6322
      vertex 81.9964 109.364 32.6322
      vertex 82.1904 109.433 32.6407
    endloop
  endfacet
  facet normal 0 -0.121102 0.99264
    outer loop
      vertex 28.2096 109.433 32.6407
      vertex 82.1904 109.433 32.6407
      vertex 82.3903 109.483 32.6468
    endloop
  endfacet
  facet normal 0 -0.119145 0.992877
    outer loop
      vertex 28.0097 109.483 32.6468
      vertex 82.3903 109.483 32.6468
      vertex 82.5942 109.513 32.6504
    endloop
  endfacet
  facet normal 0 -0.128915 0.991656
    outer loop
      vertex 27.8058 109.513 32.6504
      vertex 82.5942 109.513 32.6504
      vertex 82.8 109.523 32.6517
    endloop
  endfacet
  facet normal 0 -0.121639 0.992574
    outer loop
      vertex 80.7101 107.643 32.4208
      vertex 29.6899 107.643 32.4208
      vertex 29.7 107.439 32.3958
    endloop
  endfacet
  facet normal 0 -0.122341 0.992488
    outer loop
      vertex 80.7403 107.845 32.4457
      vertex 29.6596 107.845 32.4457
      vertex 29.6899 107.643 32.4208
    endloop
  endfacet
  facet normal 0 -0.12121 0.992627
    outer loop
      vertex 80.7904 108.044 32.47
      vertex 29.6096 108.044 32.47
      vertex 29.6596 107.845 32.4457
    endloop
  endfacet
  facet normal 0 -0.122508 0.992468
    outer loop
      vertex 80.8599 108.236 32.4937
      vertex 29.5401 108.236 32.4937
      vertex 29.6096 108.044 32.47
    endloop
  endfacet
  facet normal 0 -0.121789 0.992556
    outer loop
      vertex 80.948 108.421 32.5164
      vertex 29.452 108.421 32.5164
      vertex 29.5401 108.236 32.4937
    endloop
  endfacet
  facet normal 0 -0.121258 0.992621
    outer loop
      vertex 81.0539 108.597 32.5379
      vertex 29.3461 108.597 32.5379
      vertex 29.452 108.421 32.5164
    endloop
  endfacet
  facet normal 0 -0.122247 0.9925
    outer loop
      vertex 81.1767 108.761 32.5581
      vertex 29.2233 108.761 32.5581
      vertex 29.3461 108.597 32.5379
    endloop
  endfacet
  facet normal 0 -0.122255 0.992499
    outer loop
      vertex 81.3151 108.912 32.5767
      vertex 29.0849 108.912 32.5767
      vertex 29.2233 108.761 32.5581
    endloop
  endfacet
  facet normal 0 -0.12156 0.992584
    outer loop
      vertex 27.6 109.523 32.6517
      vertex 82.8 109.523 32.6517
      vertex 110.4 109.839 32.6904
    endloop
  endfacet
  facet normal 0 -0.121556 0.992585
    outer loop
      vertex 81.4678 109.05 32.5936
      vertex 28.9322 109.05 32.5936
      vertex 29.0849 108.912 32.5767
    endloop
  endfacet
  facet normal 0 -0.12123 0.992624
    outer loop
      vertex 81.6333 109.172 32.6085
      vertex 28.7667 109.172 32.6085
      vertex 28.9322 109.05 32.5936
    endloop
  endfacet
  facet normal 0 -0.122871 0.992423
    outer loop
      vertex 81.8101 109.277 32.6215
      vertex 28.5899 109.277 32.6215
      vertex 28.7667 109.172 32.6085
    endloop
  endfacet
  facet normal 0 -0.122069 0.992522
    outer loop
      vertex 81.9964 109.364 32.6322
      vertex 28.4036 109.364 32.6322
      vertex 28.5899 109.277 32.6215
    endloop
  endfacet
  facet normal 0 -0.122264 0.992498
    outer loop
      vertex 82.1904 109.433 32.6407
      vertex 28.2096 109.433 32.6407
      vertex 28.4036 109.364 32.6322
    endloop
  endfacet
  facet normal 0 -0.121102 0.99264
    outer loop
      vertex 82.3903 109.483 32.6468
      vertex 28.0097 109.483 32.6468
      vertex 28.2096 109.433 32.6407
    endloop
  endfacet
  facet normal 0 -0.119145 0.992877
    outer loop
      vertex 82.5942 109.513 32.6504
      vertex 27.8058 109.513 32.6504
      vertex 28.0097 109.483 32.6468
    endloop
  endfacet
  facet normal 0 -0.128915 0.991656
    outer loop
      vertex 82.8 109.523 32.6517
      vertex 27.6 109.523 32.6517
      vertex 27.8058 109.513 32.6504
    endloop
  endfacet
  facet normal -2.80853e-05 -0.121638 0.992575
    outer loop
      vertex 25.5101 107.643 32.4208
      vertex 4.8 105.039 32.1011
      vertex 25.5 107.439 32.3958
    endloop
  endfacet
  facet normal 6.2913e-05 -0.122351 0.992487
    outer loop
      vertex 25.5403 107.845 32.4457
      vertex 4.8 105.039 32.1011
      vertex 25.5101 107.643 32.4208
    endloop
  endfacet
  facet normal -9.70037e-05 -0.121186 0.99263
    outer loop
      vertex 25.5904 108.044 32.47
      vertex 4.8 105.039 32.1011
      vertex 25.5403 107.845 32.4457
    endloop
  endfacet
  facet normal 0.00010224 -0.122544 0.992463
    outer loop
      vertex 25.6599 108.236 32.4937
      vertex 4.8 105.039 32.1011
      vertex 25.5904 108.044 32.47
    endloop
  endfacet
  facet normal -1.63973e-05 -0.121782 0.992557
    outer loop
      vertex 25.748 108.421 32.5164
      vertex 4.8 105.039 32.1011
      vertex 25.6599 108.236 32.4937
    endloop
  endfacet
  facet normal -0.000113258 -0.121191 0.992629
    outer loop
      vertex 25.8539 108.597 32.5379
      vertex 4.8 105.039 32.1011
      vertex 25.748 108.421 32.5164
    endloop
  endfacet
  facet normal 7.77957e-05 -0.122304 0.992493
    outer loop
      vertex 25.9767 108.761 32.5581
      vertex 4.8 105.039 32.1011
      vertex 25.8539 108.597 32.5379
    endloop
  endfacet
  facet normal -1.79162e-05 -0.122239 0.992501
    outer loop
      vertex 0 109.839 32.6904
      vertex 25.9767 108.761 32.5581
      vertex 26.1151 108.912 32.5767
    endloop
  endfacet
  facet normal 6.43978e-06 -0.121563 0.992584
    outer loop
      vertex 0 109.839 32.6904
      vertex 26.1151 108.912 32.5767
      vertex 26.2678 109.05 32.5936
    endloop
  endfacet
  facet normal 1.59224e-05 -0.121252 0.992622
    outer loop
      vertex 0 109.839 32.6904
      vertex 26.2678 109.05 32.5936
      vertex 26.4333 109.172 32.6085
    endloop
  endfacet
  facet normal -2.45241e-05 -0.122831 0.992428
    outer loop
      vertex 0 109.839 32.6904
      vertex 26.4333 109.172 32.6085
      vertex 26.6101 109.277 32.6215
    endloop
  endfacet
  facet normal -7.83427e-06 -0.122052 0.992524
    outer loop
      vertex 0 109.839 32.6904
      vertex 26.6101 109.277 32.6215
      vertex 26.7964 109.364 32.6322
    endloop
  endfacet
  facet normal -1.10954e-05 -0.122233 0.992501
    outer loop
      vertex 0 109.839 32.6904
      vertex 26.7964 109.364 32.6322
      vertex 26.9904 109.433 32.6407
    endloop
  endfacet
  facet normal 5.82811e-06 -0.121125 0.992637
    outer loop
      vertex 0 109.839 32.6904
      vertex 26.9904 109.433 32.6407
      vertex 27.1903 109.483 32.6468
    endloop
  endfacet
  facet normal -1.36094e-05 -0.121869 0.992546
    outer loop
      vertex 4.8 105.039 32.1011
      vertex 0 109.839 32.6904
      vertex 4.8 4.8 19.7933
    endloop
  endfacet
  facet normal -1.87192e-06 -0.121858 0.992548
    outer loop
      vertex 25.9767 108.761 32.5581
      vertex 0 109.839 32.6904
      vertex 4.8 105.039 32.1011
    endloop
  endfacet
  facet normal 2.95074e-05 -0.119343 0.992853
    outer loop
      vertex 27.3942 109.513 32.6504
      vertex 0 109.839 32.6904
      vertex 27.1903 109.483 32.6468
    endloop
  endfacet
  facet normal -6.92183e-05 -0.127514 0.991837
    outer loop
      vertex 27.6 109.523 32.6517
      vertex 0 109.839 32.6904
      vertex 27.3942 109.513 32.6504
    endloop
  endfacet
  facet normal 0 -0.12156 0.992584
    outer loop
      vertex 0 109.839 32.6904
      vertex 27.6 109.523 32.6517
      vertex 110.4 109.839 32.6904
    endloop
  endfacet
  facet normal 7.06864e-06 -0.121869 0.992546
    outer loop
      vertex 105.6 4.8 19.7933
      vertex 110.4 0 19.2039
      vertex 105.6 105.039 32.1011
    endloop
  endfacet
  facet normal 3.30629e-06 -0.121942 0.992537
    outer loop
      vertex 57.2899 2.1957 19.4735
      vertex 105.6 4.8 19.7933
      vertex 57.3 2.4 19.4986
    endloop
  endfacet
  facet normal -1.24573e-05 -0.121654 0.992573
    outer loop
      vertex 57.2596 1.99336 19.4487
      vertex 105.6 4.8 19.7933
      vertex 57.2899 2.1957 19.4735
    endloop
  endfacet
  facet normal 1.15447e-05 -0.122061 0.992523
    outer loop
      vertex 57.2096 1.79495 19.4243
      vertex 105.6 4.8 19.7933
      vertex 57.2596 1.99336 19.4487
    endloop
  endfacet
  facet normal -1.5964e-05 -0.121625 0.992576
    outer loop
      vertex 57.1401 1.60236 19.4007
      vertex 105.6 4.8 19.7933
      vertex 57.2096 1.79495 19.4243
    endloop
  endfacet
  facet normal -1.05648e-06 -0.121847 0.992549
    outer loop
      vertex 57.052 1.41745 19.378
      vertex 105.6 4.8 19.7933
      vertex 57.1401 1.60236 19.4007
    endloop
  endfacet
  facet normal 2.41688e-05 -0.122204 0.992505
    outer loop
      vertex 56.9461 1.242 19.3564
      vertex 105.6 4.8 19.7933
      vertex 57.052 1.41745 19.378
    endloop
  endfacet
  facet normal -3.50535e-05 -0.121406 0.992603
    outer loop
      vertex 56.8233 1.0777 19.3363
      vertex 105.6 4.8 19.7933
      vertex 56.9461 1.242 19.3564
    endloop
  endfacet
  facet normal 1.27466e-06 -0.121875 0.992545
    outer loop
      vertex 105.6 4.8 19.7933
      vertex 56.8233 1.0777 19.3363
      vertex 110.4 0 19.2039
    endloop
  endfacet
  facet normal 2.49601e-06 -0.121815 0.992553
    outer loop
      vertex 56.6849 0.926144 19.3177
      vertex 110.4 0 19.2039
      vertex 56.8233 1.0777 19.3363
    endloop
  endfacet
  facet normal -2.59963e-06 -0.122106 0.992517
    outer loop
      vertex 56.5322 0.788779 19.3008
      vertex 110.4 0 19.2039
      vertex 56.6849 0.926144 19.3177
    endloop
  endfacet
  facet normal -3.62053e-06 -0.122175 0.992509
    outer loop
      vertex 56.3667 0.666929 19.2858
      vertex 110.4 0 19.2039
      vertex 56.5322 0.788779 19.3008
    endloop
  endfacet
  facet normal 1.54979e-06 -0.121762 0.992559
    outer loop
      vertex 56.1899 0.561771 19.2729
      vertex 110.4 0 19.2039
      vertex 56.3667 0.666929 19.2858
    endloop
  endfacet
  facet normal 4.81673e-06 -0.121452 0.992597
    outer loop
      vertex 56.0036 0.474315 19.2622
      vertex 110.4 0 19.2039
      vertex 56.1899 0.561771 19.2729
    endloop
  endfacet
  facet normal -3.67599e-06 -0.122411 0.992479
    outer loop
      vertex 55.8096 0.405405 19.2537
      vertex 110.4 0 19.2039
      vertex 56.0036 0.474315 19.2622
    endloop
  endfacet
  facet normal 7.77584e-07 -0.121821 0.992552
    outer loop
      vertex 55.6097 0.355703 19.2476
      vertex 110.4 0 19.2039
      vertex 55.8096 0.405405 19.2537
    endloop
  endfacet
  facet normal -2.64566e-06 -0.12234 0.992488
    outer loop
      vertex 55.4058 0.325691 19.2439
      vertex 110.4 0 19.2039
      vertex 55.6097 0.355703 19.2476
    endloop
  endfacet
  facet normal 1.71466e-05 -0.119047 0.992889
    outer loop
      vertex 55.2 0.315653 19.2427
      vertex 110.4 0 19.2039
      vertex 55.4058 0.325691 19.2439
    endloop
  endfacet
  facet normal -3.30629e-06 -0.121942 0.992537
    outer loop
      vertex 4.8 4.8 19.7933
      vertex 53.1101 2.1957 19.4735
      vertex 53.1 2.4 19.4986
    endloop
  endfacet
  facet normal 1.24573e-05 -0.121654 0.992573
    outer loop
      vertex 4.8 4.8 19.7933
      vertex 53.1404 1.99336 19.4487
      vertex 53.1101 2.1957 19.4735
    endloop
  endfacet
  facet normal -1.15447e-05 -0.122061 0.992523
    outer loop
      vertex 4.8 4.8 19.7933
      vertex 53.1904 1.79495 19.4243
      vertex 53.1404 1.99336 19.4487
    endloop
  endfacet
  facet normal 1.5964e-05 -0.121625 0.992576
    outer loop
      vertex 4.8 4.8 19.7933
      vertex 53.2599 1.60236 19.4007
      vertex 53.1904 1.79495 19.4243
    endloop
  endfacet
  facet normal 1.05648e-06 -0.121847 0.992549
    outer loop
      vertex 4.8 4.8 19.7933
      vertex 53.348 1.41745 19.378
      vertex 53.2599 1.60236 19.4007
    endloop
  endfacet
  facet normal -2.41688e-05 -0.122204 0.992505
    outer loop
      vertex 4.8 4.8 19.7933
      vertex 53.4539 1.242 19.3564
      vertex 53.348 1.41745 19.378
    endloop
  endfacet
  facet normal 3.50535e-05 -0.121406 0.992603
    outer loop
      vertex 4.8 4.8 19.7933
      vertex 53.5767 1.0777 19.3363
      vertex 53.4539 1.242 19.3564
    endloop
  endfacet
  facet normal -1.27466e-06 -0.121875 0.992545
    outer loop
      vertex 0 0 19.2039
      vertex 53.5767 1.0777 19.3363
      vertex 4.8 4.8 19.7933
    endloop
  endfacet
  facet normal -2.49601e-06 -0.121815 0.992553
    outer loop
      vertex 53.5767 1.0777 19.3363
      vertex 0 0 19.2039
      vertex 53.7151 0.926144 19.3177
    endloop
  endfacet
  facet normal 2.59963e-06 -0.122106 0.992517
    outer loop
      vertex 53.7151 0.926144 19.3177
      vertex 0 0 19.2039
      vertex 53.8678 0.788779 19.3008
    endloop
  endfacet
  facet normal 3.62053e-06 -0.122175 0.992509
    outer loop
      vertex 53.8678 0.788779 19.3008
      vertex 0 0 19.2039
      vertex 54.0333 0.666929 19.2858
    endloop
  endfacet
  facet normal -1.54979e-06 -0.121762 0.992559
    outer loop
      vertex 54.0333 0.666929 19.2858
      vertex 0 0 19.2039
      vertex 54.2101 0.561771 19.2729
    endloop
  endfacet
  facet normal -4.81673e-06 -0.121452 0.992597
    outer loop
      vertex 54.2101 0.561771 19.2729
      vertex 0 0 19.2039
      vertex 54.3964 0.474315 19.2622
    endloop
  endfacet
  facet normal 3.67599e-06 -0.122411 0.992479
    outer loop
      vertex 54.3964 0.474315 19.2622
      vertex 0 0 19.2039
      vertex 54.5904 0.405405 19.2537
    endloop
  endfacet
  facet normal -7.77584e-07 -0.121821 0.992552
    outer loop
      vertex 54.5904 0.405405 19.2537
      vertex 0 0 19.2039
      vertex 54.7903 0.355703 19.2476
    endloop
  endfacet
  facet normal 0 -0.122002 0.99253
    outer loop
      vertex 55.2 0.315653 19.2427
      vertex 0 0 19.2039
      vertex 110.4 0 19.2039
    endloop
  endfacet
  facet normal -1.71466e-05 -0.119047 0.992889
    outer loop
      vertex 54.9942 0.325691 19.2439
      vertex 0 0 19.2039
      vertex 55.2 0.315653 19.2427
    endloop
  endfacet
  facet normal 2.64566e-06 -0.12234 0.992488
    outer loop
      vertex 54.7903 0.355703 19.2476
      vertex 0 0 19.2039
      vertex 54.9942 0.325691 19.2439
    endloop
  endfacet
  facet normal -7.35448e-06 -0.121869 0.992546
    outer loop
      vertex 0 0 19.2039
      vertex 4.8 4.8 19.7933
      vertex 0 109.839 32.6904
    endloop
  endfacet
  facet normal 4.03525e-05 -0.121533 0.992587
    outer loop
      vertex 84.8899 107.234 32.3707
      vertex 105.6 105.039 32.1011
      vertex 84.9 107.439 32.3958
    endloop
  endfacet
  facet normal -4.58419e-05 -0.122335 0.992489
    outer loop
      vertex 84.8596 107.032 32.3458
      vertex 105.6 105.039 32.1011
      vertex 84.8899 107.234 32.3707
    endloop
  endfacet
  facet normal 4.8846e-06 -0.121815 0.992553
    outer loop
      vertex 84.8096 106.834 32.3215
      vertex 105.6 105.039 32.1011
      vertex 84.8596 107.032 32.3458
    endloop
  endfacet
  facet normal -1.03162e-06 -0.121882 0.992545
    outer loop
      vertex 84.7402 106.641 32.2978
      vertex 105.6 105.039 32.1011
      vertex 84.8096 106.834 32.3215
    endloop
  endfacet
  facet normal 5.97961e-06 -0.121792 0.992556
    outer loop
      vertex 84.652 106.456 32.2751
      vertex 105.6 105.039 32.1011
      vertex 84.7402 106.641 32.2978
    endloop
  endfacet
  facet normal -4.03158e-06 -0.121938 0.992538
    outer loop
      vertex 84.5461 106.281 32.2536
      vertex 105.6 105.039 32.1011
      vertex 84.652 106.456 32.2751
    endloop
  endfacet
  facet normal 2.0282e-05 -0.121532 0.992588
    outer loop
      vertex 84.4233 106.116 32.2334
      vertex 105.6 105.039 32.1011
      vertex 84.5461 106.281 32.2536
    endloop
  endfacet
  facet normal -1.6281e-05 -0.12224 0.992501
    outer loop
      vertex 84.2849 105.965 32.2148
      vertex 105.6 105.039 32.1011
      vertex 84.4233 106.116 32.2334
    endloop
  endfacet
  facet normal 1.3265e-05 -0.12157 0.992583
    outer loop
      vertex 84.1322 105.827 32.1979
      vertex 105.6 105.039 32.1011
      vertex 84.2849 105.965 32.2148
    endloop
  endfacet
  facet normal -1.03325e-05 -0.122203 0.992505
    outer loop
      vertex 83.9667 105.706 32.183
      vertex 105.6 105.039 32.1011
      vertex 84.1322 105.827 32.1979
    endloop
  endfacet
  facet normal 4.28138e-06 -0.121736 0.992562
    outer loop
      vertex 83.7899 105.6 32.17
      vertex 105.6 105.039 32.1011
      vertex 83.9667 105.706 32.183
    endloop
  endfacet
  facet normal -4.16445e-06 -0.12206 0.992523
    outer loop
      vertex 83.6036 105.513 32.1593
      vertex 105.6 105.039 32.1011
      vertex 83.7899 105.6 32.17
    endloop
  endfacet
  facet normal -8.13875e-06 -0.122242 0.9925
    outer loop
      vertex 83.4096 105.444 32.1508
      vertex 105.6 105.039 32.1011
      vertex 83.6036 105.513 32.1593
    endloop
  endfacet
  facet normal 1.20903e-05 -0.12115 0.992634
    outer loop
      vertex 83.2097 105.394 32.1447
      vertex 105.6 105.039 32.1011
      vertex 83.4096 105.444 32.1508
    endloop
  endfacet
  facet normal 4.0029e-05 -0.119413 0.992845
    outer loop
      vertex 83.0058 105.364 32.1411
      vertex 105.6 105.039 32.1011
      vertex 83.2097 105.394 32.1447
    endloop
  endfacet
  facet normal -7.62113e-05 -0.127373 0.991855
    outer loop
      vertex 82.8 105.354 32.1398
      vertex 105.6 105.039 32.1011
      vertex 83.0058 105.364 32.1411
    endloop
  endfacet
  facet normal 0 -0.121531 0.992588
    outer loop
      vertex 29.7 107.439 32.3958
      vertex 80.7101 107.234 32.3707
      vertex 80.7 107.439 32.3958
    endloop
  endfacet
  facet normal 0 -0.121531 0.992588
    outer loop
      vertex 29.6899 107.234 32.3707
      vertex 80.7101 107.234 32.3707
      vertex 29.7 107.439 32.3958
    endloop
  endfacet
  facet normal 0 -0.122341 0.992488
    outer loop
      vertex 80.7101 107.234 32.3707
      vertex 29.6899 107.234 32.3707
      vertex 80.7403 107.032 32.3458
    endloop
  endfacet
  facet normal 0 -0.122341 0.992488
    outer loop
      vertex 29.6596 107.032 32.3458
      vertex 80.7403 107.032 32.3458
      vertex 29.6899 107.234 32.3707
    endloop
  endfacet
  facet normal 0 -0.121813 0.992553
    outer loop
      vertex 80.7403 107.032 32.3458
      vertex 29.6596 107.032 32.3458
      vertex 80.7904 106.834 32.3215
    endloop
  endfacet
  facet normal 0 -0.121813 0.992553
    outer loop
      vertex 29.6096 106.834 32.3215
      vertex 80.7904 106.834 32.3215
      vertex 29.6596 107.032 32.3458
    endloop
  endfacet
  facet normal 0 -0.121882 0.992545
    outer loop
      vertex 80.7904 106.834 32.3215
      vertex 29.6096 106.834 32.3215
      vertex 80.8599 106.641 32.2978
    endloop
  endfacet
  facet normal 0 -0.121882 0.992545
    outer loop
      vertex 29.5401 106.641 32.2978
      vertex 80.8599 106.641 32.2978
      vertex 29.6096 106.834 32.3215
    endloop
  endfacet
  facet normal 0 -0.121789 0.992556
    outer loop
      vertex 80.8599 106.641 32.2978
      vertex 29.5401 106.641 32.2978
      vertex 80.948 106.456 32.2751
    endloop
  endfacet
  facet normal 0 -0.121789 0.992556
    outer loop
      vertex 29.452 106.456 32.2751
      vertex 80.948 106.456 32.2751
      vertex 29.5401 106.641 32.2978
    endloop
  endfacet
  facet normal 0 -0.12194 0.992537
    outer loop
      vertex 80.948 106.456 32.2751
      vertex 29.452 106.456 32.2751
      vertex 81.0539 106.281 32.2536
    endloop
  endfacet
  facet normal 0 -0.12194 0.992537
    outer loop
      vertex 29.3461 106.281 32.2536
      vertex 81.0539 106.281 32.2536
      vertex 29.452 106.456 32.2751
    endloop
  endfacet
  facet normal 0 -0.121517 0.992589
    outer loop
      vertex 81.0539 106.281 32.2536
      vertex 29.3461 106.281 32.2536
      vertex 81.1767 106.116 32.2334
    endloop
  endfacet
  facet normal 0 -0.121517 0.992589
    outer loop
      vertex 29.2233 106.116 32.2334
      vertex 81.1767 106.116 32.2334
      vertex 29.3461 106.281 32.2536
    endloop
  endfacet
  facet normal 0 -0.122255 0.992499
    outer loop
      vertex 81.1767 106.116 32.2334
      vertex 29.2233 106.116 32.2334
      vertex 81.3151 105.965 32.2148
    endloop
  endfacet
  facet normal 0 -0.122255 0.992499
    outer loop
      vertex 29.0849 105.965 32.2148
      vertex 81.3151 105.965 32.2148
      vertex 29.2233 106.116 32.2334
    endloop
  endfacet
  facet normal 0 -0.121556 0.992585
    outer loop
      vertex 81.3151 105.965 32.2148
      vertex 29.0849 105.965 32.2148
      vertex 81.4678 105.827 32.1979
    endloop
  endfacet
  facet normal 0 -0.121556 0.992585
    outer loop
      vertex 28.9322 105.827 32.1979
      vertex 81.4678 105.827 32.1979
      vertex 29.0849 105.965 32.2148
    endloop
  endfacet
  facet normal 0 -0.122217 0.992503
    outer loop
      vertex 81.4678 105.827 32.1979
      vertex 28.9322 105.827 32.1979
      vertex 81.6333 105.706 32.183
    endloop
  endfacet
  facet normal 0 -0.122217 0.992503
    outer loop
      vertex 28.7667 105.706 32.183
      vertex 81.6333 105.706 32.183
      vertex 28.9322 105.827 32.1979
    endloop
  endfacet
  facet normal 0 -0.121729 0.992563
    outer loop
      vertex 81.6333 105.706 32.183
      vertex 28.7667 105.706 32.183
      vertex 81.8101 105.6 32.17
    endloop
  endfacet
  facet normal 0 -0.121729 0.992563
    outer loop
      vertex 28.5899 105.6 32.17
      vertex 81.8101 105.6 32.17
      vertex 28.7667 105.706 32.183
    endloop
  endfacet
  facet normal 0 -0.122069 0.992522
    outer loop
      vertex 81.8101 105.6 32.17
      vertex 28.5899 105.6 32.17
      vertex 81.9964 105.513 32.1593
    endloop
  endfacet
  facet normal 0 -0.122069 0.992522
    outer loop
      vertex 28.4036 105.513 32.1593
      vertex 81.9964 105.513 32.1593
      vertex 28.5899 105.6 32.17
    endloop
  endfacet
  facet normal 0 -0.122264 0.992498
    outer loop
      vertex 81.9964 105.513 32.1593
      vertex 28.4036 105.513 32.1593
      vertex 82.1904 105.444 32.1508
    endloop
  endfacet
  facet normal 0 -0.122264 0.992498
    outer loop
      vertex 28.2096 105.444 32.1508
      vertex 82.1904 105.444 32.1508
      vertex 28.4036 105.513 32.1593
    endloop
  endfacet
  facet normal 0 -0.121102 0.99264
    outer loop
      vertex 82.1904 105.444 32.1508
      vertex 28.2096 105.444 32.1508
      vertex 82.3903 105.394 32.1447
    endloop
  endfacet
  facet normal 0 -0.121102 0.99264
    outer loop
      vertex 28.0097 105.394 32.1447
      vertex 82.3903 105.394 32.1447
      vertex 28.2096 105.444 32.1508
    endloop
  endfacet
  facet normal 0 -0.119145 0.992877
    outer loop
      vertex 82.3903 105.394 32.1447
      vertex 28.0097 105.394 32.1447
      vertex 82.5942 105.364 32.1411
    endloop
  endfacet
  facet normal 0 -0.119145 0.992877
    outer loop
      vertex 27.8058 105.364 32.1411
      vertex 82.5942 105.364 32.1411
      vertex 28.0097 105.394 32.1447
    endloop
  endfacet
  facet normal 0 -0.128915 0.991656
    outer loop
      vertex 82.5942 105.364 32.1411
      vertex 27.8058 105.364 32.1411
      vertex 82.8 105.354 32.1398
    endloop
  endfacet
  facet normal 0 -0.128915 0.991656
    outer loop
      vertex 27.6 105.354 32.1398
      vertex 82.8 105.354 32.1398
      vertex 27.8058 105.364 32.1411
    endloop
  endfacet
  facet normal 0 -0.12194 0.992537
    outer loop
      vertex 82.8 105.354 32.1398
      vertex 27.6 105.354 32.1398
      vertex 105.6 105.039 32.1011
    endloop
  endfacet
  facet normal 0 -0.12194 0.992537
    outer loop
      vertex 27.6 105.354 32.1398
      vertex 4.8 105.039 32.1011
      vertex 105.6 105.039 32.1011
    endloop
  endfacet
  facet normal 7.62113e-05 -0.127373 0.991855
    outer loop
      vertex 27.3942 105.364 32.1411
      vertex 4.8 105.039 32.1011
      vertex 27.6 105.354 32.1398
    endloop
  endfacet
  facet normal -4.0029e-05 -0.119413 0.992845
    outer loop
      vertex 27.1903 105.394 32.1447
      vertex 4.8 105.039 32.1011
      vertex 27.3942 105.364 32.1411
    endloop
  endfacet
  facet normal -1.20903e-05 -0.12115 0.992634
    outer loop
      vertex 26.9904 105.444 32.1508
      vertex 4.8 105.039 32.1011
      vertex 27.1903 105.394 32.1447
    endloop
  endfacet
  facet normal 8.13875e-06 -0.122242 0.9925
    outer loop
      vertex 26.7964 105.513 32.1593
      vertex 4.8 105.039 32.1011
      vertex 26.9904 105.444 32.1508
    endloop
  endfacet
  facet normal 4.16445e-06 -0.12206 0.992523
    outer loop
      vertex 26.6101 105.6 32.17
      vertex 4.8 105.039 32.1011
      vertex 26.7964 105.513 32.1593
    endloop
  endfacet
  facet normal -4.28138e-06 -0.121736 0.992562
    outer loop
      vertex 26.4333 105.706 32.183
      vertex 4.8 105.039 32.1011
      vertex 26.6101 105.6 32.17
    endloop
  endfacet
  facet normal 1.03325e-05 -0.122203 0.992505
    outer loop
      vertex 26.2678 105.827 32.1979
      vertex 4.8 105.039 32.1011
      vertex 26.4333 105.706 32.183
    endloop
  endfacet
  facet normal -1.3265e-05 -0.12157 0.992583
    outer loop
      vertex 26.1151 105.965 32.2148
      vertex 4.8 105.039 32.1011
      vertex 26.2678 105.827 32.1979
    endloop
  endfacet
  facet normal 1.6281e-05 -0.12224 0.992501
    outer loop
      vertex 25.9767 106.116 32.2334
      vertex 4.8 105.039 32.1011
      vertex 26.1151 105.965 32.2148
    endloop
  endfacet
  facet normal -2.0282e-05 -0.121532 0.992588
    outer loop
      vertex 25.8539 106.281 32.2536
      vertex 4.8 105.039 32.1011
      vertex 25.9767 106.116 32.2334
    endloop
  endfacet
  facet normal 4.03158e-06 -0.121938 0.992538
    outer loop
      vertex 25.748 106.456 32.2751
      vertex 4.8 105.039 32.1011
      vertex 25.8539 106.281 32.2536
    endloop
  endfacet
  facet normal -5.97982e-06 -0.121792 0.992556
    outer loop
      vertex 25.6599 106.641 32.2978
      vertex 4.8 105.039 32.1011
      vertex 25.748 106.456 32.2751
    endloop
  endfacet
  facet normal 1.03158e-06 -0.121882 0.992545
    outer loop
      vertex 25.5904 106.834 32.3215
      vertex 4.8 105.039 32.1011
      vertex 25.6599 106.641 32.2978
    endloop
  endfacet
  facet normal -4.88439e-06 -0.121815 0.992553
    outer loop
      vertex 25.5403 107.032 32.3458
      vertex 4.8 105.039 32.1011
      vertex 25.5904 106.834 32.3215
    endloop
  endfacet
  facet normal 4.58442e-05 -0.122335 0.992489
    outer loop
      vertex 25.5101 107.234 32.3707
      vertex 4.8 105.039 32.1011
      vertex 25.5403 107.032 32.3458
    endloop
  endfacet
  facet normal -4.03525e-05 -0.121533 0.992587
    outer loop
      vertex 4.8 105.039 32.1011
      vertex 25.5101 107.234 32.3707
      vertex 25.5 107.439 32.3958
    endloop
  endfacet
  facet normal -1 -0 0
    outer loop
      vertex 105.6 105.039 19.4971
      vertex 105.6 89.8577 18.6407
      vertex 105.6 105.039 20.5046
    endloop
  endfacet
  facet normal -1 -0 0
    outer loop
      vertex 105.6 89.8577 18.6407
      vertex 105.6 21.7492 10.278
      vertex 105.6 88.639 28.5661
    endloop
  endfacet
  facet normal -1 0 0
    outer loop
      vertex 105.6 105.039 19.4971
      vertex 105.6 21.7492 10.278
      vertex 105.6 89.8577 18.6407
    endloop
  endfacet
  facet normal -1 0 0
    outer loop
      vertex 105.6 4.8 7.18937
      vertex 105.6 21.7492 10.278
      vertex 105.6 105.039 19.4971
    endloop
  endfacet
  facet normal -1 0 0
    outer loop
      vertex 105.6 21.7492 10.278
      vertex 105.6 4.8 7.18937
      vertex 105.6 4.8 8.19688
    endloop
  endfacet
  facet normal -1 0 0
    outer loop
      vertex 105.6 88.639 28.5661
      vertex 105.6 105.039 32.1011
      vertex 105.6 105.039 30.5797
    endloop
  endfacet
  facet normal -1 0 0
    outer loop
      vertex 105.6 20.5305 20.2034
      vertex 105.6 88.639 28.5661
      vertex 105.6 21.7492 10.278
    endloop
  endfacet
  facet normal -1 0 0
    outer loop
      vertex 105.6 20.5305 20.2034
      vertex 105.6 105.039 32.1011
      vertex 105.6 88.639 28.5661
    endloop
  endfacet
  facet normal -1 0 0
    outer loop
      vertex 105.6 4.8 19.7933
      vertex 105.6 20.5305 20.2034
      vertex 105.6 4.8 18.272
    endloop
  endfacet
  facet normal -1 -0 0
    outer loop
      vertex 105.6 20.5305 20.2034
      vertex 105.6 4.8 19.7933
      vertex 105.6 105.039 32.1011
    endloop
  endfacet
  facet normal 1 0 0
    outer loop
      vertex 4.8 105.039 32.1011
      vertex 4.8 88.639 28.5661
      vertex 4.8 105.039 30.5797
    endloop
  endfacet
  facet normal 1 0 0
    outer loop
      vertex 4.8 88.639 28.5661
      vertex 4.8 20.5305 20.2034
      vertex 4.8 21.7492 10.278
    endloop
  endfacet
  facet normal 1 0 0
    outer loop
      vertex 4.8 105.039 32.1011
      vertex 4.8 20.5305 20.2034
      vertex 4.8 88.639 28.5661
    endloop
  endfacet
  facet normal 1 0 0
    outer loop
      vertex 4.8 4.8 19.7933
      vertex 4.8 20.5305 20.2034
      vertex 4.8 105.039 32.1011
    endloop
  endfacet
  facet normal 1 0 0
    outer loop
      vertex 4.8 20.5305 20.2034
      vertex 4.8 4.8 19.7933
      vertex 4.8 4.8 18.272
    endloop
  endfacet
  facet normal 1 0 0
    outer loop
      vertex 4.8 89.8577 18.6407
      vertex 4.8 105.039 19.4971
      vertex 4.8 105.039 20.5046
    endloop
  endfacet
  facet normal 1 0 0
    outer loop
      vertex 4.8 21.7492 10.278
      vertex 4.8 89.8577 18.6407
      vertex 4.8 88.639 28.5661
    endloop
  endfacet
  facet normal 1 0 0
    outer loop
      vertex 4.8 21.7492 10.278
      vertex 4.8 105.039 19.4971
      vertex 4.8 89.8577 18.6407
    endloop
  endfacet
  facet normal 1 0 0
    outer loop
      vertex 4.8 4.8 7.18937
      vertex 4.8 21.7492 10.278
      vertex 4.8 4.8 8.19688
    endloop
  endfacet
  facet normal 1 -0 0
    outer loop
      vertex 4.8 21.7492 10.278
      vertex 4.8 4.8 7.18937
      vertex 4.8 105.039 19.4971
    endloop
  endfacet
  facet normal 0 -1 0
    outer loop
      vertex 4.8 105.039 19.4971
      vertex 5.2 105.039 20.5046
      vertex 4.8 105.039 20.5046
    endloop
  endfacet
  facet normal 0 -1 -0
    outer loop
      vertex 5.2 105.039 20.5046
      vertex 4.8 105.039 19.4971
      vertex 105.2 105.039 20.5046
    endloop
  endfacet
  facet normal 0 -1 0
    outer loop
      vertex 105.6 105.039 19.4971
      vertex 105.2 105.039 20.5046
      vertex 4.8 105.039 19.4971
    endloop
  endfacet
  facet normal 0 -1 0
    outer loop
      vertex 105.2 105.039 20.5046
      vertex 105.6 105.039 19.4971
      vertex 105.6 105.039 20.5046
    endloop
  endfacet
  facet normal 0 -1 0
    outer loop
      vertex 5.2 105.039 20.5046
      vertex 14.48 105.039 23.7466
      vertex 5.2 105.039 23.7466
    endloop
  endfacet
  facet normal 0 -1 -0
    outer loop
      vertex 46.1 105.039 22.0159
      vertex 5.2 105.039 20.5046
      vertex 64.5 105.039 22.0159
    endloop
  endfacet
  facet normal 0 -1 -0
    outer loop
      vertex 14.48 105.039 23.7466
      vertex 5.2 105.039 20.5046
      vertex 46.1 105.039 22.0159
    endloop
  endfacet
  facet normal 0 -1 0
    outer loop
      vertex 58.06 105.039 28.1718
      vertex 105.6 105.039 32.1011
      vertex 52.56 105.039 28.1718
    endloop
  endfacet
  facet normal 0 -1 0
    outer loop
      vertex 14.48 105.039 30.5797
      vertex 52.2169 105.039 28.1548
      vertex 52.56 105.039 28.1718
    endloop
  endfacet
  facet normal 0 -1 0
    outer loop
      vertex 14.48 105.039 30.5797
      vertex 51.8772 105.039 28.104
      vertex 52.2169 105.039 28.1548
    endloop
  endfacet
  facet normal 0 -1 0
    outer loop
      vertex 46.1 105.039 27.0534
      vertex 51.8772 105.039 28.104
      vertex 14.48 105.039 30.5797
    endloop
  endfacet
  facet normal 0 -1 0
    outer loop
      vertex 51.8772 105.039 28.104
      vertex 46.1 105.039 27.0534
      vertex 51.544 105.039 28.0199
    endloop
  endfacet
  facet normal 0 -1 0
    outer loop
      vertex 51.544 105.039 28.0199
      vertex 46.1 105.039 27.0534
      vertex 51.2206 105.039 27.9034
    endloop
  endfacet
  facet normal 0 -1 0
    outer loop
      vertex 51.2206 105.039 27.9034
      vertex 46.1 105.039 27.0534
      vertex 50.9101 105.039 27.7554
    endloop
  endfacet
  facet normal 0 -1 0
    outer loop
      vertex 50.9101 105.039 27.7554
      vertex 46.1 105.039 27.0534
      vertex 50.6155 105.039 27.5775
    endloop
  endfacet
  facet normal 0 -1 0
    outer loop
      vertex 50.6155 105.039 27.5775
      vertex 46.1 105.039 27.0534
      vertex 50.3396 105.039 27.3714
    endloop
  endfacet
  facet normal 0 -1 0
    outer loop
      vertex 50.3396 105.039 27.3714
      vertex 46.1 105.039 27.0534
      vertex 50.0851 105.039 27.139
    endloop
  endfacet
  facet normal 0 -1 0
    outer loop
      vertex 14.48 105.039 23.7466
      vertex 46.1 105.039 27.0534
      vertex 14.48 105.039 30.5797
    endloop
  endfacet
  facet normal 0 -1 -0
    outer loop
      vertex 46.1 105.039 27.0534
      vertex 14.48 105.039 23.7466
      vertex 46.1 105.039 22.0159
    endloop
  endfacet
  facet normal 0 -1 0
    outer loop
      vertex 14.48 105.039 30.5797
      vertex 4.8 105.039 32.1011
      vertex 4.8 105.039 30.5797
    endloop
  endfacet
  facet normal 0 -1 0
    outer loop
      vertex 52.56 105.039 28.1718
      vertex 4.8 105.039 32.1011
      vertex 14.48 105.039 30.5797
    endloop
  endfacet
  facet normal 0 -1 0
    outer loop
      vertex 4.8 105.039 32.1011
      vertex 52.56 105.039 28.1718
      vertex 105.6 105.039 32.1011
    endloop
  endfacet
  facet normal 0 -1 -0
    outer loop
      vertex 105.6 105.039 32.1011
      vertex 95.92 105.039 30.5797
      vertex 105.6 105.039 30.5797
    endloop
  endfacet
  facet normal 0 -1 0
    outer loop
      vertex 105.6 105.039 32.1011
      vertex 58.06 105.039 28.1718
      vertex 95.92 105.039 30.5797
    endloop
  endfacet
  facet normal 0 -1 0
    outer loop
      vertex 58.4031 105.039 28.1548
      vertex 95.92 105.039 30.5797
      vertex 58.06 105.039 28.1718
    endloop
  endfacet
  facet normal 0 -1 0
    outer loop
      vertex 58.7428 105.039 28.104
      vertex 95.92 105.039 30.5797
      vertex 58.4031 105.039 28.1548
    endloop
  endfacet
  facet normal 0 -1 0
    outer loop
      vertex 64.5 105.039 27.0534
      vertex 58.7428 105.039 28.104
      vertex 59.076 105.039 28.0199
    endloop
  endfacet
  facet normal 0 -1 0
    outer loop
      vertex 64.5 105.039 27.0534
      vertex 59.076 105.039 28.0199
      vertex 59.3994 105.039 27.9034
    endloop
  endfacet
  facet normal 0 -1 0
    outer loop
      vertex 64.5 105.039 27.0534
      vertex 59.3994 105.039 27.9034
      vertex 59.7099 105.039 27.7554
    endloop
  endfacet
  facet normal 0 -1 0
    outer loop
      vertex 64.5 105.039 27.0534
      vertex 59.7099 105.039 27.7554
      vertex 60.0045 105.039 27.5775
    endloop
  endfacet
  facet normal 0 -1 0
    outer loop
      vertex 64.5 105.039 27.0534
      vertex 60.0045 105.039 27.5775
      vertex 60.2804 105.039 27.3714
    endloop
  endfacet
  facet normal 0 -1 0
    outer loop
      vertex 64.5 105.039 27.0534
      vertex 60.2804 105.039 27.3714
      vertex 60.5349 105.039 27.139
    endloop
  endfacet
  facet normal 0 -1 0
    outer loop
      vertex 64.5 105.039 27.0534
      vertex 60.5349 105.039 27.139
      vertex 60.6118 105.039 27.0534
    endloop
  endfacet
  facet normal 0 -1 0
    outer loop
      vertex 58.7428 105.039 28.104
      vertex 64.5 105.039 27.0534
      vertex 95.92 105.039 30.5797
    endloop
  endfacet
  facet normal 0 -1 0
    outer loop
      vertex 64.5 105.039 27.0534
      vertex 95.92 105.039 23.7466
      vertex 95.92 105.039 30.5797
    endloop
  endfacet
  facet normal 0 -1 0
    outer loop
      vertex 64.5 105.039 22.0159
      vertex 95.92 105.039 23.7466
      vertex 64.5 105.039 27.0534
    endloop
  endfacet
  facet normal 0 -1 0
    outer loop
      vertex 105.2 105.039 20.5046
      vertex 95.92 105.039 23.7466
      vertex 64.5 105.039 22.0159
    endloop
  endfacet
  facet normal 0 -1 0
    outer loop
      vertex 95.92 105.039 23.7466
      vertex 105.2 105.039 20.5046
      vertex 105.2 105.039 23.7466
    endloop
  endfacet
  facet normal 0 -1 0
    outer loop
      vertex 105.2 105.039 20.5046
      vertex 64.5 105.039 22.0159
      vertex 5.2 105.039 20.5046
    endloop
  endfacet
  facet normal 0 -1 0
    outer loop
      vertex 50.0851 105.039 27.139
      vertex 46.1 105.039 27.0534
      vertex 50.0082 105.039 27.0534
    endloop
  endfacet
  facet normal 0 1 -0
    outer loop
      vertex 105.6 4.8 7.18937
      vertex 95.67 4.8 8.19688
      vertex 105.6 4.8 8.19688
    endloop
  endfacet
  facet normal 0 1 0
    outer loop
      vertex 95.67 4.8 8.19688
      vertex 105.6 4.8 7.18937
      vertex 14.73 4.8 8.19688
    endloop
  endfacet
  facet normal 0 1 0
    outer loop
      vertex 4.8 4.8 7.18937
      vertex 14.73 4.8 8.19688
      vertex 105.6 4.8 7.18937
    endloop
  endfacet
  facet normal 0 1 0
    outer loop
      vertex 14.73 4.8 8.19688
      vertex 4.8 4.8 7.18937
      vertex 4.8 4.8 8.19688
    endloop
  endfacet
  facet normal 0 1 -0
    outer loop
      vertex 95.67 4.8 8.19688
      vertex 14.73 4.8 18.272
      vertex 95.67 4.8 18.272
    endloop
  endfacet
  facet normal 0 1 0
    outer loop
      vertex 14.73 4.8 18.272
      vertex 95.67 4.8 8.19688
      vertex 14.73 4.8 8.19688
    endloop
  endfacet
  facet normal 0 1 0
    outer loop
      vertex 95.67 4.8 18.272
      vertex 105.6 4.8 19.7933
      vertex 105.6 4.8 18.272
    endloop
  endfacet
  facet normal 0 1 0
    outer loop
      vertex 105.6 4.8 19.7933
      vertex 95.67 4.8 18.272
      vertex 4.8 4.8 19.7933
    endloop
  endfacet
  facet normal 0 1 -0
    outer loop
      vertex 14.73 4.8 18.272
      vertex 4.8 4.8 19.7933
      vertex 95.67 4.8 18.272
    endloop
  endfacet
  facet normal 0 1 0
    outer loop
      vertex 4.8 4.8 19.7933
      vertex 14.73 4.8 18.272
      vertex 4.8 4.8 18.272
    endloop
  endfacet
  facet normal 7.4244e-07 -0.121869 0.992546
    outer loop
      vertex 100.169 13.6144 8.27164
      vertex 105.6 4.8 7.18937
      vertex 105.6 105.039 19.4971
    endloop
  endfacet
  facet normal 1.70797e-05 -0.121857 0.992548
    outer loop
      vertex 105.6 4.8 7.18937
      vertex 100.678 11.9467 8.06687
      vertex 100.7 11.5089 8.01312
    endloop
  endfacet
  facet normal -3.73391e-06 -0.121871 0.992546
    outer loop
      vertex 105.6 4.8 7.18937
      vertex 100.614 12.3803 8.12011
      vertex 100.678 11.9467 8.06687
    endloop
  endfacet
  facet normal 4.49898e-05 -0.12184 0.99255
    outer loop
      vertex 105.6 4.8 7.18937
      vertex 100.506 12.8055 8.17231
      vertex 100.614 12.3803 8.12011
    endloop
  endfacet
  facet normal -8.47797e-05 -0.121921 0.99254
    outer loop
      vertex 105.6 4.8 7.18937
      vertex 100.357 13.2181 8.22298
      vertex 100.506 12.8055 8.17231
    endloop
  endfacet
  facet normal -1.02281e-05 -0.121875 0.992545
    outer loop
      vertex 105.6 4.8 7.18937
      vertex 100.169 13.6144 8.27164
      vertex 100.357 13.2181 8.22298
    endloop
  endfacet
  facet normal 2.21329e-05 -0.12187 0.992546
    outer loop
      vertex 105.6 105.039 19.4971
      vertex 99.9416 13.9903 8.3178
      vertex 100.169 13.6144 8.27164
    endloop
  endfacet
  facet normal -7.50625e-06 -0.121868 0.992546
    outer loop
      vertex 105.6 105.039 19.4971
      vertex 99.6785 14.3424 8.36103
      vertex 99.9416 13.9903 8.3178
    endloop
  endfacet
  facet normal -3.17621e-05 -0.121867 0.992546
    outer loop
      vertex 105.6 105.039 19.4971
      vertex 99.382 14.6672 8.4009
      vertex 99.6785 14.3424 8.36103
    endloop
  endfacet
  facet normal 4.2007e-05 -0.121872 0.992546
    outer loop
      vertex 105.6 105.039 19.4971
      vertex 99.0548 14.9615 8.43705
      vertex 99.382 14.6672 8.4009
    endloop
  endfacet
  facet normal -2.34482e-05 -0.121867 0.992546
    outer loop
      vertex 105.6 105.039 19.4971
      vertex 98.7001 15.2226 8.4691
      vertex 99.0548 14.9615 8.43705
    endloop
  endfacet
  facet normal -1.37094e-05 -0.121868 0.992546
    outer loop
      vertex 105.6 105.039 19.4971
      vertex 98.3213 15.448 8.49677
      vertex 98.7001 15.2226 8.4691
    endloop
  endfacet
  facet normal 7.23597e-07 -0.121869 0.992546
    outer loop
      vertex 105.6 105.039 19.4971
      vertex 97.9221 15.6354 8.51978
      vertex 98.3213 15.448 8.49677
    endloop
  endfacet
  facet normal 1.64487e-05 -0.12187 0.992546
    outer loop
      vertex 105.6 105.039 19.4971
      vertex 97.5063 15.783 8.53791
      vertex 97.9221 15.6354 8.51978
    endloop
  endfacet
  facet normal 7.9899e-06 -0.121869 0.992546
    outer loop
      vertex 105.6 105.039 19.4971
      vertex 97.0779 15.8895 8.55099
      vertex 97.5063 15.783 8.53791
    endloop
  endfacet
  facet normal -1.62981e-05 -0.121867 0.992546
    outer loop
      vertex 105.6 105.039 19.4971
      vertex 96.6411 15.9539 8.55889
      vertex 97.0779 15.8895 8.55099
    endloop
  endfacet
  facet normal 4.86985e-07 -0.121869 0.992546
    outer loop
      vertex 59.5062 48.5371 12.5596
      vertex 96.6411 15.9539 8.55889
      vertex 105.6 105.039 19.4971
    endloop
  endfacet
  facet normal 2.0899e-05 -0.121846 0.992549
    outer loop
      vertex 59.6135 48.1119 12.5074
      vertex 96.6411 15.9539 8.55889
      vertex 59.5062 48.5371 12.5596
    endloop
  endfacet
  facet normal 3.08021e-07 -0.121869 0.992546
    outer loop
      vertex 96.6411 15.9539 8.55889
      vertex 59.6135 48.1119 12.5074
      vertex 96.2 15.9754 8.56153
    endloop
  endfacet
  facet normal 6.28799e-05 -0.121799 0.992555
    outer loop
      vertex 59.6783 47.6784 12.4542
      vertex 96.2 15.9754 8.56153
      vertex 59.6135 48.1119 12.5074
    endloop
  endfacet
  facet normal -2.36218e-07 -0.121871 0.992546
    outer loop
      vertex 96.2 15.9754 8.56153
      vertex 59.6783 47.6784 12.4542
      vertex 95.7589 15.9539 8.55889
    endloop
  endfacet
  facet normal -9.2724e-05 -0.121974 0.992533
    outer loop
      vertex 59.7 47.2406 12.4004
      vertex 95.7589 15.9539 8.55889
      vertex 59.6783 47.6784 12.4542
    endloop
  endfacet
  facet normal 0.000104748 -0.121751 0.992561
    outer loop
      vertex 59.6783 46.8028 12.3467
      vertex 95.3221 15.8895 8.55099
      vertex 59.7 47.2406 12.4004
    endloop
  endfacet
  facet normal -5.99098e-06 -0.121877 0.992545
    outer loop
      vertex 95.3221 15.8895 8.55099
      vertex 59.6783 46.8028 12.3467
      vertex 94.8937 15.783 8.53791
    endloop
  endfacet
  facet normal -0.000107068 -0.12199 0.992531
    outer loop
      vertex 59.6135 46.3692 12.2934
      vertex 94.8937 15.783 8.53791
      vertex 59.6783 46.8028 12.3467
    endloop
  endfacet
  facet normal -1.20424e-05 -0.121882 0.992545
    outer loop
      vertex 94.8937 15.783 8.53791
      vertex 59.6135 46.3692 12.2934
      vertex 94.4779 15.6354 8.51978
    endloop
  endfacet
  facet normal 1.30826e-05 -0.121854 0.992548
    outer loop
      vertex 59.5062 45.944 12.2412
      vertex 94.4779 15.6354 8.51978
      vertex 59.6135 46.3692 12.2934
    endloop
  endfacet
  facet normal -3.60667e-07 -0.121869 0.992546
    outer loop
      vertex 94.4779 15.6354 8.51978
      vertex 59.5062 45.944 12.2412
      vertex 94.0787 15.448 8.49677
    endloop
  endfacet
  facet normal -4.33347e-05 -0.121917 0.99254
    outer loop
      vertex 59.3575 45.5313 12.1905
      vertex 94.0787 15.448 8.49677
      vertex 59.5062 45.944 12.2412
    endloop
  endfacet
  facet normal 8.35643e-06 -0.121859 0.992547
    outer loop
      vertex 94.0787 15.448 8.49677
      vertex 59.3575 45.5313 12.1905
      vertex 93.6999 15.2226 8.4691
    endloop
  endfacet
  facet normal 7.26949e-05 -0.121787 0.992556
    outer loop
      vertex 59.1686 45.1351 12.1419
      vertex 93.6999 15.2226 8.4691
      vertex 59.3575 45.5313 12.1905
    endloop
  endfacet
  facet normal 1.37788e-05 -0.121854 0.992548
    outer loop
      vertex 93.6999 15.2226 8.4691
      vertex 59.1686 45.1351 12.1419
      vertex 93.3452 14.9615 8.43705
    endloop
  endfacet
  facet normal 1.54e-05 -0.121852 0.992548
    outer loop
      vertex 93.018 14.6672 8.4009
      vertex 58.6785 44.4071 12.0525
      vertex 92.7215 14.3424 8.36103
    endloop
  endfacet
  facet normal -5.02179e-05 -0.121925 0.992539
    outer loop
      vertex 58.9416 44.7591 12.0957
      vertex 93.3452 14.9615 8.43705
      vertex 59.1686 45.1351 12.1419
    endloop
  endfacet
  facet normal 2.98841e-05 -0.121835 0.99255
    outer loop
      vertex 58.6785 44.4071 12.0525
      vertex 93.018 14.6672 8.4009
      vertex 58.9416 44.7591 12.0957
    endloop
  endfacet
  facet normal -2.21007e-05 -0.121893 0.992543
    outer loop
      vertex 93.3452 14.9615 8.43705
      vertex 58.9416 44.7591 12.0957
      vertex 93.018 14.6672 8.4009
    endloop
  endfacet
  facet normal 1.41737e-05 -0.121853 0.992548
    outer loop
      vertex 95.7589 15.9539 8.55889
      vertex 59.7 47.2406 12.4004
      vertex 95.3221 15.8895 8.55099
    endloop
  endfacet
  facet normal 5.57377e-05 -0.121913 0.992541
    outer loop
      vertex 105.6 105.039 19.4971
      vertex 59.3575 48.9498 12.6103
      vertex 59.5062 48.5371 12.5596
    endloop
  endfacet
  facet normal -8.97608e-05 -0.121795 0.992555
    outer loop
      vertex 105.6 105.039 19.4971
      vertex 59.1686 49.346 12.6589
      vertex 59.3575 48.9498 12.6103
    endloop
  endfacet
  facet normal 6.11144e-05 -0.121919 0.99254
    outer loop
      vertex 105.6 105.039 19.4971
      vertex 58.9416 49.722 12.7051
      vertex 59.1686 49.346 12.6589
    endloop
  endfacet
  facet normal -5.66654e-05 -0.121821 0.992552
    outer loop
      vertex 105.6 105.039 19.4971
      vertex 58.6785 50.0741 12.7483
      vertex 58.9416 49.722 12.7051
    endloop
  endfacet
  facet normal 5.55297e-05 -0.121915 0.992541
    outer loop
      vertex 105.6 105.039 19.4971
      vertex 58.382 50.3988 12.7882
      vertex 58.6785 50.0741 12.7483
    endloop
  endfacet
  facet normal -8.08598e-05 -0.121799 0.992555
    outer loop
      vertex 105.6 105.039 19.4971
      vertex 58.0548 50.6932 12.8243
      vertex 58.382 50.3988 12.7882
    endloop
  endfacet
  facet normal 6.99088e-05 -0.121929 0.992539
    outer loop
      vertex 105.6 105.039 19.4971
      vertex 57.7001 50.9543 12.8564
      vertex 58.0548 50.6932 12.8243
    endloop
  endfacet
  facet normal 6.33517e-05 -0.121923 0.99254
    outer loop
      vertex 105.6 105.039 19.4971
      vertex 57.3213 51.1796 12.8841
      vertex 57.7001 50.9543 12.8564
    endloop
  endfacet
  facet normal -1.65706e-05 -0.121853 0.992548
    outer loop
      vertex 105.6 105.039 19.4971
      vertex 56.9221 51.367 12.9071
      vertex 57.3213 51.1796 12.8841
    endloop
  endfacet
  facet normal -6.32335e-05 -0.121811 0.992553
    outer loop
      vertex 105.6 105.039 19.4971
      vertex 56.5063 51.5147 12.9252
      vertex 56.9221 51.367 12.9071
    endloop
  endfacet
  facet normal 4.44478e-05 -0.121908 0.992541
    outer loop
      vertex 105.6 105.039 19.4971
      vertex 56.0779 51.6212 12.9383
      vertex 56.5063 51.5147 12.9252
    endloop
  endfacet
  facet normal 1.00979e-05 -0.121877 0.992545
    outer loop
      vertex 105.6 105.039 19.4971
      vertex 55.6411 51.6855 12.9462
      vertex 56.0779 51.6212 12.9383
    endloop
  endfacet
  facet normal -8.57201e-05 -0.121789 0.992556
    outer loop
      vertex 105.6 105.039 19.4971
      vertex 55.2 51.707 12.9488
      vertex 55.6411 51.6855 12.9462
    endloop
  endfacet
  facet normal 1.24341e-07 -0.121869 0.992546
    outer loop
      vertex 13.9416 74.5357 15.7518
      vertex 55.2 51.707 12.9488
      vertex 105.6 105.039 19.4971
    endloop
  endfacet
  facet normal 0.000146511 -0.121608 0.992578
    outer loop
      vertex 14.1686 74.1597 15.7057
      vertex 55.2 51.707 12.9488
      vertex 13.9416 74.5357 15.7518
    endloop
  endfacet
  facet normal 8.24828e-05 -0.121723 0.992564
    outer loop
      vertex 55.2 51.707 12.9488
      vertex 14.1686 74.1597 15.7057
      vertex 54.7589 51.6855 12.9462
    endloop
  endfacet
  facet normal -9.89162e-05 -0.122046 0.992524
    outer loop
      vertex 14.3575 73.7635 15.657
      vertex 54.7589 51.6855 12.9462
      vertex 14.1686 74.1597 15.7057
    endloop
  endfacet
  facet normal -9.06155e-06 -0.121884 0.992544
    outer loop
      vertex 54.7589 51.6855 12.9462
      vertex 14.3575 73.7635 15.657
      vertex 54.3221 51.6212 12.9383
    endloop
  endfacet
  facet normal -4.56478e-05 -0.121949 0.992536
    outer loop
      vertex 14.5062 73.3508 15.6063
      vertex 54.3221 51.6212 12.9383
      vertex 14.3575 73.7635 15.657
    endloop
  endfacet
  facet normal -3.77812e-05 -0.121935 0.992538
    outer loop
      vertex 54.3221 51.6212 12.9383
      vertex 14.5062 73.3508 15.6063
      vertex 53.8937 51.5147 12.9252
    endloop
  endfacet
  facet normal 5.07095e-05 -0.121776 0.992558
    outer loop
      vertex 53.8937 51.5147 12.9252
      vertex 14.6135 72.9256 15.5541
      vertex 53.4779 51.367 12.9071
    endloop
  endfacet
  facet normal -3.63773e-05 -0.121934 0.992538
    outer loop
      vertex 51.4584 49.722 12.7051
      vertex 14.1686 69.9488 15.1886
      vertex 51.2314 49.346 12.6589
    endloop
  endfacet
  facet normal -5.77776e-05 -0.121972 0.992533
    outer loop
      vertex 14.1686 69.9488 15.1886
      vertex 51.4584 49.722 12.7051
      vertex 14.3575 70.345 15.2373
    endloop
  endfacet
  facet normal 3.61835e-05 -0.121806 0.992554
    outer loop
      vertex 51.7215 50.0741 12.7483
      vertex 14.3575 70.345 15.2373
      vertex 51.4584 49.722 12.7051
    endloop
  endfacet
  facet normal -2.82308e-05 -0.121923 0.99254
    outer loop
      vertex 14.3575 70.345 15.2373
      vertex 51.7215 50.0741 12.7483
      vertex 14.5062 70.7577 15.288
    endloop
  endfacet
  facet normal -3.46011e-05 -0.121934 0.992538
    outer loop
      vertex 52.018 50.3988 12.7882
      vertex 14.5062 70.7577 15.288
      vertex 51.7215 50.0741 12.7483
    endloop
  endfacet
  facet normal 9.87265e-06 -0.121853 0.992548
    outer loop
      vertex 14.5062 70.7577 15.288
      vertex 52.018 50.3988 12.7882
      vertex 14.6135 71.1829 15.3402
    endloop
  endfacet
  facet normal 5.58782e-05 -0.121772 0.992558
    outer loop
      vertex 52.3452 50.6932 12.8243
      vertex 14.6135 71.1829 15.3402
      vertex 52.018 50.3988 12.7882
    endloop
  endfacet
  facet normal 3.31485e-05 -0.121813 0.992553
    outer loop
      vertex 14.6135 71.1829 15.3402
      vertex 52.3452 50.6932 12.8243
      vertex 14.6783 71.6164 15.3934
    endloop
  endfacet
  facet normal 5.27716e-05 -0.121773 0.992558
    outer loop
      vertex 14.6783 72.492 15.5009
      vertex 53.4779 51.367 12.9071
      vertex 14.6135 72.9256 15.5541
    endloop
  endfacet
  facet normal -4.84704e-05 -0.121958 0.992535
    outer loop
      vertex 52.6999 50.9543 12.8564
      vertex 14.6783 71.6164 15.3934
      vertex 52.3452 50.6932 12.8243
    endloop
  endfacet
  facet normal 6.64155e-05 -0.12175 0.992561
    outer loop
      vertex 14.6783 71.6164 15.3934
      vertex 52.6999 50.9543 12.8564
      vertex 14.7 72.0542 15.4471
    endloop
  endfacet
  facet normal -4.69179e-05 -0.121951 0.992536
    outer loop
      vertex 53.0787 51.1796 12.8841
      vertex 14.7 72.0542 15.4471
      vertex 52.6999 50.9543 12.8564
    endloop
  endfacet
  facet normal -5.90133e-05 -0.121973 0.992533
    outer loop
      vertex 14.7 72.0542 15.4471
      vertex 53.0787 51.1796 12.8841
      vertex 14.6783 72.492 15.5009
    endloop
  endfacet
  facet normal 1.28378e-05 -0.121845 0.992549
    outer loop
      vertex 53.4779 51.367 12.9071
      vertex 14.6783 72.492 15.5009
      vertex 53.0787 51.1796 12.8841
    endloop
  endfacet
  facet normal 1.09766e-05 -0.121848 0.992549
    outer loop
      vertex 14.6135 72.9256 15.5541
      vertex 53.8937 51.5147 12.9252
      vertex 14.5062 73.3508 15.6063
    endloop
  endfacet
  facet normal 0 -0.121868 0.992546
    outer loop
      vertex 4.8 105.039 19.4971
      vertex 13.9416 74.5357 15.7518
      vertex 105.6 105.039 19.4971
    endloop
  endfacet
  facet normal 0.000505264 -0.121719 0.992564
    outer loop
      vertex 13.9416 74.5357 15.7518
      vertex 4.8 105.039 19.4971
      vertex 13.6785 74.8877 15.7951
    endloop
  endfacet
  facet normal -0.000391344 -0.121979 0.992533
    outer loop
      vertex 13.6785 74.8877 15.7951
      vertex 4.8 105.039 19.4971
      vertex 13.382 75.2125 15.8349
    endloop
  endfacet
  facet normal 0.000265353 -0.121793 0.992555
    outer loop
      vertex 13.382 75.2125 15.8349
      vertex 4.8 105.039 19.4971
      vertex 13.0548 75.5068 15.8711
    endloop
  endfacet
  facet normal -0.000248262 -0.121934 0.992538
    outer loop
      vertex 13.0548 75.5068 15.8711
      vertex 4.8 105.039 19.4971
      vertex 12.7001 75.768 15.9031
    endloop
  endfacet
  facet normal 0.000115005 -0.121838 0.99255
    outer loop
      vertex 12.7001 75.768 15.9031
      vertex 4.8 105.039 19.4971
      vertex 12.3213 75.9933 15.9308
    endloop
  endfacet
  facet normal -2.66535e-05 -0.121874 0.992546
    outer loop
      vertex 12.3213 75.9933 15.9308
      vertex 4.8 105.039 19.4971
      vertex 11.9221 76.1807 15.9538
    endloop
  endfacet
  facet normal -9.15882e-05 -0.12189 0.992544
    outer loop
      vertex 11.9221 76.1807 15.9538
      vertex 4.8 105.039 19.4971
      vertex 11.5063 76.3284 15.9719
    endloop
  endfacet
  facet normal 5.78339e-05 -0.121855 0.992548
    outer loop
      vertex 11.5063 76.3284 15.9719
      vertex 4.8 105.039 19.4971
      vertex 11.0779 76.4349 15.985
    endloop
  endfacet
  facet normal 1.18509e-05 -0.121865 0.992547
    outer loop
      vertex 11.0779 76.4349 15.985
      vertex 4.8 105.039 19.4971
      vertex 10.6411 76.4992 15.9929
    endloop
  endfacet
  facet normal 0.000136751 -0.12184 0.99255
    outer loop
      vertex 10.6411 76.4992 15.9929
      vertex 4.8 105.039 19.4971
      vertex 10.2 76.5207 15.9956
    endloop
  endfacet
  facet normal -0.000134255 -0.121891 0.992544
    outer loop
      vertex 10.2 76.5207 15.9956
      vertex 4.8 105.039 19.4971
      vertex 9.75892 76.4992 15.9929
    endloop
  endfacet
  facet normal -1.12064e-05 -0.12187 0.992546
    outer loop
      vertex 9.75892 76.4992 15.9929
      vertex 4.8 105.039 19.4971
      vertex 9.32209 76.4349 15.985
    endloop
  endfacet
  facet normal -0.00133578 -0.121904 0.992541
    outer loop
      vertex 5.72167 72.492 15.5009
      vertex 4.8 105.039 19.4971
      vertex 5.7 72.0542 15.4471
    endloop
  endfacet
  facet normal 0.000495316 -0.121853 0.992548
    outer loop
      vertex 5.78647 72.9256 15.5541
      vertex 4.8 105.039 19.4971
      vertex 5.72167 72.492 15.5009
    endloop
  endfacet
  facet normal 6.26874e-05 -0.121867 0.992546
    outer loop
      vertex 5.89377 73.3508 15.6063
      vertex 4.8 105.039 19.4971
      vertex 5.78647 72.9256 15.5541
    endloop
  endfacet
  facet normal -0.00016497 -0.121874 0.992546
    outer loop
      vertex 6.04254 73.7635 15.657
      vertex 4.8 105.039 19.4971
      vertex 5.89377 73.3508 15.6063
    endloop
  endfacet
  facet normal -0.000258977 -0.121878 0.992545
    outer loop
      vertex 6.23135 74.1597 15.7057
      vertex 4.8 105.039 19.4971
      vertex 6.04254 73.7635 15.657
    endloop
  endfacet
  facet normal 0.000266993 -0.121854 0.992548
    outer loop
      vertex 6.45839 74.5357 15.7518
      vertex 4.8 105.039 19.4971
      vertex 6.23135 74.1597 15.7057
    endloop
  endfacet
  facet normal -0.000282186 -0.121883 0.992544
    outer loop
      vertex 6.72145 74.8877 15.7951
      vertex 4.8 105.039 19.4971
      vertex 6.45839 74.5357 15.7518
    endloop
  endfacet
  facet normal 0.000247758 -0.12185 0.992548
    outer loop
      vertex 7.01802 75.2125 15.8349
      vertex 4.8 105.039 19.4971
      vertex 6.72145 74.8877 15.7951
    endloop
  endfacet
  facet normal -0.000184342 -0.121882 0.992545
    outer loop
      vertex 7.34523 75.5068 15.8711
      vertex 4.8 105.039 19.4971
      vertex 7.01802 75.2125 15.8349
    endloop
  endfacet
  facet normal 0.000185396 -0.12185 0.992548
    outer loop
      vertex 7.69993 75.768 15.9031
      vertex 4.8 105.039 19.4971
      vertex 7.34523 75.5068 15.8711
    endloop
  endfacet
  facet normal -9.11757e-05 -0.121877 0.992545
    outer loop
      vertex 8.07871 75.9933 15.9308
      vertex 4.8 105.039 19.4971
      vertex 7.69993 75.768 15.9031
    endloop
  endfacet
  facet normal 2.22348e-05 -0.121865 0.992547
    outer loop
      vertex 8.47792 76.1807 15.9538
      vertex 4.8 105.039 19.4971
      vertex 8.07871 75.9933 15.9308
    endloop
  endfacet
  facet normal 7.99403e-05 -0.121857 0.992548
    outer loop
      vertex 8.89372 76.3284 15.9719
      vertex 4.8 105.039 19.4971
      vertex 8.47792 76.1807 15.9538
    endloop
  endfacet
  facet normal -5.26142e-05 -0.121876 0.992545
    outer loop
      vertex 9.32209 76.4349 15.985
      vertex 4.8 105.039 19.4971
      vertex 8.89372 76.3284 15.9719
    endloop
  endfacet
  facet normal -1.41617e-05 -0.12188 0.992545
    outer loop
      vertex 100.678 11.0711 7.95936
      vertex 105.6 4.8 7.18937
      vertex 100.7 11.5089 8.01312
    endloop
  endfacet
  facet normal 2.23173e-05 -0.121851 0.992548
    outer loop
      vertex 100.614 10.6375 7.90613
      vertex 105.6 4.8 7.18937
      vertex 100.678 11.0711 7.95936
    endloop
  endfacet
  facet normal -2.93067e-05 -0.121895 0.992543
    outer loop
      vertex 100.506 10.2124 7.85392
      vertex 105.6 4.8 7.18937
      vertex 100.614 10.6375 7.90613
    endloop
  endfacet
  facet normal 1.14011e-05 -0.121857 0.992548
    outer loop
      vertex 100.357 9.79967 7.80325
      vertex 105.6 4.8 7.18937
      vertex 100.506 10.2124 7.85392
    endloop
  endfacet
  facet normal 1.22594e-06 -0.121868 0.992546
    outer loop
      vertex 100.169 9.40344 7.7546
      vertex 105.6 4.8 7.18937
      vertex 100.357 9.79967 7.80325
    endloop
  endfacet
  facet normal 2.918e-06 -0.121866 0.992547
    outer loop
      vertex 99.9416 9.02748 7.70844
      vertex 105.6 4.8 7.18937
      vertex 100.169 9.40344 7.7546
    endloop
  endfacet
  facet normal -3.25361e-06 -0.121874 0.992546
    outer loop
      vertex 99.6785 8.67542 7.66521
      vertex 105.6 4.8 7.18937
      vertex 99.9416 9.02748 7.70844
    endloop
  endfacet
  facet normal -4.26226e-06 -0.121875 0.992545
    outer loop
      vertex 99.382 8.35065 7.62533
      vertex 105.6 4.8 7.18937
      vertex 99.6785 8.67542 7.66521
    endloop
  endfacet
  facet normal 2.88419e-06 -0.121863 0.992547
    outer loop
      vertex 99.0548 8.05629 7.58919
      vertex 105.6 4.8 7.18937
      vertex 99.382 8.35065 7.62533
    endloop
  endfacet
  facet normal -1.26683e-06 -0.121871 0.992546
    outer loop
      vertex 98.7001 7.79519 7.55713
      vertex 105.6 4.8 7.18937
      vertex 99.0548 8.05629 7.58919
    endloop
  endfacet
  facet normal -2.16597e-06 -0.121873 0.992546
    outer loop
      vertex 98.3213 7.56985 7.52946
      vertex 105.6 4.8 7.18937
      vertex 98.7001 7.79519 7.55713
    endloop
  endfacet
  facet normal 8.11133e-07 -0.121866 0.992547
    outer loop
      vertex 97.9221 7.38244 7.50645
      vertex 105.6 4.8 7.18937
      vertex 98.3213 7.56985 7.52946
    endloop
  endfacet
  facet normal 1.77872e-07 -0.121867 0.992546
    outer loop
      vertex 97.5063 7.23478 7.48832
      vertex 105.6 4.8 7.18937
      vertex 97.9221 7.38244 7.50645
    endloop
  endfacet
  facet normal -2.9998e-06 -0.121878 0.992545
    outer loop
      vertex 97.0779 7.12827 7.47524
      vertex 105.6 4.8 7.18937
      vertex 97.5063 7.23478 7.48832
    endloop
  endfacet
  facet normal 9.03696e-06 -0.121834 0.99255
    outer loop
      vertex 96.6411 7.06396 7.46735
      vertex 105.6 4.8 7.18937
      vertex 97.0779 7.12827 7.47524
    endloop
  endfacet
  facet normal -1.67827e-05 -0.121935 0.992538
    outer loop
      vertex 96.2 7.04245 7.4647
      vertex 105.6 4.8 7.18937
      vertex 96.6411 7.06396 7.46735
    endloop
  endfacet
  facet normal 2.54073e-05 -0.121761 0.992559
    outer loop
      vertex 95.7589 7.06396 7.46735
      vertex 105.6 4.8 7.18937
      vertex 96.2 7.04245 7.4647
    endloop
  endfacet
  facet normal -3.97254e-05 -0.12204 0.992525
    outer loop
      vertex 95.3221 7.12827 7.47524
      vertex 105.6 4.8 7.18937
      vertex 95.7589 7.06396 7.46735
    endloop
  endfacet
  facet normal -2.94251e-05 -0.121902 0.992542
    outer loop
      vertex 58.382 44.0823 12.0126
      vertex 92.7215 14.3424 8.36103
      vertex 58.6785 44.4071 12.0525
    endloop
  endfacet
  facet normal 3.08596e-06 -0.121865 0.992547
    outer loop
      vertex 92.7215 14.3424 8.36103
      vertex 58.382 44.0823 12.0126
      vertex 92.4584 13.9903 8.3178
    endloop
  endfacet
  facet normal 5.28588e-05 -0.121809 0.992554
    outer loop
      vertex 58.0548 43.788 11.9765
      vertex 92.4584 13.9903 8.3178
      vertex 58.382 44.0823 12.0126
    endloop
  endfacet
  facet normal -7.88648e-06 -0.121878 0.992545
    outer loop
      vertex 92.4584 13.9903 8.3178
      vertex 58.0548 43.788 11.9765
      vertex 92.2314 13.6144 8.27164
    endloop
  endfacet
  facet normal -4.36429e-05 -0.121918 0.99254
    outer loop
      vertex 57.7001 43.5268 11.9444
      vertex 92.2314 13.6144 8.27164
      vertex 58.0548 43.788 11.9765
    endloop
  endfacet
  facet normal -1.15993e-06 -0.12187 0.992546
    outer loop
      vertex 92.2314 13.6144 8.27164
      vertex 57.7001 43.5268 11.9444
      vertex 92.0425 13.2181 8.22298
    endloop
  endfacet
  facet normal 9.8945e-05 -0.121758 0.99256
    outer loop
      vertex 57.3213 43.3015 11.9168
      vertex 92.0425 13.2181 8.22298
      vertex 57.7001 43.5268 11.9444
    endloop
  endfacet
  facet normal -1.35025e-05 -0.121886 0.992544
    outer loop
      vertex 92.0425 13.2181 8.22298
      vertex 57.3213 43.3015 11.9168
      vertex 91.8938 12.8055 8.17231
    endloop
  endfacet
  facet normal -0.000145805 -0.122034 0.992526
    outer loop
      vertex 56.9221 43.1141 11.8937
      vertex 91.8938 12.8055 8.17231
      vertex 57.3213 43.3015 11.9168
    endloop
  endfacet
  facet normal 1.2384e-05 -0.121854 0.992548
    outer loop
      vertex 91.8938 12.8055 8.17231
      vertex 56.9221 43.1141 11.8937
      vertex 91.7865 12.3803 8.12011
    endloop
  endfacet
  facet normal 5.965e-05 -0.121801 0.992555
    outer loop
      vertex 56.5063 42.9664 11.8756
      vertex 91.7865 12.3803 8.12011
      vertex 56.9221 43.1141 11.8937
    endloop
  endfacet
  facet normal -1.34986e-06 -0.121871 0.992546
    outer loop
      vertex 91.7865 12.3803 8.12011
      vertex 56.5063 42.9664 11.8756
      vertex 91.7217 11.9467 8.06687
    endloop
  endfacet
  facet normal -4.2425e-05 -0.121916 0.99254
    outer loop
      vertex 56.0779 42.8599 11.8625
      vertex 91.7217 11.9467 8.06687
      vertex 56.5063 42.9664 11.8756
    endloop
  endfacet
  facet normal 8.67881e-06 -0.121858 0.992547
    outer loop
      vertex 91.7217 11.9467 8.06687
      vertex 56.0779 42.8599 11.8625
      vertex 91.7 11.5089 8.01312
    endloop
  endfacet
  facet normal -9.79628e-06 -0.121879 0.992545
    outer loop
      vertex 55.6411 42.7956 11.8546
      vertex 91.7 11.5089 8.01312
      vertex 56.0779 42.8599 11.8625
    endloop
  endfacet
  facet normal -1.13689e-05 -0.121881 0.992545
    outer loop
      vertex 91.7 11.5089 8.01312
      vertex 55.6411 42.7956 11.8546
      vertex 91.7217 11.0711 7.95936
    endloop
  endfacet
  facet normal 8.49427e-05 -0.121773 0.992558
    outer loop
      vertex 55.2 42.7741 11.852
      vertex 91.7217 11.0711 7.95936
      vertex 55.6411 42.7956 11.8546
    endloop
  endfacet
  facet normal 2.14632e-05 -0.121845 0.992549
    outer loop
      vertex 91.7217 11.0711 7.95936
      vertex 55.2 42.7741 11.852
      vertex 91.7865 10.6375 7.90613
    endloop
  endfacet
  facet normal -9.49656e-05 -0.121976 0.992533
    outer loop
      vertex 54.7589 42.7956 11.8546
      vertex 91.7865 10.6375 7.90613
      vertex 55.2 42.7741 11.852
    endloop
  endfacet
  facet normal -3.87494e-05 -0.121912 0.992541
    outer loop
      vertex 91.7865 10.6375 7.90613
      vertex 54.7589 42.7956 11.8546
      vertex 91.8938 10.2124 7.85392
    endloop
  endfacet
  facet normal 3.75202e-08 -0.121868 0.992546
    outer loop
      vertex 4.8 4.8 7.18937
      vertex 91.8938 10.2124 7.85392
      vertex 54.7589 42.7956 11.8546
    endloop
  endfacet
  facet normal -9.0241e-07 -0.121853 0.992548
    outer loop
      vertex 91.8938 10.2124 7.85392
      vertex 4.8 4.8 7.18937
      vertex 92.0425 9.79967 7.80325
    endloop
  endfacet
  facet normal -1.04164e-07 -0.121867 0.992546
    outer loop
      vertex 92.0425 9.79967 7.80325
      vertex 4.8 4.8 7.18937
      vertex 92.2314 9.40344 7.7546
    endloop
  endfacet
  facet normal -2.65739e-07 -0.121864 0.992547
    outer loop
      vertex 92.2314 9.40344 7.7546
      vertex 4.8 4.8 7.18937
      vertex 92.4584 9.02748 7.70844
    endloop
  endfacet
  facet normal 3.159e-07 -0.121876 0.992545
    outer loop
      vertex 92.4584 9.02748 7.70844
      vertex 4.8 4.8 7.18937
      vertex 92.7215 8.67542 7.66521
    endloop
  endfacet
  facet normal 9.56782e-06 -0.121881 0.992545
    outer loop
      vertex 4.8 4.8 7.18937
      vertex 54.7589 42.7956 11.8546
      vertex 54.3221 42.8599 11.8625
    endloop
  endfacet
  facet normal 4.40841e-07 -0.121879 0.992545
    outer loop
      vertex 92.7215 8.67542 7.66521
      vertex 4.8 4.8 7.18937
      vertex 93.018 8.35065 7.62533
    endloop
  endfacet
  facet normal 4.1228e-05 -0.121921 0.99254
    outer loop
      vertex 4.8 4.8 7.18937
      vertex 54.3221 42.8599 11.8625
      vertex 53.8937 42.9664 11.8756
    endloop
  endfacet
  facet normal -5.77111e-05 -0.121796 0.992555
    outer loop
      vertex 4.8 4.8 7.18937
      vertex 53.8937 42.9664 11.8756
      vertex 53.4779 43.1141 11.8937
    endloop
  endfacet
  facet normal 0.000140817 -0.122044 0.992525
    outer loop
      vertex 4.8 4.8 7.18937
      vertex 53.4779 43.1141 11.8937
      vertex 53.0787 43.3015 11.9168
    endloop
  endfacet
  facet normal -9.54522e-05 -0.121752 0.99256
    outer loop
      vertex 4.8 4.8 7.18937
      vertex 53.0787 43.3015 11.9168
      vertex 52.6999 43.5268 11.9444
    endloop
  endfacet
  facet normal 4.22174e-05 -0.12192 0.99254
    outer loop
      vertex 4.8 4.8 7.18937
      vertex 52.6999 43.5268 11.9444
      vertex 52.3452 43.788 11.9765
    endloop
  endfacet
  facet normal 7.34922e-05 -0.121739 0.992562
    outer loop
      vertex 13.9416 69.5728 15.1425
      vertex 51.2314 49.346 12.6589
      vertex 14.1686 69.9488 15.1886
    endloop
  endfacet
  facet normal 5.23014e-05 -0.121777 0.992557
    outer loop
      vertex 51.2314 49.346 12.6589
      vertex 13.9416 69.5728 15.1425
      vertex 51.0425 48.9498 12.6103
    endloop
  endfacet
  facet normal -7.45253e-05 -0.122002 0.99253
    outer loop
      vertex 13.6785 69.2207 15.0992
      vertex 51.0425 48.9498 12.6103
      vertex 13.9416 69.5728 15.1425
    endloop
  endfacet
  facet normal -3.04529e-05 -0.121922 0.99254
    outer loop
      vertex 51.0425 48.9498 12.6103
      vertex 13.6785 69.2207 15.0992
      vertex 50.8938 48.5371 12.5596
    endloop
  endfacet
  facet normal 7.63276e-05 -0.121733 0.992563
    outer loop
      vertex 13.382 68.896 15.0594
      vertex 50.8938 48.5371 12.5596
      vertex 13.6785 69.2207 15.0992
    endloop
  endfacet
  facet normal 9.87265e-06 -0.121853 0.992548
    outer loop
      vertex 50.8938 48.5371 12.5596
      vertex 13.382 68.896 15.0594
      vertex 50.7865 48.1119 12.5074
    endloop
  endfacet
  facet normal -5.9935e-05 -0.121977 0.992533
    outer loop
      vertex 13.0548 68.6016 15.0232
      vertex 50.7865 48.1119 12.5074
      vertex 13.382 68.896 15.0594
    endloop
  endfacet
  facet normal 3.07154e-05 -0.121813 0.992553
    outer loop
      vertex 50.7865 48.1119 12.5074
      vertex 13.0548 68.6016 15.0232
      vertex 50.7217 47.6784 12.4542
    endloop
  endfacet
  facet normal 7.03743e-05 -0.121742 0.992562
    outer loop
      vertex 12.7001 68.3405 14.9912
      vertex 50.7217 47.6784 12.4542
      vertex 13.0548 68.6016 15.0232
    endloop
  endfacet
  facet normal -5.35557e-05 -0.121967 0.992534
    outer loop
      vertex 50.7217 47.6784 12.4542
      vertex 12.7001 68.3405 14.9912
      vertex 50.7 47.2406 12.4004
    endloop
  endfacet
  facet normal -4.5567e-05 -0.121953 0.992536
    outer loop
      vertex 12.3213 68.1152 14.9635
      vertex 50.7 47.2406 12.4004
      vertex 12.7001 68.3405 14.9912
    endloop
  endfacet
  facet normal 7.03727e-05 -0.121743 0.992562
    outer loop
      vertex 50.7 47.2406 12.4004
      vertex 12.3213 68.1152 14.9635
      vertex 50.7217 46.8028 12.3467
    endloop
  endfacet
  facet normal 1.28378e-05 -0.121845 0.992549
    outer loop
      vertex 11.9221 67.9278 14.9405
      vertex 50.7217 46.8028 12.3467
      vertex 12.3213 68.1152 14.9635
    endloop
  endfacet
  facet normal -8.28992e-05 -0.122018 0.992528
    outer loop
      vertex 50.7217 46.8028 12.3467
      vertex 11.9221 67.9278 14.9405
      vertex 50.7865 46.3692 12.2934
    endloop
  endfacet
  facet normal -9.38132e-05 -0.122038 0.992525
    outer loop
      vertex 11.5063 67.7801 14.9223
      vertex 50.7865 46.3692 12.2934
      vertex 11.9221 67.9278 14.9405
    endloop
  endfacet
  facet normal 1.09766e-05 -0.121848 0.992549
    outer loop
      vertex 50.7865 46.3692 12.2934
      vertex 11.5063 67.7801 14.9223
      vertex 50.8938 45.944 12.2412
    endloop
  endfacet
  facet normal -4.10558e-07 -0.121868 0.992546
    outer loop
      vertex 4.8 4.8 7.18937
      vertex 50.8938 45.944 12.2412
      vertex 11.5063 67.7801 14.9223
    endloop
  endfacet
  facet normal 4.38437e-05 -0.121917 0.99254
    outer loop
      vertex 50.8938 45.944 12.2412
      vertex 4.8 4.8 7.18937
      vertex 51.0425 45.5313 12.1905
    endloop
  endfacet
  facet normal -7.27389e-05 -0.121787 0.992556
    outer loop
      vertex 51.0425 45.5313 12.1905
      vertex 4.8 4.8 7.18937
      vertex 51.2314 45.1351 12.1419
    endloop
  endfacet
  facet normal 4.9613e-05 -0.121926 0.992539
    outer loop
      vertex 51.2314 45.1351 12.1419
      vertex 4.8 4.8 7.18937
      vertex 51.4584 44.7591 12.0957
    endloop
  endfacet
  facet normal -2.92949e-05 -0.121835 0.99255
    outer loop
      vertex 51.4584 44.7591 12.0957
      vertex 4.8 4.8 7.18937
      vertex 51.7215 44.4071 12.0525
    endloop
  endfacet
  facet normal 2.86418e-05 -0.121903 0.992542
    outer loop
      vertex 51.7215 44.4071 12.0525
      vertex 4.8 4.8 7.18937
      vertex 52.018 44.0823 12.0126
    endloop
  endfacet
  facet normal -3.18095e-07 -0.12186 0.992547
    outer loop
      vertex 93.018 8.35065 7.62533
      vertex 4.8 4.8 7.18937
      vertex 93.3452 8.05629 7.58919
    endloop
  endfacet
  facet normal -5.1412e-05 -0.121808 0.992554
    outer loop
      vertex 52.018 44.0823 12.0126
      vertex 4.8 4.8 7.18937
      vertex 52.3452 43.788 11.9765
    endloop
  endfacet
  facet normal 0.000181975 -0.121888 0.992544
    outer loop
      vertex 4.8 4.8 7.18937
      vertex 11.5063 67.7801 14.9223
      vertex 11.0779 67.6736 14.9093
    endloop
  endfacet
  facet normal -1.13687e-05 -0.121869 0.992546
    outer loop
      vertex 4.8 4.8 7.18937
      vertex 11.0779 67.6736 14.9093
      vertex 10.6411 67.6093 14.9014
    endloop
  endfacet
  facet normal -0.000135909 -0.121857 0.992548
    outer loop
      vertex 4.8 4.8 7.18937
      vertex 10.6411 67.6093 14.9014
      vertex 10.2 67.5878 14.8987
    endloop
  endfacet
  facet normal 0.00013478 -0.12188 0.992545
    outer loop
      vertex 4.8 4.8 7.18937
      vertex 10.2 67.5878 14.8987
      vertex 9.75892 67.6093 14.9014
    endloop
  endfacet
  facet normal 1.10835e-05 -0.12187 0.992546
    outer loop
      vertex 4.8 4.8 7.18937
      vertex 9.75892 67.6093 14.9014
      vertex 9.32209 67.6736 14.9093
    endloop
  endfacet
  facet normal -0.000174353 -0.121857 0.992548
    outer loop
      vertex 4.8 4.8 7.18937
      vertex 9.32209 67.6736 14.9093
      vertex 8.89372 67.7801 14.9223
    endloop
  endfacet
  facet normal 0.000151301 -0.121878 0.992545
    outer loop
      vertex 4.8 4.8 7.18937
      vertex 8.89372 67.7801 14.9223
      vertex 8.47792 67.9278 14.9405
    endloop
  endfacet
  facet normal -2.38591e-05 -0.121868 0.992546
    outer loop
      vertex 4.8 4.8 7.18937
      vertex 8.47792 67.9278 14.9405
      vertex 8.07871 68.1152 14.9635
    endloop
  endfacet
  facet normal 9.31289e-05 -0.121874 0.992546
    outer loop
      vertex 4.8 4.8 7.18937
      vertex 8.07871 68.1152 14.9635
      vertex 7.69993 68.3405 14.9912
    endloop
  endfacet
  facet normal 0 -0.121867 0.992546
    outer loop
      vertex 95.3221 7.12827 7.47524
      vertex 4.8 4.8 7.18937
      vertex 105.6 4.8 7.18937
    endloop
  endfacet
  facet normal 5.37175e-07 -0.121888 0.992544
    outer loop
      vertex 94.8937 7.23478 7.48832
      vertex 4.8 4.8 7.18937
      vertex 95.3221 7.12827 7.47524
    endloop
  endfacet
  facet normal -2.74282e-08 -0.121867 0.992546
    outer loop
      vertex 94.4779 7.38244 7.50645
      vertex 4.8 4.8 7.18937
      vertex 94.8937 7.23478 7.48832
    endloop
  endfacet
  facet normal -1.12312e-07 -0.121864 0.992547
    outer loop
      vertex 94.0787 7.56985 7.52946
      vertex 4.8 4.8 7.18937
      vertex 94.4779 7.38244 7.50645
    endloop
  endfacet
  facet normal 2.75196e-07 -0.121876 0.992545
    outer loop
      vertex 93.6999 7.79519 7.55713
      vertex 4.8 4.8 7.18937
      vertex 94.0787 7.56985 7.52946
    endloop
  endfacet
  facet normal 1.49466e-07 -0.121873 0.992546
    outer loop
      vertex 93.3452 8.05629 7.58919
      vertex 4.8 4.8 7.18937
      vertex 93.6999 7.79519 7.55713
    endloop
  endfacet
  facet normal -0.000160282 -0.121863 0.992547
    outer loop
      vertex 7.34523 68.6016 15.0232
      vertex 4.8 4.8 7.18937
      vertex 7.69993 68.3405 14.9912
    endloop
  endfacet
  facet normal 0.000153219 -0.121875 0.992545
    outer loop
      vertex 7.01802 68.896 15.0594
      vertex 4.8 4.8 7.18937
      vertex 7.34523 68.6016 15.0232
    endloop
  endfacet
  facet normal -0.000220248 -0.121862 0.992547
    outer loop
      vertex 6.72145 69.2207 15.0992
      vertex 4.8 4.8 7.18937
      vertex 7.01802 68.896 15.0594
    endloop
  endfacet
  facet normal 0.00024585 -0.121876 0.992545
    outer loop
      vertex 6.45839 69.5728 15.1425
      vertex 4.8 4.8 7.18937
      vertex 6.72145 69.2207 15.0992
    endloop
  endfacet
  facet normal -0.000281702 -0.121863 0.992547
    outer loop
      vertex 6.23135 69.9488 15.1886
      vertex 4.8 4.8 7.18937
      vertex 6.45839 69.5728 15.1425
    endloop
  endfacet
  facet normal 0.000266238 -0.121875 0.992545
    outer loop
      vertex 6.04254 70.345 15.2373
      vertex 4.8 4.8 7.18937
      vertex 6.23135 69.9488 15.1886
    endloop
  endfacet
  facet normal 0.000169305 -0.121873 0.992546
    outer loop
      vertex 5.89377 70.7577 15.288
      vertex 4.8 4.8 7.18937
      vertex 6.04254 70.345 15.2373
    endloop
  endfacet
  facet normal -7.17908e-05 -0.121869 0.992546
    outer loop
      vertex 5.78647 71.1829 15.3402
      vertex 4.8 4.8 7.18937
      vertex 5.89377 70.7577 15.288
    endloop
  endfacet
  facet normal -0.000380822 -0.121864 0.992547
    outer loop
      vertex 5.72167 71.6164 15.3934
      vertex 4.8 4.8 7.18937
      vertex 5.78647 71.1829 15.3402
    endloop
  endfacet
  facet normal -0.00197481 -0.121842 0.992547
    outer loop
      vertex 5.7 72.0542 15.4471
      vertex 4.8 4.8 7.18937
      vertex 5.72167 71.6164 15.3934
    endloop
  endfacet
  facet normal -6.87669e-07 -0.121869 0.992546
    outer loop
      vertex 4.8 4.8 7.18937
      vertex 5.7 72.0542 15.4471
      vertex 4.8 105.039 19.4971
    endloop
  endfacet
  facet normal -0.336774 -0.934566 -0.11476
    outer loop
      vertex 8.47792 67.9278 14.9405
      vertex 8.89372 66.8661 22.3664
      vertex 8.47792 67.0137 22.3846
    endloop
  endfacet
  facet normal -0.336973 -0.934497 -0.114739
    outer loop
      vertex 8.89372 66.8661 22.3664
      vertex 8.47792 67.9278 14.9405
      vertex 8.89372 67.7801 14.9223
    endloop
  endfacet
  facet normal 0.989177 0.145635 0.0178813
    outer loop
      vertex 14.6135 72.0116 22.9982
      vertex 14.6783 72.492 15.5009
      vertex 14.6135 72.9256 15.5541
    endloop
  endfacet
  facet normal 0.989177 0.145635 0.0178813
    outer loop
      vertex 14.6783 72.492 15.5009
      vertex 14.6135 72.0116 22.9982
      vertex 14.6783 71.578 22.945
    endloop
  endfacet
  facet normal 0.998792 0.0487703 0.0059881
    outer loop
      vertex 14.6783 71.578 22.945
      vertex 14.7 72.0542 15.4471
      vertex 14.6783 72.492 15.5009
    endloop
  endfacet
  facet normal 0.998792 0.0487703 0.0059881
    outer loop
      vertex 14.7 72.0542 15.4471
      vertex 14.6783 71.578 22.945
      vertex 14.7 71.1402 22.8912
    endloop
  endfacet
  facet normal 0.970035 0.241155 0.0296094
    outer loop
      vertex 14.5062 72.4368 23.0504
      vertex 14.6135 72.9256 15.5541
      vertex 14.5062 73.3508 15.6063
    endloop
  endfacet
  facet normal 0.970035 0.241155 0.0296094
    outer loop
      vertex 14.6135 72.9256 15.5541
      vertex 14.5062 72.4368 23.0504
      vertex 14.6135 72.0116 22.9982
    endloop
  endfacet
  facet normal -0.989177 0.145635 0.0178813
    outer loop
      vertex 5.72167 72.492 15.5009
      vertex 5.78647 72.0116 22.9982
      vertex 5.78647 72.9256 15.5541
    endloop
  endfacet
  facet normal -0.989177 0.145635 0.0178813
    outer loop
      vertex 5.78647 72.0116 22.9982
      vertex 5.72167 72.492 15.5009
      vertex 5.72167 71.578 22.945
    endloop
  endfacet
  facet normal -0.242958 -0.962807 -0.118215
    outer loop
      vertex 8.89372 67.7801 14.9223
      vertex 9.32209 66.7596 22.3534
      vertex 8.89372 66.8661 22.3664
    endloop
  endfacet
  facet normal -0.242958 -0.962807 -0.118215
    outer loop
      vertex 9.32209 66.7596 22.3534
      vertex 8.89372 67.7801 14.9223
      vertex 9.32209 67.6736 14.9093
    endloop
  endfacet
  facet normal 0.336749 0.934575 0.114761
    outer loop
      vertex 11.9221 75.2667 23.3979
      vertex 11.5063 76.3284 15.9719
      vertex 11.5063 75.4143 23.416
    endloop
  endfacet
  facet normal 0.336949 0.934505 0.11474
    outer loop
      vertex 11.5063 76.3284 15.9719
      vertex 11.9221 75.2667 23.3979
      vertex 11.9221 76.1807 15.9538
    endloop
  endfacet
  facet normal -0.514209 0.851272 0.104521
    outer loop
      vertex 8.07871 75.9933 15.9308
      vertex 7.69993 74.8539 23.3472
      vertex 8.07871 75.0793 23.3749
    endloop
  endfacet
  facet normal -0.514043 0.851369 0.104544
    outer loop
      vertex 7.69993 74.8539 23.3472
      vertex 8.07871 75.9933 15.9308
      vertex 7.69993 75.768 15.9031
    endloop
  endfacet
  facet normal -0.90398 -0.424389 -0.0521072
    outer loop
      vertex 6.23135 69.9488 15.1886
      vertex 6.04254 69.431 22.6814
      vertex 6.04254 70.345 15.2373
    endloop
  endfacet
  facet normal -0.904021 -0.424302 -0.0521022
    outer loop
      vertex 6.04254 69.431 22.6814
      vertex 6.23135 69.9488 15.1886
      vertex 6.23135 69.0347 22.6327
    endloop
  endfacet
  facet normal -0.242983 0.962799 0.118227
    outer loop
      vertex 9.32209 76.4349 15.985
      vertex 8.89372 75.4143 23.416
      vertex 9.32209 75.5208 23.4291
    endloop
  endfacet
  facet normal -0.242983 0.962799 0.118227
    outer loop
      vertex 8.89372 75.4143 23.416
      vertex 9.32209 76.4349 15.985
      vertex 8.89372 76.3284 15.9719
    endloop
  endfacet
  facet normal -0.857742 -0.510248 -0.062656
    outer loop
      vertex 6.45839 69.5728 15.1425
      vertex 6.23135 69.0347 22.6327
      vertex 6.23135 69.9488 15.1886
    endloop
  endfacet
  facet normal -0.857682 -0.510347 -0.0626614
    outer loop
      vertex 6.23135 69.0347 22.6327
      vertex 6.45839 69.5728 15.1425
      vertex 6.45839 68.6588 22.5866
    endloop
  endfacet
  facet normal 0.242942 -0.962811 -0.118216
    outer loop
      vertex 11.0779 66.7596 22.3534
      vertex 11.5063 67.7801 14.9223
      vertex 11.5063 66.8661 22.3664
    endloop
  endfacet
  facet normal 0.242942 -0.962811 -0.118216
    outer loop
      vertex 11.5063 67.7801 14.9223
      vertex 11.0779 66.7596 22.3534
      vertex 11.0779 67.6736 14.9093
    endloop
  endfacet
  facet normal -0.595685 -0.797231 -0.0978855
    outer loop
      vertex 7.34523 68.6016 15.0232
      vertex 7.69993 67.4265 22.4353
      vertex 7.34523 67.6876 22.4673
    endloop
  endfacet
  facet normal -0.595685 -0.797231 -0.0978855
    outer loop
      vertex 7.69993 67.4265 22.4353
      vertex 7.34523 68.6016 15.0232
      vertex 7.69993 68.3405 14.9912
    endloop
  endfacet
  facet normal 0.514189 -0.851284 -0.104522
    outer loop
      vertex 12.3213 67.2011 22.4076
      vertex 12.7001 68.3405 14.9912
      vertex 12.7001 67.4265 22.4353
    endloop
  endfacet
  facet normal 0.514024 -0.851381 -0.104546
    outer loop
      vertex 12.7001 68.3405 14.9912
      vertex 12.3213 67.2011 22.4076
      vertex 12.3213 68.1152 14.9635
    endloop
  endfacet
  facet normal 0.80321 -0.591256 -0.0725955
    outer loop
      vertex 13.9416 68.6588 22.5866
      vertex 13.6785 69.2207 15.0992
      vertex 13.9416 69.5728 15.1425
    endloop
  endfacet
  facet normal 0.80321 -0.591256 -0.0725955
    outer loop
      vertex 13.6785 69.2207 15.0992
      vertex 13.9416 68.6588 22.5866
      vertex 13.6785 68.3067 22.5433
    endloop
  endfacet
  facet normal 0.146929 0.981774 0.120544
    outer loop
      vertex 11.0779 75.5208 23.4291
      vertex 10.6411 76.4992 15.9929
      vertex 10.6411 75.5852 23.437
    endloop
  endfacet
  facet normal 0.146709 0.981805 0.120561
    outer loop
      vertex 10.6411 76.4992 15.9929
      vertex 11.0779 75.5208 23.4291
      vertex 11.0779 76.4349 15.985
    endloop
  endfacet
  facet normal -0.595685 0.79723 0.0978961
    outer loop
      vertex 7.69993 75.768 15.9031
      vertex 7.34523 74.5928 23.3152
      vertex 7.69993 74.8539 23.3472
    endloop
  endfacet
  facet normal -0.59583 0.797125 0.0978724
    outer loop
      vertex 7.34523 74.5928 23.3152
      vertex 7.69993 75.768 15.9031
      vertex 7.34523 75.5068 15.8711
    endloop
  endfacet
  facet normal 0.427553 -0.897251 -0.110178
    outer loop
      vertex 11.9221 67.0137 22.3846
      vertex 12.3213 68.1152 14.9635
      vertex 12.3213 67.2011 22.4076
    endloop
  endfacet
  facet normal 0.427553 -0.897251 -0.110178
    outer loop
      vertex 12.3213 68.1152 14.9635
      vertex 11.9221 67.0137 22.3846
      vertex 11.9221 67.9278 14.9405
    endloop
  endfacet
  facet normal -0.803174 0.591305 0.0726014
    outer loop
      vertex 6.45839 74.5357 15.7518
      vertex 6.72145 73.9737 23.2392
      vertex 6.72145 74.8877 15.7951
    endloop
  endfacet
  facet normal -0.803253 0.591197 0.0725962
    outer loop
      vertex 6.72145 73.9737 23.2392
      vertex 6.45839 74.5357 15.7518
      vertex 6.45839 73.6216 23.1959
    endloop
  endfacet
  facet normal 0.989172 -0.145667 -0.0178853
    outer loop
      vertex 14.6783 70.7024 22.8375
      vertex 14.6135 71.1829 15.3402
      vertex 14.6783 71.6164 15.3934
    endloop
  endfacet
  facet normal 0.989177 -0.145635 -0.0178833
    outer loop
      vertex 14.6135 71.1829 15.3402
      vertex 14.6783 70.7024 22.8375
      vertex 14.6135 70.2688 22.7843
    endloop
  endfacet
  facet normal -0.941549 0.334365 0.0410585
    outer loop
      vertex 5.89377 73.3508 15.6063
      vertex 6.04254 72.8494 23.1011
      vertex 6.04254 73.7635 15.657
    endloop
  endfacet
  facet normal -0.941523 0.334437 0.0410627
    outer loop
      vertex 6.04254 72.8494 23.1011
      vertex 5.89377 73.3508 15.6063
      vertex 5.89377 72.4368 23.0504
    endloop
  endfacet
  facet normal 0.427553 0.897253 0.110166
    outer loop
      vertex 12.3213 75.0793 23.3749
      vertex 11.9221 76.1807 15.9538
      vertex 11.9221 75.2667 23.3979
    endloop
  endfacet
  facet normal 0.427553 0.897253 0.110166
    outer loop
      vertex 11.9221 76.1807 15.9538
      vertex 12.3213 75.0793 23.3749
      vertex 12.3213 75.9933 15.9308
    endloop
  endfacet
  facet normal -0.941549 -0.334366 -0.0410546
    outer loop
      vertex 6.04254 70.345 15.2373
      vertex 5.89377 69.8437 22.732
      vertex 5.89377 70.7577 15.288
    endloop
  endfacet
  facet normal -0.941546 -0.334374 -0.0410551
    outer loop
      vertex 5.89377 69.8437 22.732
      vertex 6.04254 70.345 15.2373
      vertex 6.04254 69.431 22.6814
    endloop
  endfacet
  facet normal 0.970035 -0.241155 -0.0296126
    outer loop
      vertex 14.6135 70.2688 22.7843
      vertex 14.5062 70.7577 15.288
      vertex 14.6135 71.1829 15.3402
    endloop
  endfacet
  facet normal 0.970023 -0.241201 -0.0296155
    outer loop
      vertex 14.5062 70.7577 15.288
      vertex 14.6135 70.2688 22.7843
      vertex 14.5062 69.8437 22.732
    endloop
  endfacet
  facet normal -0.0490675 0.991351 0.12172
    outer loop
      vertex 10.2 76.5207 15.9956
      vertex 9.75892 75.5852 23.437
      vertex 10.2 75.6067 23.4397
    endloop
  endfacet
  facet normal -0.0490675 0.991351 0.12172
    outer loop
      vertex 9.75892 75.5852 23.437
      vertex 10.2 76.5207 15.9956
      vertex 9.75892 76.4992 15.9929
    endloop
  endfacet
  facet normal 0.671511 0.735472 0.0903026
    outer loop
      vertex 13.382 74.2985 23.279
      vertex 13.0548 75.5068 15.8711
      vertex 13.0548 74.5928 23.3152
    endloop
  endfacet
  facet normal 0.671511 0.735472 0.0903026
    outer loop
      vertex 13.0548 75.5068 15.8711
      vertex 13.382 74.2985 23.279
      vertex 13.382 75.2125 15.8349
    endloop
  endfacet
  facet normal -0.427544 0.897257 0.110167
    outer loop
      vertex 8.47792 76.1807 15.9538
      vertex 8.07871 75.0793 23.3749
      vertex 8.47792 75.2667 23.3979
    endloop
  endfacet
  facet normal -0.427544 0.897257 0.110167
    outer loop
      vertex 8.07871 75.0793 23.3749
      vertex 8.47792 76.1807 15.9538
      vertex 8.07871 75.9933 15.9308
    endloop
  endfacet
  facet normal -0.671499 0.735482 0.0903038
    outer loop
      vertex 7.34523 75.5068 15.8711
      vertex 7.01802 74.2985 23.279
      vertex 7.34523 74.5928 23.3152
    endloop
  endfacet
  facet normal -0.671499 0.735482 0.0903038
    outer loop
      vertex 7.01802 74.2985 23.279
      vertex 7.34523 75.5068 15.8711
      vertex 7.01802 75.2125 15.8349
    endloop
  endfacet
  facet normal 0.336774 -0.934566 -0.11476
    outer loop
      vertex 11.5063 66.8661 22.3664
      vertex 11.9221 67.9278 14.9405
      vertex 11.9221 67.0137 22.3846
    endloop
  endfacet
  facet normal 0.336973 -0.934497 -0.114739
    outer loop
      vertex 11.9221 67.9278 14.9405
      vertex 11.5063 66.8661 22.3664
      vertex 11.5063 67.7801 14.9223
    endloop
  endfacet
  facet normal -0.336749 0.934575 0.114761
    outer loop
      vertex 8.89372 76.3284 15.9719
      vertex 8.47792 75.2667 23.3979
      vertex 8.89372 75.4143 23.416
    endloop
  endfacet
  facet normal -0.336949 0.934505 0.11474
    outer loop
      vertex 8.47792 75.2667 23.3979
      vertex 8.89372 76.3284 15.9719
      vertex 8.47792 76.1807 15.9538
    endloop
  endfacet
  facet normal 0.80313 0.591363 0.0726086
    outer loop
      vertex 13.6785 73.9737 23.2392
      vertex 13.9416 74.5357 15.7518
      vertex 13.6785 74.8877 15.7951
    endloop
  endfacet
  facet normal 0.80321 0.591255 0.0726033
    outer loop
      vertex 13.9416 74.5357 15.7518
      vertex 13.6785 73.9737 23.2392
      vertex 13.9416 73.6216 23.1959
    endloop
  endfacet
  facet normal -0.857742 0.510248 0.062656
    outer loop
      vertex 6.23135 74.1597 15.7057
      vertex 6.45839 73.6216 23.1959
      vertex 6.45839 74.5357 15.7518
    endloop
  endfacet
  facet normal -0.857682 0.510347 0.0626614
    outer loop
      vertex 6.45839 73.6216 23.1959
      vertex 6.23135 74.1597 15.7057
      vertex 6.23135 73.2457 23.1498
    endloop
  endfacet
  facet normal 0.998792 -0.0487716 -0.00598827
    outer loop
      vertex 14.7 71.1402 22.8912
      vertex 14.6783 71.6164 15.3934
      vertex 14.7 72.0542 15.4471
    endloop
  endfacet
  facet normal 0.998792 -0.0487716 -0.00598827
    outer loop
      vertex 14.6783 71.6164 15.3934
      vertex 14.7 71.1402 22.8912
      vertex 14.6783 70.7024 22.8375
    endloop
  endfacet
  facet normal 0.903901 -0.424554 -0.0521275
    outer loop
      vertex 14.3575 69.431 22.6814
      vertex 14.1686 69.9488 15.1886
      vertex 14.3575 70.345 15.2373
    endloop
  endfacet
  facet normal 0.903942 -0.424467 -0.0521225
    outer loop
      vertex 14.1686 69.9488 15.1886
      vertex 14.3575 69.431 22.6814
      vertex 14.1686 69.0347 22.6327
    endloop
  endfacet
  facet normal 0.857782 0.510182 0.0626479
    outer loop
      vertex 13.9416 73.6216 23.1959
      vertex 14.1686 74.1597 15.7057
      vertex 13.9416 74.5357 15.7518
    endloop
  endfacet
  facet normal 0.857722 0.510281 0.0626532
    outer loop
      vertex 14.1686 74.1597 15.7057
      vertex 13.9416 73.6216 23.1959
      vertex 14.1686 73.2457 23.1498
    endloop
  endfacet
  facet normal 0 -0.12197 0.992534
    outer loop
      vertex 12.55 71.1402 22.8912
      vertex 14.7 71.1402 22.8912
      vertex 14.6783 71.578 22.945
    endloop
  endfacet
  facet normal -1.48469e-05 -0.121783 0.992557
    outer loop
      vertex 12.5387 71.3688 22.9193
      vertex 14.6783 71.578 22.945
      vertex 14.6135 72.0116 22.9982
    endloop
  endfacet
  facet normal 0 -0.121746 0.992561
    outer loop
      vertex 14.7 71.1402 22.8912
      vertex 12.55 71.1402 22.8912
      vertex 14.6783 70.7024 22.8375
    endloop
  endfacet
  facet normal 3.311e-06 -0.12185 0.992549
    outer loop
      vertex 12.5048 71.5953 22.9471
      vertex 14.6135 72.0116 22.9982
      vertex 14.5062 72.4368 23.0504
    endloop
  endfacet
  facet normal 3.51813e-05 -0.121578 0.992582
    outer loop
      vertex 12.5387 70.9116 22.8632
      vertex 14.6783 70.7024 22.8375
      vertex 12.55 71.1402 22.8912
    endloop
  endfacet
  facet normal 5.38458e-05 -0.121943 0.992537
    outer loop
      vertex 12.4488 71.8173 22.9744
      vertex 14.5062 72.4368 23.0504
      vertex 14.3575 72.8494 23.1011
    endloop
  endfacet
  facet normal 1.48469e-05 -0.121783 0.992557
    outer loop
      vertex 14.6783 70.7024 22.8375
      vertex 12.5387 70.9116 22.8632
      vertex 14.6135 70.2688 22.7843
    endloop
  endfacet
  facet normal 2.05894e-05 -0.12196 0.992535
    outer loop
      vertex 12.3711 72.0328 23.0008
      vertex 14.3575 72.8494 23.1011
      vertex 14.1686 73.2457 23.1498
    endloop
  endfacet
  facet normal -1.38929e-05 -0.121874 0.992546
    outer loop
      vertex 12.5048 70.6852 22.8354
      vertex 14.6135 70.2688 22.7843
      vertex 12.5387 70.9116 22.8632
    endloop
  endfacet
  facet normal -8.92673e-05 -0.12178 0.992557
    outer loop
      vertex 12.2725 72.2397 23.0262
      vertex 14.1686 73.2457 23.1498
      vertex 13.9416 73.6216 23.1959
    endloop
  endfacet
  facet normal -5.81218e-05 -0.122095 0.992518
    outer loop
      vertex 14.6135 70.2688 22.7843
      vertex 12.5048 70.6852 22.8354
      vertex 14.5062 69.8437 22.732
    endloop
  endfacet
  facet normal 0.000107128 -0.121978 0.992533
    outer loop
      vertex 12.154 72.4361 23.0504
      vertex 13.9416 73.6216 23.1959
      vertex 13.6785 73.9737 23.2392
    endloop
  endfacet
  facet normal -1.57671e-05 -0.121996 0.992531
    outer loop
      vertex 12.4488 70.4631 22.8081
      vertex 14.5062 69.8437 22.732
      vertex 12.5048 70.6852 22.8354
    endloop
  endfacet
  facet normal -0.00014026 -0.121753 0.99256
    outer loop
      vertex 12.0166 72.6199 23.0729
      vertex 13.6785 73.9737 23.2392
      vertex 13.382 74.2985 23.279
    endloop
  endfacet
  facet normal 6.83684e-05 -0.12172 0.992564
    outer loop
      vertex 14.5062 69.8437 22.732
      vertex 12.4488 70.4631 22.8081
      vertex 14.3575 69.431 22.6814
    endloop
  endfacet
  facet normal 0.000128068 -0.121943 0.992537
    outer loop
      vertex 11.8617 72.7895 23.0938
      vertex 13.382 74.2985 23.279
      vertex 13.0548 74.5928 23.3152
    endloop
  endfacet
  facet normal -9.45036e-05 -0.122017 0.992528
    outer loop
      vertex 12.3711 70.2476 22.7816
      vertex 14.3575 69.431 22.6814
      vertex 12.4488 70.4631 22.8081
    endloop
  endfacet
  facet normal -0.000117746 -0.121806 0.992554
    outer loop
      vertex 11.6908 72.9432 23.1126
      vertex 13.0548 74.5928 23.3152
      vertex 12.7001 74.8539 23.3472
    endloop
  endfacet
  facet normal -6.23692e-05 -0.12194 0.992537
    outer loop
      vertex 14.3575 69.431 22.6814
      vertex 12.3711 70.2476 22.7816
      vertex 14.1686 69.0347 22.6327
    endloop
  endfacet
  facet normal -5.04862e-07 -0.12185 0.992549
    outer loop
      vertex 12.2725 70.0407 22.7562
      vertex 14.1686 69.0347 22.6327
      vertex 12.3711 70.2476 22.7816
    endloop
  endfacet
  facet normal 7.0682e-06 -0.122004 0.99253
    outer loop
      vertex 14.6783 71.578 22.945
      vertex 12.5387 71.3688 22.9193
      vertex 12.55 71.1402 22.8912
    endloop
  endfacet
  facet normal -2.03866e-06 -0.121823 0.992552
    outer loop
      vertex 14.6135 72.0116 22.9982
      vertex 12.5048 71.5953 22.9471
      vertex 12.5387 71.3688 22.9193
    endloop
  endfacet
  facet normal 8.14929e-05 -0.122033 0.992526
    outer loop
      vertex 14.5062 72.4368 23.0504
      vertex 12.4488 71.8173 22.9744
      vertex 12.5048 71.5953 22.9471
    endloop
  endfacet
  facet normal -0.000113914 -0.121637 0.992575
    outer loop
      vertex 14.3575 72.8494 23.1011
      vertex 12.3711 72.0328 23.0008
      vertex 12.4488 71.8173 22.9744
    endloop
  endfacet
  facet normal 5.90353e-05 -0.121877 0.992545
    outer loop
      vertex 11.5056 73.0796 23.1294
      vertex 12.7001 74.8539 23.3472
      vertex 12.3213 75.0793 23.3749
    endloop
  endfacet
  facet normal -4.12774e-05 -0.121869 0.992546
    outer loop
      vertex 14.1686 73.2457 23.1498
      vertex 12.2725 72.2397 23.0262
      vertex 12.3711 72.0328 23.0008
    endloop
  endfacet
  facet normal 0.000227954 -0.122158 0.992511
    outer loop
      vertex 13.9416 73.6216 23.1959
      vertex 12.154 72.4361 23.0504
      vertex 12.2725 72.2397 23.0262
    endloop
  endfacet
  facet normal -0.000212947 -0.121665 0.992571
    outer loop
      vertex 13.6785 73.9737 23.2392
      vertex 12.0166 72.6199 23.0729
      vertex 12.154 72.4361 23.0504
    endloop
  endfacet
  facet normal -2.33472e-05 -0.121867 0.992546
    outer loop
      vertex 11.3078 73.1973 23.1438
      vertex 12.3213 75.0793 23.3749
      vertex 11.9221 75.2667 23.3979
    endloop
  endfacet
  facet normal 0.000258797 -0.122073 0.992521
    outer loop
      vertex 13.382 74.2985 23.279
      vertex 11.8617 72.7895 23.0938
      vertex 12.0166 72.6199 23.0729
    endloop
  endfacet
  facet normal -0.000256722 -0.121693 0.992568
    outer loop
      vertex 13.0548 74.5928 23.3152
      vertex 11.6908 72.9432 23.1126
      vertex 11.8617 72.7895 23.0938
    endloop
  endfacet
  facet normal -5.06167e-05 -0.121857 0.992548
    outer loop
      vertex 11.0993 73.2951 23.1558
      vertex 11.9221 75.2667 23.3979
      vertex 11.5063 75.4143 23.416
    endloop
  endfacet
  facet normal 0.000202573 -0.121972 0.992533
    outer loop
      vertex 12.7001 74.8539 23.3472
      vertex 11.5056 73.0796 23.1294
      vertex 11.6908 72.9432 23.1126
    endloop
  endfacet
  facet normal -0.000201258 -0.121773 0.992558
    outer loop
      vertex 12.3213 75.0793 23.3749
      vertex 11.3078 73.1973 23.1438
      vertex 11.5056 73.0796 23.1294
    endloop
  endfacet
  facet normal -3.67095e-05 -0.121863 0.992547
    outer loop
      vertex 11.9221 75.2667 23.3979
      vertex 11.0993 73.2951 23.1558
      vertex 11.3078 73.1973 23.1438
    endloop
  endfacet
  facet normal 5.34098e-05 -0.121873 0.992546
    outer loop
      vertex 10.8822 73.3723 23.1653
      vertex 11.5063 75.4143 23.416
      vertex 11.0779 75.5208 23.4291
    endloop
  endfacet
  facet normal 9.07933e-05 -0.121884 0.992544
    outer loop
      vertex 11.5063 75.4143 23.416
      vertex 10.8822 73.3723 23.1653
      vertex 11.0993 73.2951 23.1558
    endloop
  endfacet
  facet normal -0.000116076 -0.121858 0.992548
    outer loop
      vertex 11.0779 75.5208 23.4291
      vertex 10.6585 73.4279 23.1721
      vertex 10.8822 73.3723 23.1653
    endloop
  endfacet
  facet normal -1.78116e-05 -0.121877 0.992545
    outer loop
      vertex 10.6411 75.5852 23.437
      vertex 10.6585 73.4279 23.1721
      vertex 11.0779 75.5208 23.4291
    endloop
  endfacet
  facet normal 0.000323009 -0.121874 0.992545
    outer loop
      vertex 10.6411 75.5852 23.437
      vertex 10.4303 73.4615 23.1763
      vertex 10.6585 73.4279 23.1721
    endloop
  endfacet
  facet normal 0.00013596 -0.121856 0.992548
    outer loop
      vertex 10.2 75.6067 23.4397
      vertex 10.4303 73.4615 23.1763
      vertex 10.6411 75.5852 23.437
    endloop
  endfacet
  facet normal -0.000325798 -0.121905 0.992542
    outer loop
      vertex 10.2 75.6067 23.4397
      vertex 10.2 73.4727 23.1776
      vertex 10.4303 73.4615 23.1763
    endloop
  endfacet
  facet normal 0.000325742 -0.121905 0.992542
    outer loop
      vertex 10.2 75.6067 23.4397
      vertex 9.96966 73.4615 23.1763
      vertex 10.2 73.4727 23.1776
    endloop
  endfacet
  facet normal -0.000135967 -0.121856 0.992548
    outer loop
      vertex 9.75892 75.5852 23.437
      vertex 9.96966 73.4615 23.1763
      vertex 10.2 75.6067 23.4397
    endloop
  endfacet
  facet normal -0.000323122 -0.121874 0.992545
    outer loop
      vertex 9.75892 75.5852 23.437
      vertex 9.74154 73.4279 23.1721
      vertex 9.96966 73.4615 23.1763
    endloop
  endfacet
  facet normal 1.78104e-05 -0.121877 0.992545
    outer loop
      vertex 9.32209 75.5208 23.4291
      vertex 9.74154 73.4279 23.1721
      vertex 9.75892 75.5852 23.437
    endloop
  endfacet
  facet normal 0.000116071 -0.121858 0.992548
    outer loop
      vertex 9.74154 73.4279 23.1721
      vertex 9.32209 75.5208 23.4291
      vertex 9.51783 73.3723 23.1653
    endloop
  endfacet
  facet normal -5.34132e-05 -0.121873 0.992546
    outer loop
      vertex 8.89372 75.4143 23.416
      vertex 9.51783 73.3723 23.1653
      vertex 9.32209 75.5208 23.4291
    endloop
  endfacet
  facet normal -9.07781e-05 -0.121884 0.992544
    outer loop
      vertex 9.51783 73.3723 23.1653
      vertex 8.89372 75.4143 23.416
      vertex 9.30069 73.2951 23.1558
    endloop
  endfacet
  facet normal 5.06169e-05 -0.121857 0.992548
    outer loop
      vertex 8.47792 75.2667 23.3979
      vertex 9.30069 73.2951 23.1558
      vertex 8.89372 75.4143 23.416
    endloop
  endfacet
  facet normal 3.67141e-05 -0.121863 0.992547
    outer loop
      vertex 9.30069 73.2951 23.1558
      vertex 8.47792 75.2667 23.3979
      vertex 9.09222 73.1973 23.1438
    endloop
  endfacet
  facet normal 2.33467e-05 -0.121867 0.992546
    outer loop
      vertex 8.07871 75.0793 23.3749
      vertex 9.09222 73.1973 23.1438
      vertex 8.47792 75.2667 23.3979
    endloop
  endfacet
  facet normal 0.00020125 -0.121773 0.992558
    outer loop
      vertex 9.09222 73.1973 23.1438
      vertex 8.07871 75.0793 23.3749
      vertex 8.89441 73.0796 23.1294
    endloop
  endfacet
  facet normal -5.90378e-05 -0.121877 0.992545
    outer loop
      vertex 7.69993 74.8539 23.3472
      vertex 8.89441 73.0796 23.1294
      vertex 8.07871 75.0793 23.3749
    endloop
  endfacet
  facet normal -0.000202553 -0.121972 0.992533
    outer loop
      vertex 8.89441 73.0796 23.1294
      vertex 7.69993 74.8539 23.3472
      vertex 8.70918 72.9432 23.1126
    endloop
  endfacet
  facet normal 0.000117747 -0.121806 0.992554
    outer loop
      vertex 7.34523 74.5928 23.3152
      vertex 8.70918 72.9432 23.1126
      vertex 7.69993 74.8539 23.3472
    endloop
  endfacet
  facet normal 0.000256743 -0.121693 0.992568
    outer loop
      vertex 8.70918 72.9432 23.1126
      vertex 7.34523 74.5928 23.3152
      vertex 8.5383 72.7895 23.0938
    endloop
  endfacet
  facet normal -0.000128067 -0.121943 0.992537
    outer loop
      vertex 7.01802 74.2985 23.279
      vertex 8.5383 72.7895 23.0938
      vertex 7.34523 74.5928 23.3152
    endloop
  endfacet
  facet normal -0.000258815 -0.122073 0.992521
    outer loop
      vertex 8.5383 72.7895 23.0938
      vertex 7.01802 74.2985 23.279
      vertex 8.38342 72.6199 23.0729
    endloop
  endfacet
  facet normal 0.000140242 -0.121753 0.99256
    outer loop
      vertex 6.72145 73.9737 23.2392
      vertex 8.38342 72.6199 23.0729
      vertex 7.01802 74.2985 23.279
    endloop
  endfacet
  facet normal 0.000212959 -0.121665 0.992571
    outer loop
      vertex 8.38342 72.6199 23.0729
      vertex 6.72145 73.9737 23.2392
      vertex 8.24605 72.4361 23.0504
    endloop
  endfacet
  facet normal -0.000107131 -0.121978 0.992533
    outer loop
      vertex 6.45839 73.6216 23.1959
      vertex 8.24605 72.4361 23.0504
      vertex 6.72145 73.9737 23.2392
    endloop
  endfacet
  facet normal 8.92625e-05 -0.12178 0.992557
    outer loop
      vertex 6.23135 73.2457 23.1498
      vertex 8.12748 72.2397 23.0262
      vertex 6.45839 73.6216 23.1959
    endloop
  endfacet
  facet normal -0.00022791 -0.122158 0.992511
    outer loop
      vertex 8.24605 72.4361 23.0504
      vertex 6.45839 73.6216 23.1959
      vertex 8.12748 72.2397 23.0262
    endloop
  endfacet
  facet normal 4.96224e-05 -0.121757 0.99256
    outer loop
      vertex 14.1686 69.0347 22.6327
      vertex 12.2725 70.0407 22.7562
      vertex 13.9416 68.6588 22.5866
    endloop
  endfacet
  facet normal 1.14083e-05 -0.121802 0.992554
    outer loop
      vertex 12.154 69.8443 22.7321
      vertex 13.9416 68.6588 22.5866
      vertex 12.2725 70.0407 22.7562
    endloop
  endfacet
  facet normal -0.000107128 -0.121978 0.992533
    outer loop
      vertex 13.9416 68.6588 22.5866
      vertex 12.154 69.8443 22.7321
      vertex 13.6785 68.3067 22.5433
    endloop
  endfacet
  facet normal 0.000212947 -0.121665 0.992571
    outer loop
      vertex 12.0166 69.6605 22.7096
      vertex 13.6785 68.3067 22.5433
      vertex 12.154 69.8443 22.7321
    endloop
  endfacet
  facet normal 0.00014026 -0.121753 0.99256
    outer loop
      vertex 13.6785 68.3067 22.5433
      vertex 12.0166 69.6605 22.7096
      vertex 13.382 67.9819 22.5035
    endloop
  endfacet
  facet normal -0.000258797 -0.122073 0.992521
    outer loop
      vertex 11.8617 69.4909 22.6887
      vertex 13.382 67.9819 22.5035
      vertex 12.0166 69.6605 22.7096
    endloop
  endfacet
  facet normal -0.000128068 -0.121943 0.992537
    outer loop
      vertex 13.382 67.9819 22.5035
      vertex 11.8617 69.4909 22.6887
      vertex 13.0548 67.6876 22.4673
    endloop
  endfacet
  facet normal 0.000256722 -0.121693 0.992568
    outer loop
      vertex 11.6908 69.3372 22.6699
      vertex 13.0548 67.6876 22.4673
      vertex 11.8617 69.4909 22.6887
    endloop
  endfacet
  facet normal 0.000117746 -0.121806 0.992554
    outer loop
      vertex 13.0548 67.6876 22.4673
      vertex 11.6908 69.3372 22.6699
      vertex 12.7001 67.4265 22.4353
    endloop
  endfacet
  facet normal -0.000202573 -0.121972 0.992533
    outer loop
      vertex 11.5056 69.2008 22.6531
      vertex 12.7001 67.4265 22.4353
      vertex 11.6908 69.3372 22.6699
    endloop
  endfacet
  facet normal -5.90353e-05 -0.121877 0.992545
    outer loop
      vertex 12.7001 67.4265 22.4353
      vertex 11.5056 69.2008 22.6531
      vertex 12.3213 67.2011 22.4076
    endloop
  endfacet
  facet normal 0.000201258 -0.121773 0.992558
    outer loop
      vertex 11.3078 69.0831 22.6387
      vertex 12.3213 67.2011 22.4076
      vertex 11.5056 69.2008 22.6531
    endloop
  endfacet
  facet normal 2.33472e-05 -0.121867 0.992546
    outer loop
      vertex 12.3213 67.2011 22.4076
      vertex 11.3078 69.0831 22.6387
      vertex 11.9221 67.0137 22.3846
    endloop
  endfacet
  facet normal -0.000381143 -0.121985 0.992532
    outer loop
      vertex 11.0993 68.9853 22.6266
      vertex 11.9221 67.0137 22.3846
      vertex 11.3078 69.0831 22.6387
    endloop
  endfacet
  facet normal -0.000172855 -0.1219 0.992542
    outer loop
      vertex 11.9221 67.0137 22.3846
      vertex 11.0993 68.9853 22.6266
      vertex 11.5063 66.8661 22.3664
    endloop
  endfacet
  facet normal 0.000284644 -0.121813 0.992553
    outer loop
      vertex 10.8822 68.9082 22.6172
      vertex 11.5063 66.8661 22.3664
      vertex 11.0993 68.9853 22.6266
    endloop
  endfacet
  facet normal 0.000171769 -0.121847 0.992549
    outer loop
      vertex 11.5063 66.8661 22.3664
      vertex 10.8822 68.9082 22.6172
      vertex 11.0779 66.7596 22.3534
    endloop
  endfacet
  facet normal 0.000167962 -0.121847 0.992549
    outer loop
      vertex 10.6585 68.8525 22.6104
      vertex 11.0779 66.7596 22.3534
      vertex 10.8822 68.9082 22.6172
    endloop
  endfacet
  facet normal -9.29114e-06 -0.121882 0.992545
    outer loop
      vertex 10.6585 68.8525 22.6104
      vertex 10.6411 66.6953 22.3455
      vertex 11.0779 66.7596 22.3534
    endloop
  endfacet
  facet normal -0.000375649 -0.12188 0.992545
    outer loop
      vertex 10.4303 68.819 22.6062
      vertex 10.6411 66.6953 22.3455
      vertex 10.6585 68.8525 22.6104
    endloop
  endfacet
  facet normal -5.50731e-05 -0.121848 0.992549
    outer loop
      vertex 10.2 68.8077 22.6048
      vertex 10.6411 66.6953 22.3455
      vertex 10.4303 68.819 22.6062
    endloop
  endfacet
  facet normal -0.000108185 -0.121859 0.992547
    outer loop
      vertex 10.2 68.8077 22.6048
      vertex 10.2 66.6737 22.3428
      vertex 10.6411 66.6953 22.3455
    endloop
  endfacet
  facet normal 5.45194e-05 -0.121859 0.992547
    outer loop
      vertex 9.96966 68.819 22.6062
      vertex 10.2 66.6737 22.3428
      vertex 10.2 68.8077 22.6048
    endloop
  endfacet
  facet normal 0.000108474 -0.121853 0.992548
    outer loop
      vertex 9.96966 68.819 22.6062
      vertex 9.75892 66.6953 22.3455
      vertex 10.2 66.6737 22.3428
    endloop
  endfacet
  facet normal 0.00037578 -0.12188 0.992545
    outer loop
      vertex 9.74154 68.8525 22.6104
      vertex 9.75892 66.6953 22.3455
      vertex 9.96966 68.819 22.6062
    endloop
  endfacet
  facet normal -0.000167953 -0.121847 0.992549
    outer loop
      vertex 9.32209 66.7596 22.3534
      vertex 9.74154 68.8525 22.6104
      vertex 9.51783 68.9082 22.6172
    endloop
  endfacet
  facet normal 9.29049e-06 -0.121882 0.992545
    outer loop
      vertex 9.74154 68.8525 22.6104
      vertex 9.32209 66.7596 22.3534
      vertex 9.75892 66.6953 22.3455
    endloop
  endfacet
  facet normal -0.000284596 -0.121813 0.992553
    outer loop
      vertex 8.89372 66.8661 22.3664
      vertex 9.51783 68.9082 22.6172
      vertex 9.30069 68.9853 22.6266
    endloop
  endfacet
  facet normal 0.000381191 -0.121985 0.992532
    outer loop
      vertex 8.47792 67.0137 22.3846
      vertex 9.30069 68.9853 22.6266
      vertex 9.09222 69.0831 22.6387
    endloop
  endfacet
  facet normal -0.00020125 -0.121773 0.992558
    outer loop
      vertex 8.07871 67.2011 22.4076
      vertex 9.09222 69.0831 22.6387
      vertex 8.89441 69.2008 22.6531
    endloop
  endfacet
  facet normal -0.00017178 -0.121847 0.992549
    outer loop
      vertex 9.51783 68.9082 22.6172
      vertex 8.89372 66.8661 22.3664
      vertex 9.32209 66.7596 22.3534
    endloop
  endfacet
  facet normal 0.000202553 -0.121972 0.992533
    outer loop
      vertex 7.69993 67.4265 22.4353
      vertex 8.89441 69.2008 22.6531
      vertex 8.70918 69.3372 22.6699
    endloop
  endfacet
  facet normal -0.000256743 -0.121693 0.992568
    outer loop
      vertex 7.34523 67.6876 22.4673
      vertex 8.70918 69.3372 22.6699
      vertex 8.5383 69.4909 22.6887
    endloop
  endfacet
  facet normal 0.000172856 -0.1219 0.992542
    outer loop
      vertex 9.30069 68.9853 22.6266
      vertex 8.47792 67.0137 22.3846
      vertex 8.89372 66.8661 22.3664
    endloop
  endfacet
  facet normal 0.000258815 -0.122073 0.992521
    outer loop
      vertex 7.01802 67.9819 22.5035
      vertex 8.5383 69.4909 22.6887
      vertex 8.38342 69.6605 22.7096
    endloop
  endfacet
  facet normal -0.000212959 -0.121665 0.992571
    outer loop
      vertex 6.72145 68.3067 22.5433
      vertex 8.38342 69.6605 22.7096
      vertex 8.24605 69.8443 22.7321
    endloop
  endfacet
  facet normal -1.14061e-05 -0.121802 0.992554
    outer loop
      vertex 6.45839 68.6588 22.5866
      vertex 8.24605 69.8443 22.7321
      vertex 8.12748 70.0407 22.7562
    endloop
  endfacet
  facet normal -2.33467e-05 -0.121867 0.992546
    outer loop
      vertex 9.09222 69.0831 22.6387
      vertex 8.07871 67.2011 22.4076
      vertex 8.47792 67.0137 22.3846
    endloop
  endfacet
  facet normal 5.04856e-07 -0.12185 0.992549
    outer loop
      vertex 6.23135 69.0347 22.6327
      vertex 8.12748 70.0407 22.7562
      vertex 8.02888 70.2476 22.7816
    endloop
  endfacet
  facet normal 9.45076e-05 -0.122017 0.992528
    outer loop
      vertex 6.04254 69.431 22.6814
      vertex 8.02888 70.2476 22.7816
      vertex 7.95119 70.4631 22.8081
    endloop
  endfacet
  facet normal 1.57662e-05 -0.121996 0.992531
    outer loop
      vertex 5.89377 69.8437 22.732
      vertex 7.95119 70.4631 22.8081
      vertex 7.89515 70.6852 22.8354
    endloop
  endfacet
  facet normal 1.38937e-05 -0.121874 0.992546
    outer loop
      vertex 5.78647 70.2688 22.7843
      vertex 7.89515 70.6852 22.8354
      vertex 7.86131 70.9116 22.8632
    endloop
  endfacet
  facet normal 5.90378e-05 -0.121877 0.992545
    outer loop
      vertex 8.89441 69.2008 22.6531
      vertex 7.69993 67.4265 22.4353
      vertex 8.07871 67.2011 22.4076
    endloop
  endfacet
  facet normal -3.51805e-05 -0.121578 0.992582
    outer loop
      vertex 5.72167 70.7024 22.8375
      vertex 7.86131 70.9116 22.8632
      vertex 7.85 71.1402 22.8912
    endloop
  endfacet
  facet normal 4.12769e-05 -0.121869 0.992546
    outer loop
      vertex 8.12748 72.2397 23.0262
      vertex 6.23135 73.2457 23.1498
      vertex 8.02888 72.0328 23.0008
    endloop
  endfacet
  facet normal -2.05915e-05 -0.12196 0.992535
    outer loop
      vertex 6.04254 72.8494 23.1011
      vertex 8.02888 72.0328 23.0008
      vertex 6.23135 73.2457 23.1498
    endloop
  endfacet
  facet normal -0.000117747 -0.121806 0.992554
    outer loop
      vertex 8.70918 69.3372 22.6699
      vertex 7.34523 67.6876 22.4673
      vertex 7.69993 67.4265 22.4353
    endloop
  endfacet
  facet normal 0.000113919 -0.121637 0.992575
    outer loop
      vertex 8.02888 72.0328 23.0008
      vertex 6.04254 72.8494 23.1011
      vertex 7.95119 71.8173 22.9744
    endloop
  endfacet
  facet normal 0.000128067 -0.121943 0.992537
    outer loop
      vertex 8.5383 69.4909 22.6887
      vertex 7.01802 67.9819 22.5035
      vertex 7.34523 67.6876 22.4673
    endloop
  endfacet
  facet normal -5.38428e-05 -0.121943 0.992537
    outer loop
      vertex 5.89377 72.4368 23.0504
      vertex 7.95119 71.8173 22.9744
      vertex 6.04254 72.8494 23.1011
    endloop
  endfacet
  facet normal -0.000140242 -0.121753 0.99256
    outer loop
      vertex 8.38342 69.6605 22.7096
      vertex 6.72145 68.3067 22.5433
      vertex 7.01802 67.9819 22.5035
    endloop
  endfacet
  facet normal -8.1488e-05 -0.122033 0.992526
    outer loop
      vertex 7.95119 71.8173 22.9744
      vertex 5.89377 72.4368 23.0504
      vertex 7.89515 71.5953 22.9471
    endloop
  endfacet
  facet normal 0.000107131 -0.121978 0.992533
    outer loop
      vertex 8.24605 69.8443 22.7321
      vertex 6.45839 68.6588 22.5866
      vertex 6.72145 68.3067 22.5433
    endloop
  endfacet
  facet normal -3.31103e-06 -0.12185 0.992549
    outer loop
      vertex 5.78647 72.0116 22.9982
      vertex 7.89515 71.5953 22.9471
      vertex 5.89377 72.4368 23.0504
    endloop
  endfacet
  facet normal -4.96197e-05 -0.121757 0.99256
    outer loop
      vertex 8.12748 70.0407 22.7562
      vertex 6.23135 69.0347 22.6327
      vertex 6.45839 68.6588 22.5866
    endloop
  endfacet
  facet normal 2.03878e-06 -0.121823 0.992552
    outer loop
      vertex 7.89515 71.5953 22.9471
      vertex 5.78647 72.0116 22.9982
      vertex 7.86131 71.3688 22.9193
    endloop
  endfacet
  facet normal 6.23757e-05 -0.12194 0.992537
    outer loop
      vertex 8.02888 70.2476 22.7816
      vertex 6.04254 69.431 22.6814
      vertex 6.23135 69.0347 22.6327
    endloop
  endfacet
  facet normal 1.48466e-05 -0.121783 0.992557
    outer loop
      vertex 5.72167 71.578 22.945
      vertex 7.86131 71.3688 22.9193
      vertex 5.78647 72.0116 22.9982
    endloop
  endfacet
  facet normal -6.83647e-05 -0.12172 0.992564
    outer loop
      vertex 7.95119 70.4631 22.8081
      vertex 5.89377 69.8437 22.732
      vertex 6.04254 69.431 22.6814
    endloop
  endfacet
  facet normal -7.06804e-06 -0.122004 0.99253
    outer loop
      vertex 7.86131 71.3688 22.9193
      vertex 5.72167 71.578 22.945
      vertex 7.85 71.1402 22.8912
    endloop
  endfacet
  facet normal 5.81223e-05 -0.122095 0.992518
    outer loop
      vertex 7.89515 70.6852 22.8354
      vertex 5.78647 70.2688 22.7843
      vertex 5.89377 69.8437 22.732
    endloop
  endfacet
  facet normal 0 -0.12197 0.992534
    outer loop
      vertex 5.7 71.1402 22.8912
      vertex 7.85 71.1402 22.8912
      vertex 5.72167 71.578 22.945
    endloop
  endfacet
  facet normal -1.48466e-05 -0.121783 0.992557
    outer loop
      vertex 7.86131 70.9116 22.8632
      vertex 5.72167 70.7024 22.8375
      vertex 5.78647 70.2688 22.7843
    endloop
  endfacet
  facet normal 0 -0.121746 0.992561
    outer loop
      vertex 7.85 71.1402 22.8912
      vertex 5.7 71.1402 22.8912
      vertex 5.72167 70.7024 22.8375
    endloop
  endfacet
  facet normal -0.671499 -0.735481 -0.0903135
    outer loop
      vertex 7.01802 68.896 15.0594
      vertex 7.34523 67.6876 22.4673
      vertex 7.01802 67.9819 22.5035
    endloop
  endfacet
  facet normal -0.671623 -0.735371 -0.0902902
    outer loop
      vertex 7.34523 67.6876 22.4673
      vertex 7.01802 68.896 15.0594
      vertex 7.34523 68.6016 15.0232
    endloop
  endfacet
  facet normal 0.595685 0.79723 0.0978961
    outer loop
      vertex 13.0548 74.5928 23.3152
      vertex 12.7001 75.768 15.9031
      vertex 12.7001 74.8539 23.3472
    endloop
  endfacet
  facet normal 0.59583 0.797125 0.0978724
    outer loop
      vertex 12.7001 75.768 15.9031
      vertex 13.0548 74.5928 23.3152
      vertex 13.0548 75.5068 15.8711
    endloop
  endfacet
  facet normal -0.514209 -0.851272 -0.104521
    outer loop
      vertex 7.69993 68.3405 14.9912
      vertex 8.07871 67.2011 22.4076
      vertex 7.69993 67.4265 22.4353
    endloop
  endfacet
  facet normal -0.514043 -0.851369 -0.104544
    outer loop
      vertex 8.07871 67.2011 22.4076
      vertex 7.69993 68.3405 14.9912
      vertex 8.07871 68.1152 14.9635
    endloop
  endfacet
  facet normal 0.514189 0.851284 0.104522
    outer loop
      vertex 12.7001 74.8539 23.3472
      vertex 12.3213 75.9933 15.9308
      vertex 12.3213 75.0793 23.3749
    endloop
  endfacet
  facet normal 0.514024 0.851381 0.104546
    outer loop
      vertex 12.3213 75.9933 15.9308
      vertex 12.7001 74.8539 23.3472
      vertex 12.7001 75.768 15.9031
    endloop
  endfacet
  facet normal 0.146709 -0.981807 -0.120548
    outer loop
      vertex 10.6411 66.6953 22.3455
      vertex 11.0779 67.6736 14.9093
      vertex 11.0779 66.7596 22.3534
    endloop
  endfacet
  facet normal 0.146709 -0.981807 -0.120548
    outer loop
      vertex 11.0779 67.6736 14.9093
      vertex 10.6411 66.6953 22.3455
      vertex 10.6411 67.6093 14.9014
    endloop
  endfacet
  facet normal 0.941599 0.334226 0.0410413
    outer loop
      vertex 14.3575 72.8494 23.1011
      vertex 14.5062 73.3508 15.6063
      vertex 14.3575 73.7635 15.657
    endloop
  endfacet
  facet normal 0.941574 0.334297 0.0410456
    outer loop
      vertex 14.5062 73.3508 15.6063
      vertex 14.3575 72.8494 23.1011
      vertex 14.5062 72.4368 23.0504
    endloop
  endfacet
  facet normal 0.857782 -0.510182 -0.0626479
    outer loop
      vertex 14.1686 69.0347 22.6327
      vertex 13.9416 69.5728 15.1425
      vertex 14.1686 69.9488 15.1886
    endloop
  endfacet
  facet normal 0.857722 -0.510281 -0.0626532
    outer loop
      vertex 13.9416 69.5728 15.1425
      vertex 14.1686 69.0347 22.6327
      vertex 13.9416 68.6588 22.5866
    endloop
  endfacet
  facet normal -0.998795 -0.0487044 -0.00598001
    outer loop
      vertex 5.72167 71.6164 15.3934
      vertex 5.7 71.1402 22.8912
      vertex 5.7 72.0542 15.4471
    endloop
  endfacet
  facet normal -0.998795 -0.0487044 -0.00598001
    outer loop
      vertex 5.7 71.1402 22.8912
      vertex 5.72167 71.6164 15.3934
      vertex 5.72167 70.7024 22.8375
    endloop
  endfacet
  facet normal 0.941599 -0.334226 -0.0410375
    outer loop
      vertex 14.5062 69.8437 22.732
      vertex 14.3575 70.345 15.2373
      vertex 14.5062 70.7577 15.288
    endloop
  endfacet
  facet normal 0.941596 -0.334235 -0.041038
    outer loop
      vertex 14.3575 70.345 15.2373
      vertex 14.5062 69.8437 22.732
      vertex 14.3575 69.431 22.6814
    endloop
  endfacet
  facet normal 0.741045 0.666451 0.081828
    outer loop
      vertex 13.382 74.2985 23.279
      vertex 13.6785 74.8877 15.7951
      vertex 13.382 75.2125 15.8349
    endloop
  endfacet
  facet normal 0.741045 0.666451 0.081828
    outer loop
      vertex 13.6785 74.8877 15.7951
      vertex 13.382 74.2985 23.279
      vertex 13.6785 73.9737 23.2392
    endloop
  endfacet
  facet normal 0.0490653 0.991351 0.12172
    outer loop
      vertex 10.6411 75.5852 23.437
      vertex 10.2 76.5207 15.9956
      vertex 10.2 75.6067 23.4397
    endloop
  endfacet
  facet normal 0.0490653 0.991351 0.12172
    outer loop
      vertex 10.2 76.5207 15.9956
      vertex 10.6411 75.5852 23.437
      vertex 10.6411 76.4992 15.9929
    endloop
  endfacet
  facet normal 0.903901 0.424554 0.0521275
    outer loop
      vertex 14.1686 73.2457 23.1498
      vertex 14.3575 73.7635 15.657
      vertex 14.1686 74.1597 15.7057
    endloop
  endfacet
  facet normal 0.903942 0.424467 0.0521225
    outer loop
      vertex 14.3575 73.7635 15.657
      vertex 14.1686 73.2457 23.1498
      vertex 14.3575 72.8494 23.1011
    endloop
  endfacet
  facet normal -0.146699 -0.981808 -0.120548
    outer loop
      vertex 9.32209 67.6736 14.9093
      vertex 9.75892 66.6953 22.3455
      vertex 9.32209 66.7596 22.3534
    endloop
  endfacet
  facet normal -0.146699 -0.981808 -0.120548
    outer loop
      vertex 9.75892 66.6953 22.3455
      vertex 9.32209 67.6736 14.9093
      vertex 9.75892 67.6093 14.9014
    endloop
  endfacet
  facet normal 0.671511 -0.735471 -0.0903123
    outer loop
      vertex 13.0548 67.6876 22.4673
      vertex 13.382 68.896 15.0594
      vertex 13.382 67.9819 22.5035
    endloop
  endfacet
  facet normal 0.671634 -0.735361 -0.0902889
    outer loop
      vertex 13.382 68.896 15.0594
      vertex 13.0548 67.6876 22.4673
      vertex 13.0548 68.6016 15.0232
    endloop
  endfacet
  facet normal -0.0492917 -0.99134 -0.121719
    outer loop
      vertex 9.75892 67.6093 14.9014
      vertex 10.2 66.6737 22.3428
      vertex 9.75892 66.6953 22.3455
    endloop
  endfacet
  facet normal -0.0490675 -0.991349 -0.121733
    outer loop
      vertex 10.2 66.6737 22.3428
      vertex 9.75892 67.6093 14.9014
      vertex 10.2 67.5878 14.8987
    endloop
  endfacet
  facet normal -0.740966 0.666537 0.0818386
    outer loop
      vertex 6.72145 74.8877 15.7951
      vertex 7.01802 74.2985 23.279
      vertex 7.01802 75.2125 15.8349
    endloop
  endfacet
  facet normal -0.740966 0.666537 0.0818386
    outer loop
      vertex 7.01802 74.2985 23.279
      vertex 6.72145 74.8877 15.7951
      vertex 6.72145 73.9737 23.2392
    endloop
  endfacet
  facet normal -0.146919 0.981776 0.120544
    outer loop
      vertex 9.75892 76.4992 15.9929
      vertex 9.32209 75.5208 23.4291
      vertex 9.75892 75.5852 23.437
    endloop
  endfacet
  facet normal -0.146699 0.981807 0.120561
    outer loop
      vertex 9.32209 75.5208 23.4291
      vertex 9.75892 76.4992 15.9929
      vertex 9.32209 76.4349 15.985
    endloop
  endfacet
  facet normal -0.90398 0.424389 0.0521072
    outer loop
      vertex 6.04254 73.7635 15.657
      vertex 6.23135 73.2457 23.1498
      vertex 6.23135 74.1597 15.7057
    endloop
  endfacet
  facet normal -0.904021 0.424302 0.0521022
    outer loop
      vertex 6.23135 73.2457 23.1498
      vertex 6.04254 73.7635 15.657
      vertex 6.04254 72.8494 23.1011
    endloop
  endfacet
  facet normal -0.970035 0.241155 0.0296094
    outer loop
      vertex 5.78647 72.9256 15.5541
      vertex 5.89377 72.4368 23.0504
      vertex 5.89377 73.3508 15.6063
    endloop
  endfacet
  facet normal -0.970035 0.241155 0.0296094
    outer loop
      vertex 5.89377 72.4368 23.0504
      vertex 5.78647 72.9256 15.5541
      vertex 5.78647 72.0116 22.9982
    endloop
  endfacet
  facet normal 0.242967 0.962803 0.118228
    outer loop
      vertex 11.5063 75.4143 23.416
      vertex 11.0779 76.4349 15.985
      vertex 11.0779 75.5208 23.4291
    endloop
  endfacet
  facet normal 0.242967 0.962803 0.118228
    outer loop
      vertex 11.0779 76.4349 15.985
      vertex 11.5063 75.4143 23.416
      vertex 11.5063 76.3284 15.9719
    endloop
  endfacet
  facet normal -0.970035 -0.241155 -0.0296126
    outer loop
      vertex 5.89377 70.7577 15.288
      vertex 5.78647 70.2688 22.7843
      vertex 5.78647 71.1829 15.3402
    endloop
  endfacet
  facet normal -0.970023 -0.241201 -0.0296155
    outer loop
      vertex 5.78647 70.2688 22.7843
      vertex 5.89377 70.7577 15.288
      vertex 5.89377 69.8437 22.732
    endloop
  endfacet
  facet normal -0.427544 -0.897255 -0.110179
    outer loop
      vertex 8.07871 68.1152 14.9635
      vertex 8.47792 67.0137 22.3846
      vertex 8.07871 67.2011 22.4076
    endloop
  endfacet
  facet normal -0.427544 -0.897255 -0.110179
    outer loop
      vertex 8.47792 67.0137 22.3846
      vertex 8.07871 68.1152 14.9635
      vertex 8.47792 67.9278 14.9405
    endloop
  endfacet
  facet normal -0.740865 -0.666648 -0.0818522
    outer loop
      vertex 7.01802 68.896 15.0594
      vertex 6.72145 68.3067 22.5433
      vertex 6.72145 69.2207 15.0992
    endloop
  endfacet
  facet normal -0.740966 -0.666536 -0.0818474
    outer loop
      vertex 6.72145 68.3067 22.5433
      vertex 7.01802 68.896 15.0594
      vertex 7.01802 67.9819 22.5035
    endloop
  endfacet
  facet normal 0.0492895 -0.99134 -0.121719
    outer loop
      vertex 10.2 66.6737 22.3428
      vertex 10.6411 67.6093 14.9014
      vertex 10.6411 66.6953 22.3455
    endloop
  endfacet
  facet normal 0.0490653 -0.991349 -0.121733
    outer loop
      vertex 10.6411 67.6093 14.9014
      vertex 10.2 66.6737 22.3428
      vertex 10.2 67.5878 14.8987
    endloop
  endfacet
  facet normal -0.989172 -0.145667 -0.0178853
    outer loop
      vertex 5.78647 71.1829 15.3402
      vertex 5.72167 70.7024 22.8375
      vertex 5.72167 71.6164 15.3934
    endloop
  endfacet
  facet normal -0.989177 -0.145635 -0.0178833
    outer loop
      vertex 5.72167 70.7024 22.8375
      vertex 5.78647 71.1829 15.3402
      vertex 5.78647 70.2688 22.7843
    endloop
  endfacet
  facet normal 0.595685 -0.797231 -0.0978855
    outer loop
      vertex 12.7001 67.4265 22.4353
      vertex 13.0548 68.6016 15.0232
      vertex 13.0548 67.6876 22.4673
    endloop
  endfacet
  facet normal 0.595685 -0.797231 -0.0978855
    outer loop
      vertex 13.0548 68.6016 15.0232
      vertex 12.7001 67.4265 22.4353
      vertex 12.7001 68.3405 14.9912
    endloop
  endfacet
  facet normal -0.803253 -0.591198 -0.0725883
    outer loop
      vertex 6.72145 69.2207 15.0992
      vertex 6.45839 68.6588 22.5866
      vertex 6.45839 69.5728 15.1425
    endloop
  endfacet
  facet normal -0.803253 -0.591198 -0.0725883
    outer loop
      vertex 6.45839 68.6588 22.5866
      vertex 6.72145 69.2207 15.0992
      vertex 6.72145 68.3067 22.5433
    endloop
  endfacet
  facet normal -0.998795 0.048703 0.00597984
    outer loop
      vertex 5.7 72.0542 15.4471
      vertex 5.72167 71.578 22.945
      vertex 5.72167 72.492 15.5009
    endloop
  endfacet
  facet normal -0.998795 0.048703 0.00597984
    outer loop
      vertex 5.72167 71.578 22.945
      vertex 5.7 72.0542 15.4471
      vertex 5.7 71.1402 22.8912
    endloop
  endfacet
  facet normal 0.740944 -0.666562 -0.0818416
    outer loop
      vertex 13.6785 68.3067 22.5433
      vertex 13.382 68.896 15.0594
      vertex 13.6785 69.2207 15.0992
    endloop
  endfacet
  facet normal 0.741045 -0.666449 -0.0818368
    outer loop
      vertex 13.382 68.896 15.0594
      vertex 13.6785 68.3067 22.5433
      vertex 13.382 67.9819 22.5035
    endloop
  endfacet
  facet normal -0.336749 -0.934575 -0.114755
    outer loop
      vertex 53.4779 43.1141 11.8937
      vertex 53.8937 42.4266 16.2726
      vertex 53.4779 42.5742 16.2907
    endloop
  endfacet
  facet normal -0.336949 -0.934507 -0.114725
    outer loop
      vertex 53.8937 42.4266 16.2726
      vertex 53.4779 43.1141 11.8937
      vertex 53.8937 42.9664 11.8756
    endloop
  endfacet
  facet normal 0.989172 0.145667 0.0178853
    outer loop
      vertex 59.6135 47.1979 19.9515
      vertex 59.6783 47.6784 12.4542
      vertex 59.6135 48.1119 12.5074
    endloop
  endfacet
  facet normal 0.989177 0.145635 0.0178833
    outer loop
      vertex 59.6783 47.6784 12.4542
      vertex 59.6135 47.1979 19.9515
      vertex 59.6783 46.7643 19.8983
    endloop
  endfacet
  facet normal 0.998792 0.0487702 0.00598875
    outer loop
      vertex 59.6783 46.7643 19.8983
      vertex 59.7 47.2406 12.4004
      vertex 59.6783 47.6784 12.4542
    endloop
  endfacet
  facet normal 0.998792 0.0487812 0.00598945
    outer loop
      vertex 59.7 47.2406 12.4004
      vertex 59.6783 46.7643 19.8983
      vertex 59.7 46.3266 19.8445
    endloop
  endfacet
  facet normal 0.970035 0.241155 0.0296094
    outer loop
      vertex 59.5062 47.6231 20.0037
      vertex 59.6135 48.1119 12.5074
      vertex 59.5062 48.5371 12.5596
    endloop
  endfacet
  facet normal 0.970035 0.241155 0.0296094
    outer loop
      vertex 59.6135 48.1119 12.5074
      vertex 59.5062 47.6231 20.0037
      vertex 59.6135 47.1979 19.9515
    endloop
  endfacet
  facet normal -0.989172 0.145667 0.0178853
    outer loop
      vertex 50.7217 47.6784 12.4542
      vertex 50.7865 47.1979 19.9515
      vertex 50.7865 48.1119 12.5074
    endloop
  endfacet
  facet normal -0.989177 0.145635 0.0178833
    outer loop
      vertex 50.7865 47.1979 19.9515
      vertex 50.7217 47.6784 12.4542
      vertex 50.7217 46.7643 19.8983
    endloop
  endfacet
  facet normal -0.242967 -0.962806 -0.118199
    outer loop
      vertex 53.8937 42.9664 11.8756
      vertex 54.3221 42.3201 16.2595
      vertex 53.8937 42.4266 16.2726
    endloop
  endfacet
  facet normal -0.242967 -0.962806 -0.118199
    outer loop
      vertex 54.3221 42.3201 16.2595
      vertex 53.8937 42.9664 11.8756
      vertex 54.3221 42.8599 11.8625
    endloop
  endfacet
  facet normal 0.336949 0.934505 0.11474
    outer loop
      vertex 56.9221 50.453 20.3512
      vertex 56.5063 51.5147 12.9252
      vertex 56.5063 50.6007 20.3693
    endloop
  endfacet
  facet normal 0.336949 0.934505 0.11474
    outer loop
      vertex 56.5063 51.5147 12.9252
      vertex 56.9221 50.453 20.3512
      vertex 56.9221 51.367 12.9071
    endloop
  endfacet
  facet normal -0.514024 0.851383 0.104534
    outer loop
      vertex 53.0787 51.1796 12.8841
      vertex 52.6999 50.0403 20.3005
      vertex 53.0787 50.2656 20.3282
    endloop
  endfacet
  facet normal -0.514024 0.851383 0.104534
    outer loop
      vertex 52.6999 50.0403 20.3005
      vertex 53.0787 51.1796 12.8841
      vertex 52.6999 50.9543 12.8564
    endloop
  endfacet
  facet normal -0.903896 -0.424564 -0.0521288
    outer loop
      vertex 51.2314 45.1351 12.1419
      vertex 51.0425 44.6173 19.6346
      vertex 51.0425 45.5313 12.1905
    endloop
  endfacet
  facet normal -0.903896 -0.424564 -0.0521288
    outer loop
      vertex 51.0425 44.6173 19.6346
      vertex 51.2314 45.1351 12.1419
      vertex 51.2314 44.2211 19.586
    endloop
  endfacet
  facet normal -0.242967 0.962804 0.118215
    outer loop
      vertex 54.3221 51.6212 12.9383
      vertex 53.8937 50.6007 20.3693
      vertex 54.3221 50.7072 20.3824
    endloop
  endfacet
  facet normal -0.242967 0.962804 0.118215
    outer loop
      vertex 53.8937 50.6007 20.3693
      vertex 54.3221 51.6212 12.9383
      vertex 53.8937 51.5147 12.9252
    endloop
  endfacet
  facet normal -0.857789 -0.510171 -0.0626397
    outer loop
      vertex 51.4584 44.7591 12.0957
      vertex 51.2314 44.2211 19.586
      vertex 51.2314 45.1351 12.1419
    endloop
  endfacet
  facet normal -0.857789 -0.510171 -0.0626397
    outer loop
      vertex 51.2314 44.2211 19.586
      vertex 51.4584 44.7591 12.0957
      vertex 51.4584 43.8451 19.5398
    endloop
  endfacet
  facet normal 0.242967 -0.962804 -0.118215
    outer loop
      vertex 56.0779 41.9459 19.3066
      vertex 56.5063 42.9664 11.8756
      vertex 56.5063 42.0524 19.3197
    endloop
  endfacet
  facet normal 0.242967 -0.962804 -0.118215
    outer loop
      vertex 56.5063 42.9664 11.8756
      vertex 56.0779 41.9459 19.3066
      vertex 56.0779 42.8599 11.8625
    endloop
  endfacet
  facet normal -0.595703 -0.797218 -0.097889
    outer loop
      vertex 52.3452 43.788 11.9765
      vertex 52.6999 42.987 16.3414
      vertex 52.3452 43.2481 16.3735
    endloop
  endfacet
  facet normal -0.595848 -0.797113 -0.097858
    outer loop
      vertex 52.6999 42.987 16.3414
      vertex 52.3452 43.788 11.9765
      vertex 52.6999 43.5268 11.9444
    endloop
  endfacet
  facet normal 0.514003 -0.851395 -0.104536
    outer loop
      vertex 57.3213 42.3875 19.3609
      vertex 57.7001 43.5268 11.9444
      vertex 57.7001 42.6128 19.3885
    endloop
  endfacet
  facet normal 0.514003 -0.851395 -0.104536
    outer loop
      vertex 57.7001 43.5268 11.9444
      vertex 57.3213 42.3875 19.3609
      vertex 57.3213 43.3015 11.9168
    endloop
  endfacet
  facet normal 0.803121 -0.591376 -0.0726102
    outer loop
      vertex 58.9416 43.8451 19.5398
      vertex 58.6785 44.4071 12.0525
      vertex 58.9416 44.7591 12.0957
    endloop
  endfacet
  facet normal 0.803121 -0.591376 -0.0726102
    outer loop
      vertex 58.6785 44.4071 12.0525
      vertex 58.9416 43.8451 19.5398
      vertex 58.6785 43.4931 19.4966
    endloop
  endfacet
  facet normal 0.146709 0.981807 0.120548
    outer loop
      vertex 56.0779 50.7072 20.3824
      vertex 55.6411 51.6855 12.9462
      vertex 55.6411 50.7715 20.3903
    endloop
  endfacet
  facet normal 0.146709 0.981807 0.120548
    outer loop
      vertex 55.6411 51.6855 12.9462
      vertex 56.0779 50.7072 20.3824
      vertex 56.0779 51.6212 12.9383
    endloop
  endfacet
  facet normal -0.595703 0.797218 0.0978839
    outer loop
      vertex 52.6999 50.9543 12.8564
      vertex 52.3452 49.7792 20.2684
      vertex 52.6999 50.0403 20.3005
    endloop
  endfacet
  facet normal -0.595703 0.797218 0.0978839
    outer loop
      vertex 52.3452 49.7792 20.2684
      vertex 52.6999 50.9543 12.8564
      vertex 52.3452 50.6932 12.8243
    endloop
  endfacet
  facet normal 0.427575 -0.897242 -0.110165
    outer loop
      vertex 56.9221 42.2001 19.3378
      vertex 57.3213 43.3015 11.9168
      vertex 57.3213 42.3875 19.3609
    endloop
  endfacet
  facet normal 0.427575 -0.897242 -0.110165
    outer loop
      vertex 57.3213 43.3015 11.9168
      vertex 56.9221 42.2001 19.3378
      vertex 56.9221 43.1141 11.8937
    endloop
  endfacet
  facet normal -0.8032 0.591268 0.0726049
    outer loop
      vertex 51.4584 49.722 12.7051
      vertex 51.7215 49.16 20.1924
      vertex 51.7215 50.0741 12.7483
    endloop
  endfacet
  facet normal -0.803121 0.591376 0.0726102
    outer loop
      vertex 51.7215 49.16 20.1924
      vertex 51.4584 49.722 12.7051
      vertex 51.4584 48.808 20.1492
    endloop
  endfacet
  facet normal 0.989177 -0.145631 -0.0178808
    outer loop
      vertex 59.6783 45.8888 19.7908
      vertex 59.6135 46.3692 12.2934
      vertex 59.6783 46.8028 12.3467
    endloop
  endfacet
  facet normal 0.989177 -0.145631 -0.0178808
    outer loop
      vertex 59.6135 46.3692 12.2934
      vertex 59.6783 45.8888 19.7908
      vertex 59.6135 45.4552 19.7375
    endloop
  endfacet
  facet normal -0.941599 0.334226 0.0410369
    outer loop
      vertex 50.8938 48.5371 12.5596
      vertex 51.0425 48.0358 20.0544
      vertex 51.0425 48.9498 12.6103
    endloop
  endfacet
  facet normal -0.941599 0.334226 0.0410369
    outer loop
      vertex 51.0425 48.0358 20.0544
      vertex 50.8938 48.5371 12.5596
      vertex 50.8938 47.6231 20.0037
    endloop
  endfacet
  facet normal 0.427553 0.897253 0.110166
    outer loop
      vertex 57.3213 50.2656 20.3282
      vertex 56.9221 51.367 12.9071
      vertex 56.9221 50.453 20.3512
    endloop
  endfacet
  facet normal 0.427553 0.897253 0.110166
    outer loop
      vertex 56.9221 51.367 12.9071
      vertex 57.3213 50.2656 20.3282
      vertex 57.3213 51.1796 12.8841
    endloop
  endfacet
  facet normal -0.941599 -0.334226 -0.0410369
    outer loop
      vertex 51.0425 45.5313 12.1905
      vertex 50.8938 45.03 19.6853
      vertex 50.8938 45.944 12.2412
    endloop
  endfacet
  facet normal -0.941599 -0.334226 -0.0410369
    outer loop
      vertex 50.8938 45.03 19.6853
      vertex 51.0425 45.5313 12.1905
      vertex 51.0425 44.6173 19.6346
    endloop
  endfacet
  facet normal 0.970035 -0.241155 -0.0296094
    outer loop
      vertex 59.6135 45.4552 19.7375
      vertex 59.5062 45.944 12.2412
      vertex 59.6135 46.3692 12.2934
    endloop
  endfacet
  facet normal 0.970035 -0.241155 -0.0296094
    outer loop
      vertex 59.5062 45.944 12.2412
      vertex 59.6135 45.4552 19.7375
      vertex 59.5062 45.03 19.6853
    endloop
  endfacet
  facet normal -0.0490377 0.991352 0.12172
    outer loop
      vertex 55.2 51.707 12.9488
      vertex 54.7589 50.7715 20.3903
      vertex 55.2 50.793 20.3929
    endloop
  endfacet
  facet normal -0.0490377 0.991352 0.12172
    outer loop
      vertex 54.7589 50.7715 20.3903
      vertex 55.2 51.707 12.9488
      vertex 54.7589 51.6855 12.9462
    endloop
  endfacet
  facet normal 0.671619 0.735374 0.0902906
    outer loop
      vertex 58.382 49.4848 20.2323
      vertex 58.0548 50.6932 12.8243
      vertex 58.0548 49.7792 20.2684
    endloop
  endfacet
  facet normal 0.671619 0.735374 0.0902906
    outer loop
      vertex 58.0548 50.6932 12.8243
      vertex 58.382 49.4848 20.2323
      vertex 58.382 50.3988 12.7882
    endloop
  endfacet
  facet normal -0.427553 0.897253 0.110166
    outer loop
      vertex 53.4779 51.367 12.9071
      vertex 53.0787 50.2656 20.3282
      vertex 53.4779 50.453 20.3512
    endloop
  endfacet
  facet normal -0.427553 0.897253 0.110166
    outer loop
      vertex 53.0787 50.2656 20.3282
      vertex 53.4779 51.367 12.9071
      vertex 53.0787 51.1796 12.8841
    endloop
  endfacet
  facet normal -0.671619 0.735374 0.0902906
    outer loop
      vertex 52.3452 50.6932 12.8243
      vertex 52.018 49.4848 20.2323
      vertex 52.3452 49.7792 20.2684
    endloop
  endfacet
  facet normal -0.671619 0.735374 0.0902906
    outer loop
      vertex 52.018 49.4848 20.2323
      vertex 52.3452 50.6932 12.8243
      vertex 52.018 50.3988 12.7882
    endloop
  endfacet
  facet normal 0.336949 -0.934505 -0.11474
    outer loop
      vertex 56.5063 42.0524 19.3197
      vertex 56.9221 43.1141 11.8937
      vertex 56.9221 42.2001 19.3378
    endloop
  endfacet
  facet normal 0.336949 -0.934505 -0.11474
    outer loop
      vertex 56.9221 43.1141 11.8937
      vertex 56.5063 42.0524 19.3197
      vertex 56.5063 42.9664 11.8756
    endloop
  endfacet
  facet normal -0.336949 0.934505 0.11474
    outer loop
      vertex 53.8937 51.5147 12.9252
      vertex 53.4779 50.453 20.3512
      vertex 53.8937 50.6007 20.3693
    endloop
  endfacet
  facet normal -0.336949 0.934505 0.11474
    outer loop
      vertex 53.4779 50.453 20.3512
      vertex 53.8937 51.5147 12.9252
      vertex 53.4779 51.367 12.9071
    endloop
  endfacet
  facet normal 0.8032 0.591268 0.0726049
    outer loop
      vertex 58.6785 49.16 20.1924
      vertex 58.9416 49.722 12.7051
      vertex 58.6785 50.0741 12.7483
    endloop
  endfacet
  facet normal 0.803121 0.591376 0.0726102
    outer loop
      vertex 58.9416 49.722 12.7051
      vertex 58.6785 49.16 20.1924
      vertex 58.9416 48.808 20.1492
    endloop
  endfacet
  facet normal -0.857789 0.510171 0.0626397
    outer loop
      vertex 51.2314 49.346 12.6589
      vertex 51.4584 48.808 20.1492
      vertex 51.4584 49.722 12.7051
    endloop
  endfacet
  facet normal -0.857789 0.510171 0.0626397
    outer loop
      vertex 51.4584 48.808 20.1492
      vertex 51.2314 49.346 12.6589
      vertex 51.2314 48.432 20.103
    endloop
  endfacet
  facet normal 0.998792 -0.0487716 -0.00598827
    outer loop
      vertex 59.7 46.3266 19.8445
      vertex 59.6783 46.8028 12.3467
      vertex 59.7 47.2406 12.4004
    endloop
  endfacet
  facet normal 0.998792 -0.0487716 -0.00598827
    outer loop
      vertex 59.6783 46.8028 12.3467
      vertex 59.7 46.3266 19.8445
      vertex 59.6783 45.8888 19.7908
    endloop
  endfacet
  facet normal 0.903896 -0.424564 -0.0521288
    outer loop
      vertex 59.3575 44.6173 19.6346
      vertex 59.1686 45.1351 12.1419
      vertex 59.3575 45.5313 12.1905
    endloop
  endfacet
  facet normal 0.903896 -0.424564 -0.0521288
    outer loop
      vertex 59.1686 45.1351 12.1419
      vertex 59.3575 44.6173 19.6346
      vertex 59.1686 44.2211 19.586
    endloop
  endfacet
  facet normal -0.000107017 -0.121822 0.992552
    outer loop
      vertex 54.5178 44.0945 19.5704
      vertex 54.68 43.1802 19.4582
      vertex 54.7415 44.0389 19.5636
    endloop
  endfacet
  facet normal 0.00018801 -0.12177 0.992558
    outer loop
      vertex 54.3007 44.1716 19.5799
      vertex 54.68 43.1802 19.4582
      vertex 54.5178 44.0945 19.5704
    endloop
  endfacet
  facet normal -0.000103192 -0.12188 0.992545
    outer loop
      vertex 54.0922 44.2695 19.5919
      vertex 54.68 43.1802 19.4582
      vertex 54.3007 44.1716 19.5799
    endloop
  endfacet
  facet normal 0.000125684 -0.122062 0.992522
    outer loop
      vertex 52.0072 43.1802 19.4582
      vertex 54.0922 44.2695 19.5919
      vertex 53.8944 44.3872 19.6064
    endloop
  endfacet
  facet normal -8.82807e-05 -0.121733 0.992563
    outer loop
      vertex 52.0072 43.1802 19.4582
      vertex 53.8944 44.3872 19.6064
      vertex 53.7092 44.5235 19.6231
    endloop
  endfacet
  facet normal 8.73781e-05 -0.121952 0.992536
    outer loop
      vertex 52.0072 43.1802 19.4582
      vertex 53.7092 44.5235 19.6231
      vertex 53.5383 44.6772 19.642
    endloop
  endfacet
  facet normal -7.04295e-05 -0.121793 0.992556
    outer loop
      vertex 52.0072 43.1802 19.4582
      vertex 53.5383 44.6772 19.642
      vertex 53.3834 44.8468 19.6628
    endloop
  endfacet
  facet normal 4.62463e-06 -0.121852 0.992548
    outer loop
      vertex 53.1275 47.4261 19.9795
      vertex 51.2314 48.432 20.103
      vertex 53.0289 47.2192 19.9541
    endloop
  endfacet
  facet normal 5.49389e-05 -0.121779 0.992557
    outer loop
      vertex 51.0425 48.0358 20.0544
      vertex 53.0289 47.2192 19.9541
      vertex 51.2314 48.432 20.103
    endloop
  endfacet
  facet normal -3.07216e-05 -0.121984 0.992532
    outer loop
      vertex 53.0289 47.2192 19.9541
      vertex 51.0425 48.0358 20.0544
      vertex 52.9512 47.0036 19.9276
    endloop
  endfacet
  facet normal -2.29889e-06 -0.121932 0.992538
    outer loop
      vertex 50.8938 47.6231 20.0037
      vertex 52.9512 47.0036 19.9276
      vertex 51.0425 48.0358 20.0544
    endloop
  endfacet
  facet normal 0 -0.121825 0.992552
    outer loop
      vertex 54.0922 44.2695 19.5919
      vertex 52.0072 43.1802 19.4582
      vertex 54.68 43.1802 19.4582
    endloop
  endfacet
  facet normal 5.94366e-05 -0.121932 0.992539
    outer loop
      vertex 51.7215 43.4931 19.4966
      vertex 53.3834 44.8468 19.6628
      vertex 53.246 45.0307 19.6854
    endloop
  endfacet
  facet normal -1.6805e-05 -0.121866 0.992547
    outer loop
      vertex 51.4584 43.8451 19.5398
      vertex 53.246 45.0307 19.6854
      vertex 53.1275 45.227 19.7095
    endloop
  endfacet
  facet normal -4.62463e-06 -0.121852 0.992548
    outer loop
      vertex 51.2314 44.2211 19.586
      vertex 53.1275 45.227 19.7095
      vertex 53.0289 45.4339 19.7349
    endloop
  endfacet
  facet normal 3.07216e-05 -0.121984 0.992532
    outer loop
      vertex 51.0425 44.6173 19.6346
      vertex 53.0289 45.4339 19.7349
      vertex 52.9512 45.6495 19.7614
    endloop
  endfacet
  facet normal -8.8465e-05 -0.121635 0.992575
    outer loop
      vertex 50.8938 45.03 19.6853
      vertex 52.9512 45.6495 19.7614
      vertex 52.8952 45.8715 19.7886
    endloop
  endfacet
  facet normal 8.8465e-05 -0.121635 0.992575
    outer loop
      vertex 52.9512 47.0036 19.9276
      vertex 50.8938 47.6231 20.0037
      vertex 52.8952 46.7816 19.9004
    endloop
  endfacet
  facet normal -3.311e-06 -0.12185 0.992549
    outer loop
      vertex 50.7865 47.1979 19.9515
      vertex 52.8952 46.7816 19.9004
      vertex 50.8938 47.6231 20.0037
    endloop
  endfacet
  facet normal -2.3972e-05 -0.121831 0.992551
    outer loop
      vertex 53.3834 44.8468 19.6628
      vertex 51.7215 43.4931 19.4966
      vertex 52.0072 43.1802 19.4582
    endloop
  endfacet
  facet normal -8.27925e-06 -0.121875 0.992545
    outer loop
      vertex 52.8952 46.7816 19.9004
      vertex 50.7865 47.1979 19.9515
      vertex 52.8613 46.5552 19.8726
    endloop
  endfacet
  facet normal -3.50969e-05 -0.121839 0.99255
    outer loop
      vertex 53.246 45.0307 19.6854
      vertex 51.4584 43.8451 19.5398
      vertex 51.7215 43.4931 19.4966
    endloop
  endfacet
  facet normal 2.04568e-05 -0.121784 0.992557
    outer loop
      vertex 50.7217 46.7643 19.8983
      vertex 52.8613 46.5552 19.8726
      vertex 50.7865 47.1979 19.9515
    endloop
  endfacet
  facet normal 3.85723e-05 -0.121932 0.992538
    outer loop
      vertex 53.1275 45.227 19.7095
      vertex 51.2314 44.2211 19.586
      vertex 51.4584 43.8451 19.5398
    endloop
  endfacet
  facet normal -1.39345e-06 -0.122004 0.99253
    outer loop
      vertex 52.8613 46.5552 19.8726
      vertex 50.7217 46.7643 19.8983
      vertex 52.85 46.3266 19.8445
    endloop
  endfacet
  facet normal -5.49389e-05 -0.121779 0.992557
    outer loop
      vertex 53.0289 45.4339 19.7349
      vertex 51.0425 44.6173 19.6346
      vertex 51.2314 44.2211 19.586
    endloop
  endfacet
  facet normal 0 -0.121997 0.99253
    outer loop
      vertex 50.7 46.3266 19.8445
      vertex 52.85 46.3266 19.8445
      vertex 50.7217 46.7643 19.8983
    endloop
  endfacet
  facet normal 2.29889e-06 -0.121932 0.992538
    outer loop
      vertex 52.9512 45.6495 19.7614
      vertex 50.8938 45.03 19.6853
      vertex 51.0425 44.6173 19.6346
    endloop
  endfacet
  facet normal 0 -0.121951 0.992536
    outer loop
      vertex 52.85 46.3266 19.8445
      vertex 50.7 46.3266 19.8445
      vertex 52.8613 46.0979 19.8164
    endloop
  endfacet
  facet normal 3.311e-06 -0.12185 0.992549
    outer loop
      vertex 52.8952 45.8715 19.7886
      vertex 50.7865 45.4552 19.7375
      vertex 50.8938 45.03 19.6853
    endloop
  endfacet
  facet normal 2.21341e-05 -0.121745 0.992561
    outer loop
      vertex 50.7217 45.8888 19.7908
      vertex 52.8613 46.0979 19.8164
      vertex 50.7 46.3266 19.8445
    endloop
  endfacet
  facet normal 3.3562e-05 -0.122001 0.99253
    outer loop
      vertex 52.8952 45.8715 19.7886
      vertex 50.7217 45.8888 19.7908
      vertex 50.7865 45.4552 19.7375
    endloop
  endfacet
  facet normal 3.46133e-05 -0.121871 0.992546
    outer loop
      vertex 52.8613 46.0979 19.8164
      vertex 50.7217 45.8888 19.7908
      vertex 52.8952 45.8715 19.7886
    endloop
  endfacet
  facet normal 0 -0.121997 0.99253
    outer loop
      vertex 57.55 46.3266 19.8445
      vertex 59.7 46.3266 19.8445
      vertex 59.6783 46.7643 19.8983
    endloop
  endfacet
  facet normal -2.04568e-05 -0.121784 0.992557
    outer loop
      vertex 57.5387 46.5552 19.8726
      vertex 59.6783 46.7643 19.8983
      vertex 59.6135 47.1979 19.9515
    endloop
  endfacet
  facet normal 0 -0.121746 0.992561
    outer loop
      vertex 59.7 46.3266 19.8445
      vertex 57.55 46.3266 19.8445
      vertex 59.6783 45.8888 19.7908
    endloop
  endfacet
  facet normal 3.311e-06 -0.12185 0.992549
    outer loop
      vertex 57.5048 46.7816 19.9004
      vertex 59.6135 47.1979 19.9515
      vertex 59.5062 47.6231 20.0037
    endloop
  endfacet
  facet normal -4.23709e-05 -0.121949 0.992536
    outer loop
      vertex 57.5387 46.0979 19.8164
      vertex 59.6783 45.8888 19.7908
      vertex 57.55 46.3266 19.8445
    endloop
  endfacet
  facet normal 2.29889e-06 -0.121932 0.992538
    outer loop
      vertex 57.4488 47.0036 19.9276
      vertex 59.5062 47.6231 20.0037
      vertex 59.3575 48.0358 20.0544
    endloop
  endfacet
  facet normal -4.7313e-05 -0.121999 0.99253
    outer loop
      vertex 59.6783 45.8888 19.7908
      vertex 57.5387 46.0979 19.8164
      vertex 59.6135 45.4552 19.7375
    endloop
  endfacet
  facet normal -5.49389e-05 -0.121779 0.992557
    outer loop
      vertex 57.3711 47.2192 19.9541
      vertex 59.3575 48.0358 20.0544
      vertex 59.1686 48.432 20.103
    endloop
  endfacet
  facet normal -8.27925e-06 -0.121875 0.992545
    outer loop
      vertex 57.5048 45.8715 19.7886
      vertex 59.6135 45.4552 19.7375
      vertex 57.5387 46.0979 19.8164
    endloop
  endfacet
  facet normal 3.85723e-05 -0.121932 0.992538
    outer loop
      vertex 57.2725 47.4261 19.9795
      vertex 59.1686 48.432 20.103
      vertex 58.9416 48.808 20.1492
    endloop
  endfacet
  facet normal -3.311e-06 -0.12185 0.992549
    outer loop
      vertex 59.6135 45.4552 19.7375
      vertex 57.5048 45.8715 19.7886
      vertex 59.5062 45.03 19.6853
    endloop
  endfacet
  facet normal -3.50969e-05 -0.121839 0.99255
    outer loop
      vertex 57.154 47.6224 20.0036
      vertex 58.9416 48.808 20.1492
      vertex 58.6785 49.16 20.1924
    endloop
  endfacet
  facet normal 8.8465e-05 -0.121635 0.992575
    outer loop
      vertex 57.4488 45.6495 19.7614
      vertex 59.5062 45.03 19.6853
      vertex 57.5048 45.8715 19.7886
    endloop
  endfacet
  facet normal 3.25554e-05 -0.121899 0.992543
    outer loop
      vertex 57.0166 47.8063 20.0262
      vertex 58.6785 49.16 20.1924
      vertex 58.382 49.4848 20.2323
    endloop
  endfacet
  facet normal -2.29889e-06 -0.121932 0.992538
    outer loop
      vertex 59.5062 45.03 19.6853
      vertex 57.4488 45.6495 19.7614
      vertex 59.3575 44.6173 19.6346
    endloop
  endfacet
  facet normal -8.54432e-05 -0.121804 0.992554
    outer loop
      vertex 56.8617 47.9759 20.047
      vertex 58.382 49.4848 20.2323
      vertex 58.0548 49.7792 20.2684
    endloop
  endfacet
  facet normal -3.07216e-05 -0.121984 0.992532
    outer loop
      vertex 57.3711 45.4339 19.7349
      vertex 59.3575 44.6173 19.6346
      vertex 57.4488 45.6495 19.7614
    endloop
  endfacet
  facet normal 8.37369e-05 -0.121911 0.992541
    outer loop
      vertex 56.6908 48.1296 20.0659
      vertex 58.0548 49.7792 20.2684
      vertex 57.7001 50.0403 20.3005
    endloop
  endfacet
  facet normal 5.49389e-05 -0.121779 0.992557
    outer loop
      vertex 59.3575 44.6173 19.6346
      vertex 57.3711 45.4339 19.7349
      vertex 59.1686 44.2211 19.586
    endloop
  endfacet
  facet normal 4.62463e-06 -0.121852 0.992548
    outer loop
      vertex 57.2725 45.227 19.7095
      vertex 59.1686 44.2211 19.586
      vertex 57.3711 45.4339 19.7349
    endloop
  endfacet
  facet normal 1.39345e-06 -0.122004 0.99253
    outer loop
      vertex 59.6783 46.7643 19.8983
      vertex 57.5387 46.5552 19.8726
      vertex 57.55 46.3266 19.8445
    endloop
  endfacet
  facet normal 8.27925e-06 -0.121875 0.992545
    outer loop
      vertex 59.6135 47.1979 19.9515
      vertex 57.5048 46.7816 19.9004
      vertex 57.5387 46.5552 19.8726
    endloop
  endfacet
  facet normal -8.8465e-05 -0.121635 0.992575
    outer loop
      vertex 59.5062 47.6231 20.0037
      vertex 57.4488 47.0036 19.9276
      vertex 57.5048 46.7816 19.9004
    endloop
  endfacet
  facet normal 3.07216e-05 -0.121984 0.992532
    outer loop
      vertex 59.3575 48.0358 20.0544
      vertex 57.3711 47.2192 19.9541
      vertex 57.4488 47.0036 19.9276
    endloop
  endfacet
  facet normal 6.11701e-05 -0.121927 0.992539
    outer loop
      vertex 56.5056 48.2659 20.0826
      vertex 57.7001 50.0403 20.3005
      vertex 57.3213 50.2656 20.3282
    endloop
  endfacet
  facet normal -4.62463e-06 -0.121852 0.992548
    outer loop
      vertex 59.1686 48.432 20.103
      vertex 57.2725 47.4261 19.9795
      vertex 57.3711 47.2192 19.9541
    endloop
  endfacet
  facet normal -1.6805e-05 -0.121866 0.992547
    outer loop
      vertex 58.9416 48.808 20.1492
      vertex 57.154 47.6224 20.0036
      vertex 57.2725 47.4261 19.9795
    endloop
  endfacet
  facet normal 5.94366e-05 -0.121932 0.992539
    outer loop
      vertex 58.6785 49.16 20.1924
      vertex 57.0166 47.8063 20.0262
      vertex 57.154 47.6224 20.0036
    endloop
  endfacet
  facet normal -2.33472e-05 -0.121867 0.992546
    outer loop
      vertex 56.3078 48.3836 20.0971
      vertex 57.3213 50.2656 20.3282
      vertex 56.9221 50.453 20.3512
    endloop
  endfacet
  facet normal -8.43195e-05 -0.121805 0.992554
    outer loop
      vertex 58.382 49.4848 20.2323
      vertex 56.8617 47.9759 20.047
      vertex 57.0166 47.8063 20.0262
    endloop
  endfacet
  facet normal 0.000107398 -0.12193 0.992539
    outer loop
      vertex 58.0548 49.7792 20.2684
      vertex 56.6908 48.1296 20.0659
      vertex 56.8617 47.9759 20.047
    endloop
  endfacet
  facet normal -7.80518e-05 -0.121852 0.992548
    outer loop
      vertex 56.0993 48.4815 20.1091
      vertex 56.9221 50.453 20.3512
      vertex 56.5063 50.6007 20.3693
    endloop
  endfacet
  facet normal -0.000135908 -0.121796 0.992555
    outer loop
      vertex 57.7001 50.0403 20.3005
      vertex 56.5056 48.2659 20.0826
      vertex 56.6908 48.1296 20.0659
    endloop
  endfacet
  facet normal 0.000178759 -0.121974 0.992533
    outer loop
      vertex 57.3213 50.2656 20.3282
      vertex 56.3078 48.3836 20.0971
      vertex 56.5056 48.2659 20.0826
    endloop
  endfacet
  facet normal -8.80072e-05 -0.121848 0.992549
    outer loop
      vertex 56.9221 50.453 20.3512
      vertex 56.0993 48.4815 20.1091
      vertex 56.3078 48.3836 20.0971
    endloop
  endfacet
  facet normal 5.47887e-05 -0.121867 0.992546
    outer loop
      vertex 55.8822 48.5586 20.1186
      vertex 56.5063 50.6007 20.3693
      vertex 56.0779 50.7072 20.3824
    endloop
  endfacet
  facet normal 0.00014335 -0.121894 0.992543
    outer loop
      vertex 56.5063 50.6007 20.3693
      vertex 55.8822 48.5586 20.1186
      vertex 56.0993 48.4815 20.1091
    endloop
  endfacet
  facet normal -0.000114698 -0.121852 0.992548
    outer loop
      vertex 56.0779 50.7072 20.3824
      vertex 55.6585 48.6142 20.1254
      vertex 55.8822 48.5586 20.1186
    endloop
  endfacet
  facet normal 1.01238e-05 -0.121877 0.992545
    outer loop
      vertex 55.6411 50.7715 20.3903
      vertex 55.6585 48.6142 20.1254
      vertex 56.0779 50.7072 20.3824
    endloop
  endfacet
  facet normal -0.000112454 -0.121878 0.992545
    outer loop
      vertex 55.6411 50.7715 20.3903
      vertex 55.4303 48.6478 20.1295
      vertex 55.6585 48.6142 20.1254
    endloop
  endfacet
  facet normal -9.02394e-05 -0.12188 0.992545
    outer loop
      vertex 55.2 50.793 20.3929
      vertex 55.4303 48.6478 20.1295
      vertex 55.6411 50.7715 20.3903
    endloop
  endfacet
  facet normal 0.000107442 -0.121859 0.992547
    outer loop
      vertex 55.2 50.793 20.3929
      vertex 55.2 48.659 20.1309
      vertex 55.4303 48.6478 20.1295
    endloop
  endfacet
  facet normal -0.000107442 -0.121859 0.992547
    outer loop
      vertex 55.2 50.793 20.3929
      vertex 54.9697 48.6478 20.1295
      vertex 55.2 48.659 20.1309
    endloop
  endfacet
  facet normal 9.02394e-05 -0.12188 0.992545
    outer loop
      vertex 54.7589 50.7715 20.3903
      vertex 54.9697 48.6478 20.1295
      vertex 55.2 50.793 20.3929
    endloop
  endfacet
  facet normal 0.000112454 -0.121878 0.992545
    outer loop
      vertex 54.7589 50.7715 20.3903
      vertex 54.7415 48.6142 20.1254
      vertex 54.9697 48.6478 20.1295
    endloop
  endfacet
  facet normal -1.01238e-05 -0.121877 0.992545
    outer loop
      vertex 54.3221 50.7072 20.3824
      vertex 54.7415 48.6142 20.1254
      vertex 54.7589 50.7715 20.3903
    endloop
  endfacet
  facet normal 0.000114698 -0.121852 0.992548
    outer loop
      vertex 54.7415 48.6142 20.1254
      vertex 54.3221 50.7072 20.3824
      vertex 54.5178 48.5586 20.1186
    endloop
  endfacet
  facet normal -5.47887e-05 -0.121867 0.992546
    outer loop
      vertex 53.8937 50.6007 20.3693
      vertex 54.5178 48.5586 20.1186
      vertex 54.3221 50.7072 20.3824
    endloop
  endfacet
  facet normal -0.00014335 -0.121894 0.992543
    outer loop
      vertex 54.5178 48.5586 20.1186
      vertex 53.8937 50.6007 20.3693
      vertex 54.3007 48.4815 20.1091
    endloop
  endfacet
  facet normal 7.80518e-05 -0.121852 0.992548
    outer loop
      vertex 53.4779 50.453 20.3512
      vertex 54.3007 48.4815 20.1091
      vertex 53.8937 50.6007 20.3693
    endloop
  endfacet
  facet normal 8.80072e-05 -0.121848 0.992549
    outer loop
      vertex 54.3007 48.4815 20.1091
      vertex 53.4779 50.453 20.3512
      vertex 54.0922 48.3836 20.0971
    endloop
  endfacet
  facet normal 2.33472e-05 -0.121867 0.992546
    outer loop
      vertex 53.0787 50.2656 20.3282
      vertex 54.0922 48.3836 20.0971
      vertex 53.4779 50.453 20.3512
    endloop
  endfacet
  facet normal -0.000178759 -0.121974 0.992533
    outer loop
      vertex 54.0922 48.3836 20.0971
      vertex 53.0787 50.2656 20.3282
      vertex 53.8944 48.2659 20.0826
    endloop
  endfacet
  facet normal -6.11701e-05 -0.121927 0.992539
    outer loop
      vertex 52.6999 50.0403 20.3005
      vertex 53.8944 48.2659 20.0826
      vertex 53.0787 50.2656 20.3282
    endloop
  endfacet
  facet normal 0.000135908 -0.121796 0.992555
    outer loop
      vertex 53.8944 48.2659 20.0826
      vertex 52.6999 50.0403 20.3005
      vertex 53.7092 48.1296 20.0659
    endloop
  endfacet
  facet normal -8.37369e-05 -0.121911 0.992541
    outer loop
      vertex 52.3452 49.7792 20.2684
      vertex 53.7092 48.1296 20.0659
      vertex 52.6999 50.0403 20.3005
    endloop
  endfacet
  facet normal -0.000107398 -0.12193 0.992539
    outer loop
      vertex 53.7092 48.1296 20.0659
      vertex 52.3452 49.7792 20.2684
      vertex 53.5383 47.9759 20.047
    endloop
  endfacet
  facet normal 8.54432e-05 -0.121804 0.992554
    outer loop
      vertex 52.018 49.4848 20.2323
      vertex 53.5383 47.9759 20.047
      vertex 52.3452 49.7792 20.2684
    endloop
  endfacet
  facet normal 8.43195e-05 -0.121805 0.992554
    outer loop
      vertex 53.5383 47.9759 20.047
      vertex 52.018 49.4848 20.2323
      vertex 53.3834 47.8063 20.0262
    endloop
  endfacet
  facet normal -3.25554e-05 -0.121899 0.992543
    outer loop
      vertex 51.7215 49.16 20.1924
      vertex 53.3834 47.8063 20.0262
      vertex 52.018 49.4848 20.2323
    endloop
  endfacet
  facet normal -5.94366e-05 -0.121932 0.992539
    outer loop
      vertex 53.3834 47.8063 20.0262
      vertex 51.7215 49.16 20.1924
      vertex 53.246 47.6224 20.0036
    endloop
  endfacet
  facet normal 3.50969e-05 -0.121839 0.99255
    outer loop
      vertex 51.4584 48.808 20.1492
      vertex 53.246 47.6224 20.0036
      vertex 51.7215 49.16 20.1924
    endloop
  endfacet
  facet normal -3.85723e-05 -0.121932 0.992538
    outer loop
      vertex 51.2314 48.432 20.103
      vertex 53.1275 47.4261 19.9795
      vertex 51.4584 48.808 20.1492
    endloop
  endfacet
  facet normal 1.6805e-05 -0.121866 0.992547
    outer loop
      vertex 53.246 47.6224 20.0036
      vertex 51.4584 48.808 20.1492
      vertex 53.1275 47.4261 19.9795
    endloop
  endfacet
  facet normal -3.85723e-05 -0.121932 0.992538
    outer loop
      vertex 59.1686 44.2211 19.586
      vertex 57.2725 45.227 19.7095
      vertex 58.9416 43.8451 19.5398
    endloop
  endfacet
  facet normal 1.6805e-05 -0.121866 0.992547
    outer loop
      vertex 57.154 45.0307 19.6854
      vertex 58.9416 43.8451 19.5398
      vertex 57.2725 45.227 19.7095
    endloop
  endfacet
  facet normal 3.50969e-05 -0.121839 0.99255
    outer loop
      vertex 58.9416 43.8451 19.5398
      vertex 57.154 45.0307 19.6854
      vertex 58.6785 43.4931 19.4966
    endloop
  endfacet
  facet normal -5.94366e-05 -0.121932 0.992539
    outer loop
      vertex 57.0166 44.8468 19.6628
      vertex 58.6785 43.4931 19.4966
      vertex 57.154 45.0307 19.6854
    endloop
  endfacet
  facet normal -3.25554e-05 -0.121899 0.992543
    outer loop
      vertex 58.6785 43.4931 19.4966
      vertex 57.0166 44.8468 19.6628
      vertex 58.382 43.1683 19.4567
    endloop
  endfacet
  facet normal 8.43195e-05 -0.121805 0.992554
    outer loop
      vertex 56.8617 44.6772 19.642
      vertex 58.382 43.1683 19.4567
      vertex 57.0166 44.8468 19.6628
    endloop
  endfacet
  facet normal 8.54432e-05 -0.121804 0.992554
    outer loop
      vertex 58.382 43.1683 19.4567
      vertex 56.8617 44.6772 19.642
      vertex 58.0548 42.8739 19.4206
    endloop
  endfacet
  facet normal -0.000107398 -0.12193 0.992539
    outer loop
      vertex 56.6908 44.5235 19.6231
      vertex 58.0548 42.8739 19.4206
      vertex 56.8617 44.6772 19.642
    endloop
  endfacet
  facet normal -8.37369e-05 -0.121911 0.992541
    outer loop
      vertex 58.0548 42.8739 19.4206
      vertex 56.6908 44.5235 19.6231
      vertex 57.7001 42.6128 19.3885
    endloop
  endfacet
  facet normal 0.000135908 -0.121796 0.992555
    outer loop
      vertex 56.5056 44.3872 19.6064
      vertex 57.7001 42.6128 19.3885
      vertex 56.6908 44.5235 19.6231
    endloop
  endfacet
  facet normal 0.000125938 -0.121803 0.992554
    outer loop
      vertex 57.7001 42.6128 19.3885
      vertex 56.5056 44.3872 19.6064
      vertex 57.3213 42.3875 19.3609
    endloop
  endfacet
  facet normal -0.000202526 -0.121935 0.992538
    outer loop
      vertex 56.3078 44.2695 19.5919
      vertex 57.3213 42.3875 19.3609
      vertex 56.5056 44.3872 19.6064
    endloop
  endfacet
  facet normal -0.000194875 -0.121931 0.992539
    outer loop
      vertex 57.3213 42.3875 19.3609
      vertex 56.3078 44.2695 19.5919
      vertex 56.9221 42.2001 19.3378
    endloop
  endfacet
  facet normal 8.80072e-05 -0.121848 0.992549
    outer loop
      vertex 56.0993 44.1716 19.5799
      vertex 56.9221 42.2001 19.3378
      vertex 56.3078 44.2695 19.5919
    endloop
  endfacet
  facet normal 7.80518e-05 -0.121852 0.992548
    outer loop
      vertex 56.9221 42.2001 19.3378
      vertex 56.0993 44.1716 19.5799
      vertex 56.5063 42.0524 19.3197
    endloop
  endfacet
  facet normal -0.00014335 -0.121894 0.992543
    outer loop
      vertex 55.8822 44.0945 19.5704
      vertex 56.5063 42.0524 19.3197
      vertex 56.0993 44.1716 19.5799
    endloop
  endfacet
  facet normal -5.47887e-05 -0.121867 0.992546
    outer loop
      vertex 56.5063 42.0524 19.3197
      vertex 55.8822 44.0945 19.5704
      vertex 56.0779 41.9459 19.3066
    endloop
  endfacet
  facet normal 0.000114698 -0.121852 0.992548
    outer loop
      vertex 55.6585 44.0389 19.5636
      vertex 56.0779 41.9459 19.3066
      vertex 55.8822 44.0945 19.5704
    endloop
  endfacet
  facet normal 3.44981e-05 -0.121868 0.992546
    outer loop
      vertex 54.68 43.1802 19.4582
      vertex 56.0779 41.9459 19.3066
      vertex 55.6585 44.0389 19.5636
    endloop
  endfacet
  facet normal 0.000126412 -0.121971 0.992534
    outer loop
      vertex 54.68 43.1802 19.4582
      vertex 55.6585 44.0389 19.5636
      vertex 55.4303 44.0053 19.5595
    endloop
  endfacet
  facet normal -0.000112472 -0.121757 0.99256
    outer loop
      vertex 54.68 43.1802 19.4582
      vertex 55.4303 44.0053 19.5595
      vertex 55.2 43.9941 19.5581
    endloop
  endfacet
  facet normal -4.87571e-06 -0.121912 0.992541
    outer loop
      vertex 56.0779 41.9459 19.3066
      vertex 54.68 43.1802 19.4582
      vertex 55.6411 41.8816 19.2987
    endloop
  endfacet
  facet normal 0.000105692 -0.121895 0.992543
    outer loop
      vertex 54.68 43.1802 19.4582
      vertex 55.2 43.9941 19.5581
      vertex 54.9697 44.0053 19.5595
    endloop
  endfacet
  facet normal 8.8455e-05 -0.121844 0.992549
    outer loop
      vertex 55.6411 41.8816 19.2987
      vertex 54.68 43.1802 19.4582
      vertex 55.2 41.8601 19.2961
    endloop
  endfacet
  facet normal -0.000104106 -0.121822 0.992552
    outer loop
      vertex 54.68 43.1802 19.4582
      vertex 54.9697 44.0053 19.5595
      vertex 54.7415 44.0389 19.5636
    endloop
  endfacet
  facet normal -9.19173e-05 -0.121914 0.992541
    outer loop
      vertex 55.2 41.8601 19.2961
      vertex 54.68 43.1802 19.4582
      vertex 54.7589 41.8816 19.2987
    endloop
  endfacet
  facet normal 0.000954972 -0.121851 0.992548
    outer loop
      vertex 54.7589 41.8816 19.2987
      vertex 54.68 43.1802 19.4582
      vertex 54.68 41.8932 19.3002
    endloop
  endfacet
  facet normal -0.671496 -0.735485 -0.0903089
    outer loop
      vertex 52.018 44.0823 12.0126
      vertex 52.3452 43.2481 16.3735
      vertex 52.018 43.5424 16.4096
    endloop
  endfacet
  facet normal -0.671496 -0.735485 -0.0903089
    outer loop
      vertex 52.3452 43.2481 16.3735
      vertex 52.018 44.0823 12.0126
      vertex 52.3452 43.788 11.9765
    endloop
  endfacet
  facet normal 0.595703 0.797218 0.0978839
    outer loop
      vertex 58.0548 49.7792 20.2684
      vertex 57.7001 50.9543 12.8564
      vertex 57.7001 50.0403 20.3005
    endloop
  endfacet
  facet normal 0.595703 0.797218 0.0978839
    outer loop
      vertex 57.7001 50.9543 12.8564
      vertex 58.0548 49.7792 20.2684
      vertex 58.0548 50.6932 12.8243
    endloop
  endfacet
  facet normal -0.514189 -0.851286 -0.104509
    outer loop
      vertex 52.6999 43.5268 11.9444
      vertex 53.0787 42.7616 16.3137
      vertex 52.6999 42.987 16.3414
    endloop
  endfacet
  facet normal -0.514003 -0.851394 -0.104544
    outer loop
      vertex 53.0787 42.7616 16.3137
      vertex 52.6999 43.5268 11.9444
      vertex 53.0787 43.3015 11.9168
    endloop
  endfacet
  facet normal 0.514024 0.851383 0.104534
    outer loop
      vertex 57.7001 50.0403 20.3005
      vertex 57.3213 51.1796 12.8841
      vertex 57.3213 50.2656 20.3282
    endloop
  endfacet
  facet normal 0.514024 0.851383 0.104534
    outer loop
      vertex 57.3213 51.1796 12.8841
      vertex 57.7001 50.0403 20.3005
      vertex 57.7001 50.9543 12.8564
    endloop
  endfacet
  facet normal 0.146709 -0.981807 -0.120548
    outer loop
      vertex 55.6411 41.8816 19.2987
      vertex 56.0779 42.8599 11.8625
      vertex 56.0779 41.9459 19.3066
    endloop
  endfacet
  facet normal 0.146709 -0.981807 -0.120548
    outer loop
      vertex 56.0779 42.8599 11.8625
      vertex 55.6411 41.8816 19.2987
      vertex 55.6411 42.7956 11.8546
    endloop
  endfacet
  facet normal 0.941599 0.334226 0.0410369
    outer loop
      vertex 59.3575 48.0358 20.0544
      vertex 59.5062 48.5371 12.5596
      vertex 59.3575 48.9498 12.6103
    endloop
  endfacet
  facet normal 0.941599 0.334226 0.0410369
    outer loop
      vertex 59.5062 48.5371 12.5596
      vertex 59.3575 48.0358 20.0544
      vertex 59.5062 47.6231 20.0037
    endloop
  endfacet
  facet normal 0.857789 -0.510171 -0.0626397
    outer loop
      vertex 59.1686 44.2211 19.586
      vertex 58.9416 44.7591 12.0957
      vertex 59.1686 45.1351 12.1419
    endloop
  endfacet
  facet normal 0.857789 -0.510171 -0.0626397
    outer loop
      vertex 58.9416 44.7591 12.0957
      vertex 59.1686 44.2211 19.586
      vertex 58.9416 43.8451 19.5398
    endloop
  endfacet
  facet normal -0.998792 -0.0487716 -0.00598827
    outer loop
      vertex 50.7217 46.8028 12.3467
      vertex 50.7 46.3266 19.8445
      vertex 50.7 47.2406 12.4004
    endloop
  endfacet
  facet normal -0.998792 -0.0487716 -0.00598827
    outer loop
      vertex 50.7 46.3266 19.8445
      vertex 50.7217 46.8028 12.3467
      vertex 50.7217 45.8888 19.7908
    endloop
  endfacet
  facet normal 0.941599 -0.334226 -0.0410369
    outer loop
      vertex 59.5062 45.03 19.6853
      vertex 59.3575 45.5313 12.1905
      vertex 59.5062 45.944 12.2412
    endloop
  endfacet
  facet normal 0.941599 -0.334226 -0.0410369
    outer loop
      vertex 59.3575 45.5313 12.1905
      vertex 59.5062 45.03 19.6853
      vertex 59.3575 44.6173 19.6346
    endloop
  endfacet
  facet normal -0.146709 0.981807 0.120548
    outer loop
      vertex 54.7589 51.6855 12.9462
      vertex 54.3221 50.7072 20.3824
      vertex 54.7589 50.7715 20.3903
    endloop
  endfacet
  facet normal -0.146709 0.981807 0.120548
    outer loop
      vertex 54.3221 50.7072 20.3824
      vertex 54.7589 51.6855 12.9462
      vertex 54.3221 51.6212 12.9383
    endloop
  endfacet
  facet normal 0.740956 0.666548 0.08184
    outer loop
      vertex 58.382 49.4848 20.2323
      vertex 58.6785 50.0741 12.7483
      vertex 58.382 50.3988 12.7882
    endloop
  endfacet
  facet normal 0.741058 0.666436 0.0818351
    outer loop
      vertex 58.6785 50.0741 12.7483
      vertex 58.382 49.4848 20.2323
      vertex 58.6785 49.16 20.1924
    endloop
  endfacet
  facet normal 0.0490377 0.991352 0.12172
    outer loop
      vertex 55.6411 50.7715 20.3903
      vertex 55.2 51.707 12.9488
      vertex 55.2 50.793 20.3929
    endloop
  endfacet
  facet normal 0.0490377 0.991352 0.12172
    outer loop
      vertex 55.2 51.707 12.9488
      vertex 55.6411 50.7715 20.3903
      vertex 55.6411 51.6855 12.9462
    endloop
  endfacet
  facet normal 0.903896 0.424564 0.0521288
    outer loop
      vertex 59.1686 48.432 20.103
      vertex 59.3575 48.9498 12.6103
      vertex 59.1686 49.346 12.6589
    endloop
  endfacet
  facet normal 0.903896 0.424564 0.0521288
    outer loop
      vertex 59.3575 48.9498 12.6103
      vertex 59.1686 48.432 20.103
      vertex 59.3575 48.0358 20.0544
    endloop
  endfacet
  facet normal -0.14664 -0.981815 -0.120568
    outer loop
      vertex 54.68 42.2674 16.253
      vertex 54.7589 41.8816 19.2987
      vertex 54.68 41.8932 19.3002
    endloop
  endfacet
  facet normal -0.147362 -0.98171 -0.120536
    outer loop
      vertex 54.68 42.2674 16.253
      vertex 54.7589 42.7956 11.8546
      vertex 54.7589 41.8816 19.2987
    endloop
  endfacet
  facet normal -0.146709 -0.981808 -0.120536
    outer loop
      vertex 54.7589 42.7956 11.8546
      vertex 54.68 42.2674 16.253
      vertex 54.3221 42.8599 11.8625
    endloop
  endfacet
  facet normal -0.146757 -0.981802 -0.120531
    outer loop
      vertex 54.3221 42.3201 16.2595
      vertex 54.3221 42.8599 11.8625
      vertex 54.68 42.2674 16.253
    endloop
  endfacet
  facet normal 0.671619 -0.735374 -0.0902906
    outer loop
      vertex 58.0548 42.8739 19.4206
      vertex 58.382 44.0823 12.0126
      vertex 58.382 43.1683 19.4567
    endloop
  endfacet
  facet normal 0.671496 -0.735484 -0.090314
    outer loop
      vertex 58.382 44.0823 12.0126
      vertex 58.0548 42.8739 19.4206
      vertex 58.0548 43.788 11.9765
    endloop
  endfacet
  facet normal 0.857789 0.510171 0.0626397
    outer loop
      vertex 58.9416 48.808 20.1492
      vertex 59.1686 49.346 12.6589
      vertex 58.9416 49.722 12.7051
    endloop
  endfacet
  facet normal 0.857789 0.510171 0.0626397
    outer loop
      vertex 59.1686 49.346 12.6589
      vertex 58.9416 48.808 20.1492
      vertex 59.1686 48.432 20.103
    endloop
  endfacet
  facet normal -0.0490377 -0.991352 -0.12172
    outer loop
      vertex 54.7589 42.7956 11.8546
      vertex 55.2 41.8601 19.2961
      vertex 54.7589 41.8816 19.2987
    endloop
  endfacet
  facet normal -0.0490377 -0.991352 -0.12172
    outer loop
      vertex 55.2 41.8601 19.2961
      vertex 54.7589 42.7956 11.8546
      vertex 55.2 42.7741 11.852
    endloop
  endfacet
  facet normal -0.740956 0.666548 0.08184
    outer loop
      vertex 51.7215 50.0741 12.7483
      vertex 52.018 49.4848 20.2323
      vertex 52.018 50.3988 12.7882
    endloop
  endfacet
  facet normal -0.741058 0.666436 0.0818351
    outer loop
      vertex 52.018 49.4848 20.2323
      vertex 51.7215 50.0741 12.7483
      vertex 51.7215 49.16 20.1924
    endloop
  endfacet
  facet normal -0.903896 0.424564 0.0521288
    outer loop
      vertex 51.0425 48.9498 12.6103
      vertex 51.2314 48.432 20.103
      vertex 51.2314 49.346 12.6589
    endloop
  endfacet
  facet normal -0.903896 0.424564 0.0521288
    outer loop
      vertex 51.2314 48.432 20.103
      vertex 51.0425 48.9498 12.6103
      vertex 51.0425 48.0358 20.0544
    endloop
  endfacet
  facet normal -0.970035 0.241155 0.0296094
    outer loop
      vertex 50.7865 48.1119 12.5074
      vertex 50.8938 47.6231 20.0037
      vertex 50.8938 48.5371 12.5596
    endloop
  endfacet
  facet normal -0.970035 0.241155 0.0296094
    outer loop
      vertex 50.8938 47.6231 20.0037
      vertex 50.7865 48.1119 12.5074
      vertex 50.7865 47.1979 19.9515
    endloop
  endfacet
  facet normal 0.242967 0.962804 0.118215
    outer loop
      vertex 56.5063 50.6007 20.3693
      vertex 56.0779 51.6212 12.9383
      vertex 56.0779 50.7072 20.3824
    endloop
  endfacet
  facet normal 0.242967 0.962804 0.118215
    outer loop
      vertex 56.0779 51.6212 12.9383
      vertex 56.5063 50.6007 20.3693
      vertex 56.5063 51.5147 12.9252
    endloop
  endfacet
  facet normal -0.970035 -0.241155 -0.0296094
    outer loop
      vertex 50.8938 45.944 12.2412
      vertex 50.7865 45.4552 19.7375
      vertex 50.7865 46.3692 12.2934
    endloop
  endfacet
  facet normal -0.970035 -0.241155 -0.0296094
    outer loop
      vertex 50.7865 45.4552 19.7375
      vertex 50.8938 45.944 12.2412
      vertex 50.8938 45.03 19.6853
    endloop
  endfacet
  facet normal -0.427553 -0.897252 -0.110174
    outer loop
      vertex 53.0787 43.3015 11.9168
      vertex 53.4779 42.5742 16.2907
      vertex 53.0787 42.7616 16.3137
    endloop
  endfacet
  facet normal -0.427575 -0.897241 -0.110171
    outer loop
      vertex 53.4779 42.5742 16.2907
      vertex 53.0787 43.3015 11.9168
      vertex 53.4779 43.1141 11.8937
    endloop
  endfacet
  facet normal -0.743131 -0.664158 -0.0815509
    outer loop
      vertex 52.018 44.0823 12.0126
      vertex 52.018 43.5424 16.4096
      vertex 52.0072 43.5543 16.4111
    endloop
  endfacet
  facet normal -0.741058 -0.666438 -0.0818194
    outer loop
      vertex 52.0072 43.5543 16.4111
      vertex 51.7215 44.4071 12.0525
      vertex 52.018 44.0823 12.0126
    endloop
  endfacet
  facet normal -0.741009 -0.66649 -0.0818329
    outer loop
      vertex 52.0072 43.5543 16.4111
      vertex 51.7215 43.4931 19.4966
      vertex 51.7215 44.4071 12.0525
    endloop
  endfacet
  facet normal -0.740979 -0.666524 -0.0818308
    outer loop
      vertex 51.7215 43.4931 19.4966
      vertex 52.0072 43.5543 16.4111
      vertex 52.0072 43.1802 19.4582
    endloop
  endfacet
  facet normal 0.0490377 -0.991352 -0.12172
    outer loop
      vertex 55.2 41.8601 19.2961
      vertex 55.6411 42.7956 11.8546
      vertex 55.6411 41.8816 19.2987
    endloop
  endfacet
  facet normal 0.0490377 -0.991352 -0.12172
    outer loop
      vertex 55.6411 42.7956 11.8546
      vertex 55.2 41.8601 19.2961
      vertex 55.2 42.7741 11.852
    endloop
  endfacet
  facet normal -0.989177 -0.145631 -0.0178808
    outer loop
      vertex 50.7865 46.3692 12.2934
      vertex 50.7217 45.8888 19.7908
      vertex 50.7217 46.8028 12.3467
    endloop
  endfacet
  facet normal -0.989177 -0.145631 -0.0178808
    outer loop
      vertex 50.7217 45.8888 19.7908
      vertex 50.7865 46.3692 12.2934
      vertex 50.7865 45.4552 19.7375
    endloop
  endfacet
  facet normal 0.595703 -0.797217 -0.0978944
    outer loop
      vertex 57.7001 42.6128 19.3885
      vertex 58.0548 43.788 11.9765
      vertex 58.0548 42.8739 19.4206
    endloop
  endfacet
  facet normal 0.595848 -0.797112 -0.0978708
    outer loop
      vertex 58.0548 43.788 11.9765
      vertex 57.7001 42.6128 19.3885
      vertex 57.7001 43.5268 11.9444
    endloop
  endfacet
  facet normal -0.803121 -0.591376 -0.0726102
    outer loop
      vertex 51.7215 44.4071 12.0525
      vertex 51.4584 43.8451 19.5398
      vertex 51.4584 44.7591 12.0957
    endloop
  endfacet
  facet normal -0.803121 -0.591376 -0.0726102
    outer loop
      vertex 51.4584 43.8451 19.5398
      vertex 51.7215 44.4071 12.0525
      vertex 51.7215 43.4931 19.4966
    endloop
  endfacet
  facet normal -0.998792 0.0487702 0.00598875
    outer loop
      vertex 50.7 47.2406 12.4004
      vertex 50.7217 46.7643 19.8983
      vertex 50.7217 47.6784 12.4542
    endloop
  endfacet
  facet normal -0.998792 0.0487812 0.00598945
    outer loop
      vertex 50.7217 46.7643 19.8983
      vertex 50.7 47.2406 12.4004
      vertex 50.7 46.3266 19.8445
    endloop
  endfacet
  facet normal 0.741058 -0.666437 -0.0818263
    outer loop
      vertex 58.6785 43.4931 19.4966
      vertex 58.382 44.0823 12.0126
      vertex 58.6785 44.4071 12.0525
    endloop
  endfacet
  facet normal 0.741058 -0.666437 -0.0818263
    outer loop
      vertex 58.382 44.0823 12.0126
      vertex 58.6785 43.4931 19.4966
      vertex 58.382 43.1683 19.4567
    endloop
  endfacet
  facet normal -0.336869 -0.934533 -0.114747
    outer loop
      vertex 94.4779 7.38244 7.50645
      vertex 94.8937 6.32076 14.9324
      vertex 94.4779 6.46842 14.9505
    endloop
  endfacet
  facet normal -0.336876 -0.934531 -0.114746
    outer loop
      vertex 94.8937 6.32076 14.9324
      vertex 94.4779 7.38244 7.50645
      vertex 94.8937 7.23478 7.48832
    endloop
  endfacet
  facet normal 0.989438 0.143874 0.0176651
    outer loop
      vertex 100.614 11.4663 15.5642
      vertex 100.678 11.9467 8.06687
      vertex 100.614 12.3803 8.12011
    endloop
  endfacet
  facet normal 0.989438 0.143875 0.0176652
    outer loop
      vertex 100.678 11.9467 8.06687
      vertex 100.614 11.4663 15.5642
      vertex 100.678 11.0327 15.511
    endloop
  endfacet
  facet normal 0.998758 0.0494435 0.00607074
    outer loop
      vertex 100.678 11.0327 15.511
      vertex 100.7 11.5089 8.01312
      vertex 100.678 11.9467 8.06687
    endloop
  endfacet
  facet normal 0.998759 0.0494429 0.0060707
    outer loop
      vertex 100.7 11.5089 8.01312
      vertex 100.678 11.0327 15.511
      vertex 100.7 10.5949 15.4572
    endloop
  endfacet
  facet normal 0.96966 0.242634 0.0297944
    outer loop
      vertex 100.506 11.8914 15.6164
      vertex 100.614 12.3803 8.12011
      vertex 100.506 12.8055 8.17231
    endloop
  endfacet
  facet normal 0.969647 0.242687 0.0297976
    outer loop
      vertex 100.614 12.3803 8.12011
      vertex 100.506 11.8914 15.6164
      vertex 100.614 11.4663 15.5642
    endloop
  endfacet
  facet normal -0.989177 0.145633 0.0178812
    outer loop
      vertex 91.7217 11.9467 8.06687
      vertex 91.7865 11.4663 15.5642
      vertex 91.7865 12.3803 8.12011
    endloop
  endfacet
  facet normal -0.989177 0.145635 0.0178813
    outer loop
      vertex 91.7865 11.4663 15.5642
      vertex 91.7217 11.9467 8.06687
      vertex 91.7217 11.0327 15.511
    endloop
  endfacet
  facet normal -0.242989 -0.962799 -0.118217
    outer loop
      vertex 94.8937 7.23478 7.48832
      vertex 95.3221 6.21425 14.9193
      vertex 94.8937 6.32076 14.9324
    endloop
  endfacet
  facet normal -0.242983 -0.9628 -0.118218
    outer loop
      vertex 95.3221 6.21425 14.9193
      vertex 94.8937 7.23478 7.48832
      vertex 95.3221 7.12827 7.47524
    endloop
  endfacet
  facet normal 0.336949 0.934506 0.114735
    outer loop
      vertex 97.9221 15.0979 12.8969
      vertex 97.5063 15.783 8.53791
      vertex 97.5063 15.2456 12.915
    endloop
  endfacet
  facet normal 0.336757 0.934572 0.114763
    outer loop
      vertex 97.5063 15.783 8.53791
      vertex 97.9221 15.0979 12.8969
      vertex 97.9221 15.6354 8.51978
    endloop
  endfacet
  facet normal -0.514189 0.851284 0.104522
    outer loop
      vertex 94.0787 15.448 8.49677
      vertex 93.6999 14.3086 15.9132
      vertex 94.0787 14.534 15.9409
    endloop
  endfacet
  facet normal -0.514183 0.851288 0.104523
    outer loop
      vertex 93.6999 14.3086 15.9132
      vertex 94.0787 15.448 8.49677
      vertex 93.6999 15.2226 8.4691
    endloop
  endfacet
  facet normal -0.903911 -0.424533 -0.0521264
    outer loop
      vertex 92.2314 9.40344 7.7546
      vertex 92.0425 8.88565 15.2473
      vertex 92.0425 9.79967 7.80325
    endloop
  endfacet
  facet normal -0.903908 -0.424538 -0.0521267
    outer loop
      vertex 92.0425 8.88565 15.2473
      vertex 92.2314 9.40344 7.7546
      vertex 92.2314 8.48942 15.1987
    endloop
  endfacet
  facet normal -0.242967 0.962804 0.118215
    outer loop
      vertex 95.3221 15.8895 8.55099
      vertex 94.8937 14.869 15.982
      vertex 95.3221 14.9755 15.9951
    endloop
  endfacet
  facet normal -0.242962 0.962806 0.118215
    outer loop
      vertex 94.8937 14.869 15.982
      vertex 95.3221 15.8895 8.55099
      vertex 94.8937 15.783 8.53791
    endloop
  endfacet
  facet normal -0.857762 -0.510215 -0.0626464
    outer loop
      vertex 92.4584 9.02748 7.70844
      vertex 92.2314 8.48942 15.1987
      vertex 92.2314 9.40344 7.7546
    endloop
  endfacet
  facet normal -0.857765 -0.51021 -0.0626462
    outer loop
      vertex 92.2314 8.48942 15.1987
      vertex 92.4584 9.02748 7.70844
      vertex 92.4584 8.11346 15.1525
    endloop
  endfacet
  facet normal 0.242989 -0.962799 -0.118217
    outer loop
      vertex 97.0779 6.21425 14.9193
      vertex 97.5063 7.23478 7.48832
      vertex 97.5063 6.32076 14.9324
    endloop
  endfacet
  facet normal 0.242983 -0.9628 -0.118218
    outer loop
      vertex 97.5063 7.23478 7.48832
      vertex 97.0779 6.21425 14.9193
      vertex 97.0779 7.12827 7.47524
    endloop
  endfacet
  facet normal -0.595703 -0.797218 -0.0978859
    outer loop
      vertex 93.3452 8.05629 7.58919
      vertex 93.6999 6.88117 15.0012
      vertex 93.3452 7.14227 15.0333
    endloop
  endfacet
  facet normal -0.595696 -0.797223 -0.097887
    outer loop
      vertex 93.6999 6.88117 15.0012
      vertex 93.3452 8.05629 7.58919
      vertex 93.6999 7.79519 7.55713
    endloop
  endfacet
  facet normal 0.514069 -0.851355 -0.104534
    outer loop
      vertex 98.3213 6.65583 14.9736
      vertex 98.7001 7.79519 7.55713
      vertex 98.7001 6.88117 15.0012
    endloop
  endfacet
  facet normal 0.514084 -0.851347 -0.104532
    outer loop
      vertex 98.7001 7.79519 7.55713
      vertex 98.3213 6.65583 14.9736
      vertex 98.3213 7.56985 7.52946
    endloop
  endfacet
  facet normal 0.803171 -0.591307 -0.0726038
    outer loop
      vertex 99.9416 8.11346 15.1525
      vertex 99.6785 8.67542 7.66521
      vertex 99.9416 9.02748 7.70844
    endloop
  endfacet
  facet normal 0.803168 -0.591311 -0.072604
    outer loop
      vertex 99.6785 8.67542 7.66521
      vertex 99.9416 8.11346 15.1525
      vertex 99.6785 7.7614 15.1093
    endloop
  endfacet
  facet normal 0.146709 0.981805 0.120564
    outer loop
      vertex 97.0779 15.3521 12.9281
      vertex 96.6411 15.9539 8.55889
      vertex 96.6411 15.4164 12.936
    endloop
  endfacet
  facet normal 0.146929 0.981775 0.120538
    outer loop
      vertex 96.6411 15.9539 8.55889
      vertex 97.0779 15.3521 12.9281
      vertex 97.0779 15.8895 8.55099
    endloop
  endfacet
  facet normal -0.595703 0.797218 0.0978839
    outer loop
      vertex 93.6999 15.2226 8.4691
      vertex 93.3452 14.0475 15.8811
      vertex 93.6999 14.3086 15.9132
    endloop
  endfacet
  facet normal -0.595694 0.797225 0.0978853
    outer loop
      vertex 93.3452 14.0475 15.8811
      vertex 93.6999 15.2226 8.4691
      vertex 93.3452 14.9615 8.43705
    endloop
  endfacet
  facet normal 0.427593 -0.897233 -0.110166
    outer loop
      vertex 97.9221 6.46842 14.9505
      vertex 98.3213 7.56985 7.52946
      vertex 98.3213 6.65583 14.9736
    endloop
  endfacet
  facet normal 0.427573 -0.897243 -0.110168
    outer loop
      vertex 98.3213 7.56985 7.52946
      vertex 97.9221 6.46842 14.9505
      vertex 97.9221 7.38244 7.50645
    endloop
  endfacet
  facet normal -0.803203 0.591265 0.0725969
    outer loop
      vertex 92.4584 13.9903 8.3178
      vertex 92.7215 13.4284 15.8051
      vertex 92.7215 14.3424 8.36103
    endloop
  endfacet
  facet normal -0.8032 0.591269 0.0725971
    outer loop
      vertex 92.7215 13.4284 15.8051
      vertex 92.4584 13.9903 8.3178
      vertex 92.4584 13.0763 15.7619
    endloop
  endfacet
  facet normal 0.989438 -0.143874 -0.017665
    outer loop
      vertex 100.678 10.1571 15.4035
      vertex 100.614 10.6375 7.90613
      vertex 100.678 11.0711 7.95936
    endloop
  endfacet
  facet normal 0.989437 -0.143881 -0.0176654
    outer loop
      vertex 100.614 10.6375 7.90613
      vertex 100.678 10.1571 15.4035
      vertex 100.614 9.72353 15.3502
    endloop
  endfacet
  facet normal -0.941573 0.3343 0.0410458
    outer loop
      vertex 91.8938 12.8055 8.17231
      vertex 92.0425 12.3041 15.6671
      vertex 92.0425 13.2181 8.22298
    endloop
  endfacet
  facet normal -0.941599 0.334226 0.0410414
    outer loop
      vertex 92.0425 12.3041 15.6671
      vertex 91.8938 12.8055 8.17231
      vertex 91.8938 11.8914 15.6164
    endloop
  endfacet
  facet normal 0.427553 0.897251 0.11018
    outer loop
      vertex 98.3213 14.9105 12.8739
      vertex 97.9221 15.6354 8.51978
      vertex 97.9221 15.0979 12.8969
    endloop
  endfacet
  facet normal 0.427555 0.89725 0.11018
    outer loop
      vertex 97.9221 15.6354 8.51978
      vertex 98.3213 14.9105 12.8739
      vertex 98.3213 15.448 8.49677
    endloop
  endfacet
  facet normal -0.941606 -0.334207 -0.0410369
    outer loop
      vertex 92.0425 9.79967 7.80325
      vertex 91.8938 9.29835 15.298
      vertex 91.8938 10.2124 7.85392
    endloop
  endfacet
  facet normal -0.941599 -0.334226 -0.0410381
    outer loop
      vertex 91.8938 9.29835 15.298
      vertex 92.0425 9.79967 7.80325
      vertex 92.0425 8.88565 15.2473
    endloop
  endfacet
  facet normal 0.969647 -0.242687 -0.0297967
    outer loop
      vertex 100.614 9.72353 15.3502
      vertex 100.506 10.2124 7.85392
      vertex 100.614 10.6375 7.90613
    endloop
  endfacet
  facet normal 0.969658 -0.242645 -0.0297941
    outer loop
      vertex 100.506 10.2124 7.85392
      vertex 100.614 9.72353 15.3502
      vertex 100.506 9.29835 15.298
    endloop
  endfacet
  facet normal -0.0490377 0.991351 0.121734
    outer loop
      vertex 96.2 15.9754 8.56153
      vertex 95.7589 15.0398 16.003
      vertex 96.2 15.0613 16.0056
    endloop
  endfacet
  facet normal -0.0490488 0.99135 0.121733
    outer loop
      vertex 95.7589 15.0398 16.003
      vertex 96.2 15.9754 8.56153
      vertex 95.7589 15.9539 8.55889
    endloop
  endfacet
  facet normal 0.671496 0.735485 0.0903048
    outer loop
      vertex 99.382 13.7532 15.845
      vertex 99.0548 14.9615 8.43705
      vertex 99.0548 14.0475 15.8811
    endloop
  endfacet
  facet normal 0.671503 0.735479 0.0903034
    outer loop
      vertex 99.0548 14.9615 8.43705
      vertex 99.382 13.7532 15.845
      vertex 99.382 14.6672 8.4009
    endloop
  endfacet
  facet normal -0.427553 0.897253 0.110166
    outer loop
      vertex 94.4779 15.6354 8.51978
      vertex 94.0787 14.534 15.9409
      vertex 94.4779 14.7214 15.9639
    endloop
  endfacet
  facet normal -0.427555 0.897252 0.110166
    outer loop
      vertex 94.0787 14.534 15.9409
      vertex 94.4779 15.6354 8.51978
      vertex 94.0787 15.448 8.49677
    endloop
  endfacet
  facet normal -0.671496 0.735485 0.0903048
    outer loop
      vertex 93.3452 14.9615 8.43705
      vertex 93.018 13.7532 15.845
      vertex 93.3452 14.0475 15.8811
    endloop
  endfacet
  facet normal -0.671503 0.735479 0.0903034
    outer loop
      vertex 93.018 13.7532 15.845
      vertex 93.3452 14.9615 8.43705
      vertex 93.018 14.6672 8.4009
    endloop
  endfacet
  facet normal 0.336869 -0.934533 -0.114747
    outer loop
      vertex 97.5063 6.32076 14.9324
      vertex 97.9221 7.38244 7.50645
      vertex 97.9221 6.46842 14.9505
    endloop
  endfacet
  facet normal 0.336876 -0.934531 -0.114746
    outer loop
      vertex 97.9221 7.38244 7.50645
      vertex 97.5063 6.32076 14.9324
      vertex 97.5063 7.23478 7.48832
    endloop
  endfacet
  facet normal -0.336749 0.934576 0.114749
    outer loop
      vertex 94.8937 15.783 8.53791
      vertex 94.4779 14.7214 15.9639
      vertex 94.8937 14.869 15.982
    endloop
  endfacet
  facet normal -0.336757 0.934574 0.114748
    outer loop
      vertex 94.4779 14.7214 15.9639
      vertex 94.8937 15.783 8.53791
      vertex 94.4779 15.6354 8.51978
    endloop
  endfacet
  facet normal 0.803203 0.591265 0.0725969
    outer loop
      vertex 99.6785 13.4284 15.8051
      vertex 99.9416 13.9903 8.3178
      vertex 99.6785 14.3424 8.36103
    endloop
  endfacet
  facet normal 0.8032 0.591269 0.0725971
    outer loop
      vertex 99.9416 13.9903 8.3178
      vertex 99.6785 13.4284 15.8051
      vertex 99.9416 13.0763 15.7619
    endloop
  endfacet
  facet normal -0.857727 0.510274 0.0626523
    outer loop
      vertex 92.2314 13.6144 8.27164
      vertex 92.4584 13.0763 15.7619
      vertex 92.4584 13.9903 8.3178
    endloop
  endfacet
  facet normal -0.85773 0.510269 0.0626521
    outer loop
      vertex 92.4584 13.0763 15.7619
      vertex 92.2314 13.6144 8.27164
      vertex 92.2314 12.7004 15.7157
    endloop
  endfacet
  facet normal 0.998758 -0.0494434 -0.00607077
    outer loop
      vertex 100.7 10.5949 15.4572
      vertex 100.678 11.0711 7.95936
      vertex 100.7 11.5089 8.01312
    endloop
  endfacet
  facet normal 0.998758 -0.0494442 -0.00607082
    outer loop
      vertex 100.678 11.0711 7.95936
      vertex 100.7 10.5949 15.4572
      vertex 100.678 10.1571 15.4035
    endloop
  endfacet
  facet normal 0.904698 -0.422878 -0.0519233
    outer loop
      vertex 100.357 8.88565 15.2473
      vertex 100.169 9.40344 7.7546
      vertex 100.357 9.79967 7.80325
    endloop
  endfacet
  facet normal 0.904695 -0.422884 -0.0519236
    outer loop
      vertex 100.169 9.40344 7.7546
      vertex 100.357 8.88565 15.2473
      vertex 100.169 8.48942 15.1987
    endloop
  endfacet
  facet normal 5.69762e-05 -0.121866 0.992547
    outer loop
      vertex 96.2 15.0613 16.0056
      vertex 96.45 14.1085 15.8886
      vertex 96.45 15.0492 16.0041
    endloop
  endfacet
  facet normal 8.91219e-05 -0.121857 0.992548
    outer loop
      vertex 95.7589 15.0398 16.003
      vertex 96.45 14.1085 15.8886
      vertex 96.2 15.0613 16.0056
    endloop
  endfacet
  facet normal 5.43164e-05 -0.121863 0.992547
    outer loop
      vertex 96.45 14.1085 15.8886
      vertex 96.2 12.9274 15.7436
      vertex 96.4303 12.9161 15.7422
    endloop
  endfacet
  facet normal -5.54566e-05 -0.121841 0.99255
    outer loop
      vertex 96.45 14.1085 15.8886
      vertex 95.9697 12.9161 15.7422
      vertex 96.2 12.9274 15.7436
    endloop
  endfacet
  facet normal -2.9695e-06 -0.121925 0.992539
    outer loop
      vertex 95.3221 14.9755 15.9951
      vertex 96.45 14.1085 15.8886
      vertex 95.7589 15.0398 16.003
    endloop
  endfacet
  facet normal 6.03244e-05 -0.121886 0.992544
    outer loop
      vertex 96.45 14.1085 15.8886
      vertex 95.7415 12.8826 15.7381
      vertex 95.9697 12.9161 15.7422
    endloop
  endfacet
  facet normal 3.72025e-05 -0.121873 0.992546
    outer loop
      vertex 96.45 14.1085 15.8886
      vertex 95.3221 14.9755 15.9951
      vertex 95.7415 12.8826 15.7381
    endloop
  endfacet
  facet normal 0.000167962 -0.121847 0.992549
    outer loop
      vertex 95.7415 12.8826 15.7381
      vertex 95.3221 14.9755 15.9951
      vertex 95.5178 12.8269 15.7313
    endloop
  endfacet
  facet normal -5.47887e-05 -0.121867 0.992546
    outer loop
      vertex 94.8937 14.869 15.982
      vertex 95.5178 12.8269 15.7313
      vertex 95.3221 14.9755 15.9951
    endloop
  endfacet
  facet normal -0.00014335 -0.121894 0.992543
    outer loop
      vertex 95.5178 12.8269 15.7313
      vertex 94.8937 14.869 15.982
      vertex 95.3007 12.7498 15.7218
    endloop
  endfacet
  facet normal 5.06167e-05 -0.121857 0.992548
    outer loop
      vertex 94.4779 14.7214 15.9639
      vertex 95.3007 12.7498 15.7218
      vertex 94.8937 14.869 15.982
    endloop
  endfacet
  facet normal 3.67095e-05 -0.121863 0.992547
    outer loop
      vertex 95.3007 12.7498 15.7218
      vertex 94.4779 14.7214 15.9639
      vertex 95.0922 12.652 15.7098
    endloop
  endfacet
  facet normal 2.33472e-05 -0.121867 0.992546
    outer loop
      vertex 94.0787 14.534 15.9409
      vertex 95.0922 12.652 15.7098
      vertex 94.4779 14.7214 15.9639
    endloop
  endfacet
  facet normal -0.000178759 -0.121974 0.992533
    outer loop
      vertex 95.0922 12.652 15.7098
      vertex 94.0787 14.534 15.9409
      vertex 94.8944 12.5343 15.6953
    endloop
  endfacet
  facet normal -3.52692e-05 -0.121917 0.99254
    outer loop
      vertex 93.6999 14.3086 15.9132
      vertex 94.8944 12.5343 15.6953
      vertex 94.0787 14.534 15.9409
    endloop
  endfacet
  facet normal 0.000183254 -0.121772 0.992558
    outer loop
      vertex 94.8944 12.5343 15.6953
      vertex 93.6999 14.3086 15.9132
      vertex 94.7092 12.3979 15.6786
    endloop
  endfacet
  facet normal -8.37369e-05 -0.121911 0.992541
    outer loop
      vertex 93.3452 14.0475 15.8811
      vertex 94.7092 12.3979 15.6786
      vertex 93.6999 14.3086 15.9132
    endloop
  endfacet
  facet normal -0.000107398 -0.12193 0.992539
    outer loop
      vertex 94.7092 12.3979 15.6786
      vertex 93.3452 14.0475 15.8811
      vertex 94.5383 12.2442 15.6597
    endloop
  endfacet
  facet normal 6.21051e-05 -0.121819 0.992552
    outer loop
      vertex 93.018 13.7532 15.845
      vertex 94.5383 12.2442 15.6597
      vertex 93.3452 14.0475 15.8811
    endloop
  endfacet
  facet normal 8.01172e-05 -0.121802 0.992554
    outer loop
      vertex 94.5383 12.2442 15.6597
      vertex 93.018 13.7532 15.845
      vertex 94.3834 12.0746 15.6389
    endloop
  endfacet
  facet normal -3.67621e-05 -0.121895 0.992543
    outer loop
      vertex 92.7215 13.4284 15.8051
      vertex 94.3834 12.0746 15.6389
      vertex 93.018 13.7532 15.845
    endloop
  endfacet
  facet normal -6.39976e-05 -0.121928 0.992539
    outer loop
      vertex 94.3834 12.0746 15.6389
      vertex 92.7215 13.4284 15.8051
      vertex 94.246 11.8907 15.6163
    endloop
  endfacet
  facet normal 5.04424e-05 -0.121816 0.992553
    outer loop
      vertex 92.4584 13.0763 15.7619
      vertex 94.246 11.8907 15.6163
      vertex 92.7215 13.4284 15.8051
    endloop
  endfacet
  facet normal -5.64764e-05 -0.121954 0.992536
    outer loop
      vertex 92.2314 12.7004 15.7157
      vertex 94.1275 11.6944 15.5922
      vertex 92.4584 13.0763 15.7619
    endloop
  endfacet
  facet normal 1.6805e-05 -0.121866 0.992547
    outer loop
      vertex 94.246 11.8907 15.6163
      vertex 92.4584 13.0763 15.7619
      vertex 94.1275 11.6944 15.5922
    endloop
  endfacet
  facet normal 0 -0.12197 0.992534
    outer loop
      vertex 98.55 10.5949 15.4572
      vertex 100.7 10.5949 15.4572
      vertex 100.678 11.0327 15.511
    endloop
  endfacet
  facet normal -1.48516e-05 -0.121783 0.992557
    outer loop
      vertex 98.5387 10.8235 15.4853
      vertex 100.678 11.0327 15.511
      vertex 100.614 11.4663 15.5642
    endloop
  endfacet
  facet normal 0 -0.121746 0.992561
    outer loop
      vertex 100.7 10.5949 15.4572
      vertex 98.55 10.5949 15.4572
      vertex 100.678 10.1571 15.4035
    endloop
  endfacet
  facet normal 1.41989e-05 -0.121876 0.992545
    outer loop
      vertex 98.5048 11.0499 15.5131
      vertex 100.614 11.4663 15.5642
      vertex 100.506 11.8914 15.6164
    endloop
  endfacet
  facet normal -5.32411e-05 -0.122001 0.99253
    outer loop
      vertex 98.5387 10.3663 15.4291
      vertex 100.678 10.1571 15.4035
      vertex 98.55 10.5949 15.4572
    endloop
  endfacet
  facet normal -3.04732e-06 -0.121934 0.992538
    outer loop
      vertex 98.4488 11.272 15.5403
      vertex 100.506 11.8914 15.6164
      vertex 100.357 12.3041 15.6671
    endloop
  endfacet
  facet normal -5.37633e-05 -0.122007 0.992529
    outer loop
      vertex 100.678 10.1571 15.4035
      vertex 98.5387 10.3663 15.4291
      vertex 100.614 9.72353 15.3502
    endloop
  endfacet
  facet normal -6.55668e-05 -0.121753 0.99256
    outer loop
      vertex 98.3711 11.4875 15.5668
      vertex 100.357 12.3041 15.6671
      vertex 100.169 12.7004 15.7157
    endloop
  endfacet
  facet normal 3.72122e-06 -0.121824 0.992552
    outer loop
      vertex 98.5048 10.1398 15.4013
      vertex 100.614 9.72353 15.3502
      vertex 98.5387 10.3663 15.4291
    endloop
  endfacet
  facet normal 5.64433e-05 -0.121953 0.992536
    outer loop
      vertex 98.2725 11.6944 15.5922
      vertex 100.169 12.7004 15.7157
      vertex 99.9416 13.0763 15.7619
    endloop
  endfacet
  facet normal -2.73604e-06 -0.121856 0.992548
    outer loop
      vertex 100.614 9.72353 15.3502
      vertex 98.5048 10.1398 15.4013
      vertex 100.506 9.29835 15.298
    endloop
  endfacet
  facet normal -5.04424e-05 -0.121816 0.992553
    outer loop
      vertex 98.154 11.8907 15.6163
      vertex 99.9416 13.0763 15.7619
      vertex 99.6785 13.4284 15.8051
    endloop
  endfacet
  facet normal 9.12206e-05 -0.121636 0.992575
    outer loop
      vertex 98.4488 9.9178 15.3741
      vertex 100.506 9.29835 15.298
      vertex 98.5048 10.1398 15.4013
    endloop
  endfacet
  facet normal 3.67621e-05 -0.121895 0.992543
    outer loop
      vertex 98.0166 12.0746 15.6389
      vertex 99.6785 13.4284 15.8051
      vertex 99.382 13.7532 15.845
    endloop
  endfacet
  facet normal 3.74322e-07 -0.121933 0.992538
    outer loop
      vertex 100.506 9.29835 15.298
      vertex 98.4488 9.9178 15.3741
      vertex 100.357 8.88565 15.2473
    endloop
  endfacet
  facet normal -6.21051e-05 -0.121819 0.992552
    outer loop
      vertex 97.8617 12.2442 15.6597
      vertex 99.382 13.7532 15.845
      vertex 99.0548 14.0475 15.8811
    endloop
  endfacet
  facet normal -5.11114e-05 -0.122027 0.992527
    outer loop
      vertex 98.3711 9.70229 15.3476
      vertex 100.357 8.88565 15.2473
      vertex 98.4488 9.9178 15.3741
    endloop
  endfacet
  facet normal 8.79929e-05 -0.121914 0.992541
    outer loop
      vertex 97.6908 12.3979 15.6786
      vertex 99.0548 14.0475 15.8811
      vertex 98.9719 14.1085 15.8886
    endloop
  endfacet
  facet normal 5.61137e-05 -0.12177 0.992558
    outer loop
      vertex 100.357 8.88565 15.2473
      vertex 98.3711 9.70229 15.3476
      vertex 100.169 8.48942 15.1987
    endloop
  endfacet
  facet normal 7.04623e-06 -0.121842 0.99255
    outer loop
      vertex 98.2725 9.49537 15.3222
      vertex 100.169 8.48942 15.1987
      vertex 98.3711 9.70229 15.3476
    endloop
  endfacet
  facet normal 7.06919e-06 -0.122004 0.99253
    outer loop
      vertex 100.678 11.0327 15.511
      vertex 98.5387 10.8235 15.4853
      vertex 98.55 10.5949 15.4572
    endloop
  endfacet
  facet normal 1.38897e-05 -0.121874 0.992546
    outer loop
      vertex 100.614 11.4663 15.5642
      vertex 98.5048 11.0499 15.5131
      vertex 98.5387 10.8235 15.4853
    endloop
  endfacet
  facet normal -0.000109295 -0.121586 0.992581
    outer loop
      vertex 100.506 11.8914 15.6164
      vertex 98.4488 11.272 15.5403
      vertex 98.5048 11.0499 15.5131
    endloop
  endfacet
  facet normal 5.09986e-05 -0.122032 0.992526
    outer loop
      vertex 100.357 12.3041 15.6671
      vertex 98.3711 11.4875 15.5668
      vertex 98.4488 11.272 15.5403
    endloop
  endfacet
  facet normal 5.04777e-07 -0.12185 0.992549
    outer loop
      vertex 100.169 12.7004 15.7157
      vertex 98.2725 11.6944 15.5922
      vertex 98.3711 11.4875 15.5668
    endloop
  endfacet
  facet normal -1.6805e-05 -0.121866 0.992547
    outer loop
      vertex 99.9416 13.0763 15.7619
      vertex 98.154 11.8907 15.6163
      vertex 98.2725 11.6944 15.5922
    endloop
  endfacet
  facet normal 6.39976e-05 -0.121928 0.992539
    outer loop
      vertex 99.6785 13.4284 15.8051
      vertex 98.0166 12.0746 15.6389
      vertex 98.154 11.8907 15.6163
    endloop
  endfacet
  facet normal -8.01172e-05 -0.121802 0.992554
    outer loop
      vertex 99.382 13.7532 15.845
      vertex 97.8617 12.2442 15.6597
      vertex 98.0166 12.0746 15.6389
    endloop
  endfacet
  facet normal 0.000107398 -0.12193 0.992539
    outer loop
      vertex 99.0548 14.0475 15.8811
      vertex 97.6908 12.3979 15.6786
      vertex 97.8617 12.2442 15.6597
    endloop
  endfacet
  facet normal -0.000155443 -0.121734 0.992563
    outer loop
      vertex 98.9719 14.1085 15.8886
      vertex 97.5056 12.5343 15.6953
      vertex 97.6908 12.3979 15.6786
    endloop
  endfacet
  facet normal 0.000152768 -0.122017 0.992528
    outer loop
      vertex 98.9719 14.1085 15.8886
      vertex 97.3078 12.652 15.7098
      vertex 97.5056 12.5343 15.6953
    endloop
  endfacet
  facet normal -1.83857e-05 -0.121825 0.992552
    outer loop
      vertex 98.9719 14.1085 15.8886
      vertex 97.0993 12.7498 15.7218
      vertex 97.3078 12.652 15.7098
    endloop
  endfacet
  facet normal 0 -0.12185 0.992549
    outer loop
      vertex 96.45 14.1085 15.8886
      vertex 97.0993 12.7498 15.7218
      vertex 98.9719 14.1085 15.8886
    endloop
  endfacet
  facet normal 0.000191977 -0.121759 0.99256
    outer loop
      vertex 97.0993 12.7498 15.7218
      vertex 96.45 14.1085 15.8886
      vertex 96.8822 12.8269 15.7313
    endloop
  endfacet
  facet normal -0.000176611 -0.121882 0.992545
    outer loop
      vertex 96.8822 12.8269 15.7313
      vertex 96.45 14.1085 15.8886
      vertex 96.6585 12.8826 15.7381
    endloop
  endfacet
  facet normal -5.66202e-05 -0.121862 0.992547
    outer loop
      vertex 96.6585 12.8826 15.7381
      vertex 96.45 14.1085 15.8886
      vertex 96.4303 12.9161 15.7422
    endloop
  endfacet
  facet normal -4.61932e-05 -0.12194 0.992537
    outer loop
      vertex 100.169 8.48942 15.1987
      vertex 98.2725 9.49537 15.3222
      vertex 99.9416 8.11346 15.1525
    endloop
  endfacet
  facet normal 3.00248e-05 -0.12185 0.992549
    outer loop
      vertex 98.154 9.29903 15.2981
      vertex 99.9416 8.11346 15.1525
      vertex 98.2725 9.49537 15.3222
    endloop
  endfacet
  facet normal 4.56719e-05 -0.121826 0.992551
    outer loop
      vertex 99.9416 8.11346 15.1525
      vertex 98.154 9.29903 15.2981
      vertex 99.6785 7.7614 15.1093
    endloop
  endfacet
  facet normal -7.98755e-05 -0.121949 0.992536
    outer loop
      vertex 98.0166 9.11518 15.2755
      vertex 99.6785 7.7614 15.1093
      vertex 98.154 9.29903 15.2981
    endloop
  endfacet
  facet normal -4.11811e-05 -0.121902 0.992542
    outer loop
      vertex 99.6785 7.7614 15.1093
      vertex 98.0166 9.11518 15.2755
      vertex 99.382 7.43663 15.0694
    endloop
  endfacet
  facet normal 8.63773e-05 -0.1218 0.992555
    outer loop
      vertex 97.8617 8.94557 15.2547
      vertex 99.382 7.43663 15.0694
      vertex 98.0166 9.11518 15.2755
    endloop
  endfacet
  facet normal 7.61086e-05 -0.12181 0.992553
    outer loop
      vertex 99.382 7.43663 15.0694
      vertex 97.8617 8.94557 15.2547
      vertex 99.0548 7.14227 15.0333
    endloop
  endfacet
  facet normal -0.000102926 -0.121927 0.992539
    outer loop
      vertex 97.6908 8.79186 15.2358
      vertex 99.0548 7.14227 15.0333
      vertex 97.8617 8.94557 15.2547
    endloop
  endfacet
  facet normal -8.33988e-05 -0.121911 0.992541
    outer loop
      vertex 99.0548 7.14227 15.0333
      vertex 97.6908 8.79186 15.2358
      vertex 98.7001 6.88117 15.0012
    endloop
  endfacet
  facet normal 0.000164655 -0.121782 0.992557
    outer loop
      vertex 97.5056 8.6555 15.2191
      vertex 98.7001 6.88117 15.0012
      vertex 97.6908 8.79186 15.2358
    endloop
  endfacet
  facet normal 0.000137163 -0.1218 0.992555
    outer loop
      vertex 98.7001 6.88117 15.0012
      vertex 97.5056 8.6555 15.2191
      vertex 98.3213 6.65583 14.9736
    endloop
  endfacet
  facet normal -0.000211572 -0.12194 0.992537
    outer loop
      vertex 97.3078 8.53782 15.2046
      vertex 98.3213 6.65583 14.9736
      vertex 97.5056 8.6555 15.2191
    endloop
  endfacet
  facet normal -0.000192194 -0.12193 0.992539
    outer loop
      vertex 98.3213 6.65583 14.9736
      vertex 97.3078 8.53782 15.2046
      vertex 97.9221 6.46842 14.9505
    endloop
  endfacet
  facet normal 6.74896e-05 -0.121854 0.992548
    outer loop
      vertex 97.0993 8.43996 15.1926
      vertex 97.9221 6.46842 14.9505
      vertex 97.3078 8.53782 15.2046
    endloop
  endfacet
  facet normal 6.70781e-05 -0.121854 0.992548
    outer loop
      vertex 97.9221 6.46842 14.9505
      vertex 97.0993 8.43996 15.1926
      vertex 97.5063 6.32076 14.9324
    endloop
  endfacet
  facet normal 0.000295149 -0.121811 0.992553
    outer loop
      vertex 96.8822 8.36284 15.1832
      vertex 97.5063 6.32076 14.9324
      vertex 97.0993 8.43996 15.1926
    endloop
  endfacet
  facet normal -4.0638e-05 -0.121912 0.992541
    outer loop
      vertex 97.5063 6.32076 14.9324
      vertex 96.8822 8.36284 15.1832
      vertex 97.0779 6.21425 14.9193
    endloop
  endfacet
  facet normal -0.000297147 -0.121935 0.992538
    outer loop
      vertex 96.6585 8.30722 15.1763
      vertex 97.0779 6.21425 14.9193
      vertex 96.8822 8.36284 15.1832
    endloop
  endfacet
  facet normal -7.16372e-06 -0.121878 0.992545
    outer loop
      vertex 96.6585 8.30722 15.1763
      vertex 96.6411 6.14994 14.9114
      vertex 97.0779 6.21425 14.9193
    endloop
  endfacet
  facet normal 0.000101926 -0.121879 0.992545
    outer loop
      vertex 96.4303 8.27364 15.1722
      vertex 96.6411 6.14994 14.9114
      vertex 96.6585 8.30722 15.1763
    endloop
  endfacet
  facet normal -8.96621e-05 -0.121898 0.992543
    outer loop
      vertex 96.2 8.26241 15.1708
      vertex 96.6411 6.14994 14.9114
      vertex 96.4303 8.27364 15.1722
    endloop
  endfacet
  facet normal 9.20235e-05 -0.12186 0.992547
    outer loop
      vertex 96.2 8.26241 15.1708
      vertex 96.2 6.12843 14.9088
      vertex 96.6411 6.14994 14.9114
    endloop
  endfacet
  facet normal 9.15124e-05 -0.12186 0.992547
    outer loop
      vertex 95.9697 8.27364 15.1722
      vertex 96.2 6.12843 14.9088
      vertex 96.2 8.26241 15.1708
    endloop
  endfacet
  facet normal -9.29892e-05 -0.12188 0.992545
    outer loop
      vertex 95.9697 8.27364 15.1722
      vertex 95.7589 6.14994 14.9114
      vertex 96.2 6.12843 14.9088
    endloop
  endfacet
  facet normal -0.000101926 -0.121879 0.992545
    outer loop
      vertex 95.7415 8.30722 15.1763
      vertex 95.7589 6.14994 14.9114
      vertex 95.9697 8.27364 15.1722
    endloop
  endfacet
  facet normal 0.000297147 -0.121935 0.992538
    outer loop
      vertex 95.3221 6.21425 14.9193
      vertex 95.7415 8.30722 15.1763
      vertex 95.5178 8.36284 15.1832
    endloop
  endfacet
  facet normal 7.16372e-06 -0.121878 0.992545
    outer loop
      vertex 95.7415 8.30722 15.1763
      vertex 95.3221 6.21425 14.9193
      vertex 95.7589 6.14994 14.9114
    endloop
  endfacet
  facet normal -0.000295149 -0.121811 0.992553
    outer loop
      vertex 94.8937 6.32076 14.9324
      vertex 95.5178 8.36284 15.1832
      vertex 95.3007 8.43996 15.1926
    endloop
  endfacet
  facet normal -6.74896e-05 -0.121854 0.992548
    outer loop
      vertex 94.4779 6.46842 14.9505
      vertex 95.3007 8.43996 15.1926
      vertex 95.0922 8.53782 15.2046
    endloop
  endfacet
  facet normal 0.000211572 -0.12194 0.992537
    outer loop
      vertex 94.0787 6.65583 14.9736
      vertex 95.0922 8.53782 15.2046
      vertex 94.8944 8.6555 15.2191
    endloop
  endfacet
  facet normal 4.0638e-05 -0.121912 0.992541
    outer loop
      vertex 95.5178 8.36284 15.1832
      vertex 94.8937 6.32076 14.9324
      vertex 95.3221 6.21425 14.9193
    endloop
  endfacet
  facet normal -0.000164655 -0.121782 0.992557
    outer loop
      vertex 93.6999 6.88117 15.0012
      vertex 94.8944 8.6555 15.2191
      vertex 94.7092 8.79186 15.2358
    endloop
  endfacet
  facet normal 0.000102926 -0.121927 0.992539
    outer loop
      vertex 93.3452 7.14227 15.0333
      vertex 94.7092 8.79186 15.2358
      vertex 94.5383 8.94557 15.2547
    endloop
  endfacet
  facet normal -6.70781e-05 -0.121854 0.992548
    outer loop
      vertex 95.3007 8.43996 15.1926
      vertex 94.4779 6.46842 14.9505
      vertex 94.8937 6.32076 14.9324
    endloop
  endfacet
  facet normal -8.63773e-05 -0.1218 0.992555
    outer loop
      vertex 93.018 7.43663 15.0694
      vertex 94.5383 8.94557 15.2547
      vertex 94.3834 9.11518 15.2755
    endloop
  endfacet
  facet normal 7.98755e-05 -0.121949 0.992536
    outer loop
      vertex 92.7215 7.7614 15.1093
      vertex 94.3834 9.11518 15.2755
      vertex 94.246 9.29903 15.2981
    endloop
  endfacet
  facet normal -3.00248e-05 -0.12185 0.992549
    outer loop
      vertex 92.4584 8.11346 15.1525
      vertex 94.246 9.29903 15.2981
      vertex 94.1275 9.49537 15.3222
    endloop
  endfacet
  facet normal 0.000192194 -0.12193 0.992539
    outer loop
      vertex 95.0922 8.53782 15.2046
      vertex 94.0787 6.65583 14.9736
      vertex 94.4779 6.46842 14.9505
    endloop
  endfacet
  facet normal -7.04741e-06 -0.121842 0.99255
    outer loop
      vertex 92.2314 8.48942 15.1987
      vertex 94.1275 9.49537 15.3222
      vertex 94.0289 9.70229 15.3476
    endloop
  endfacet
  facet normal 5.11002e-05 -0.122027 0.992527
    outer loop
      vertex 92.0425 8.88565 15.2473
      vertex 94.0289 9.70229 15.3476
      vertex 93.9512 9.9178 15.3741
    endloop
  endfacet
  facet normal -9.12124e-05 -0.121636 0.992575
    outer loop
      vertex 91.8938 9.29835 15.298
      vertex 93.9512 9.9178 15.3741
      vertex 93.8952 10.1398 15.4013
    endloop
  endfacet
  facet normal -3.72208e-06 -0.121824 0.992552
    outer loop
      vertex 91.7865 9.72353 15.3502
      vertex 93.8952 10.1398 15.4013
      vertex 93.8613 10.3663 15.4291
    endloop
  endfacet
  facet normal -0.000137163 -0.1218 0.992555
    outer loop
      vertex 94.8944 8.6555 15.2191
      vertex 93.6999 6.88117 15.0012
      vertex 94.0787 6.65583 14.9736
    endloop
  endfacet
  facet normal 5.32337e-05 -0.122001 0.99253
    outer loop
      vertex 91.7217 10.1571 15.4035
      vertex 93.8613 10.3663 15.4291
      vertex 93.85 10.5949 15.4572
    endloop
  endfacet
  facet normal -5.04862e-07 -0.12185 0.992549
    outer loop
      vertex 94.1275 11.6944 15.5922
      vertex 92.2314 12.7004 15.7157
      vertex 94.0289 11.4875 15.5668
    endloop
  endfacet
  facet normal 6.55019e-05 -0.121753 0.99256
    outer loop
      vertex 92.0425 12.3041 15.6671
      vertex 94.0289 11.4875 15.5668
      vertex 92.2314 12.7004 15.7157
    endloop
  endfacet
  facet normal 8.33988e-05 -0.121911 0.992541
    outer loop
      vertex 94.7092 8.79186 15.2358
      vertex 93.3452 7.14227 15.0333
      vertex 93.6999 6.88117 15.0012
    endloop
  endfacet
  facet normal -5.09874e-05 -0.122032 0.992526
    outer loop
      vertex 94.0289 11.4875 15.5668
      vertex 92.0425 12.3041 15.6671
      vertex 93.9512 11.272 15.5403
    endloop
  endfacet
  facet normal -7.61086e-05 -0.12181 0.992553
    outer loop
      vertex 94.5383 8.94557 15.2547
      vertex 93.018 7.43663 15.0694
      vertex 93.3452 7.14227 15.0333
    endloop
  endfacet
  facet normal 3.04766e-06 -0.121934 0.992538
    outer loop
      vertex 91.8938 11.8914 15.6164
      vertex 93.9512 11.272 15.5403
      vertex 92.0425 12.3041 15.6671
    endloop
  endfacet
  facet normal 4.11811e-05 -0.121902 0.992542
    outer loop
      vertex 94.3834 9.11518 15.2755
      vertex 92.7215 7.7614 15.1093
      vertex 93.018 7.43663 15.0694
    endloop
  endfacet
  facet normal 0.000109285 -0.121586 0.992581
    outer loop
      vertex 93.9512 11.272 15.5403
      vertex 91.8938 11.8914 15.6164
      vertex 93.8952 11.0499 15.5131
    endloop
  endfacet
  facet normal -4.56719e-05 -0.121826 0.992551
    outer loop
      vertex 94.246 9.29903 15.2981
      vertex 92.4584 8.11346 15.1525
      vertex 92.7215 7.7614 15.1093
    endloop
  endfacet
  facet normal -1.42065e-05 -0.121876 0.992545
    outer loop
      vertex 91.7865 11.4663 15.5642
      vertex 93.8952 11.0499 15.5131
      vertex 91.8938 11.8914 15.6164
    endloop
  endfacet
  facet normal 4.62203e-05 -0.12194 0.992537
    outer loop
      vertex 94.1275 9.49537 15.3222
      vertex 92.2314 8.48942 15.1987
      vertex 92.4584 8.11346 15.1525
    endloop
  endfacet
  facet normal -1.38929e-05 -0.121874 0.992546
    outer loop
      vertex 93.8952 11.0499 15.5131
      vertex 91.7865 11.4663 15.5642
      vertex 93.8613 10.8235 15.4853
    endloop
  endfacet
  facet normal -5.6058e-05 -0.12177 0.992558
    outer loop
      vertex 94.0289 9.70229 15.3476
      vertex 92.0425 8.88565 15.2473
      vertex 92.2314 8.48942 15.1987
    endloop
  endfacet
  facet normal 1.48469e-05 -0.121783 0.992557
    outer loop
      vertex 91.7217 11.0327 15.511
      vertex 93.8613 10.8235 15.4853
      vertex 91.7865 11.4663 15.5642
    endloop
  endfacet
  facet normal -3.74363e-07 -0.121933 0.992538
    outer loop
      vertex 93.9512 9.9178 15.3741
      vertex 91.8938 9.29835 15.298
      vertex 92.0425 8.88565 15.2473
    endloop
  endfacet
  facet normal -7.0682e-06 -0.122004 0.99253
    outer loop
      vertex 93.8613 10.8235 15.4853
      vertex 91.7217 11.0327 15.511
      vertex 93.85 10.5949 15.4572
    endloop
  endfacet
  facet normal 2.7375e-06 -0.121856 0.992548
    outer loop
      vertex 93.8952 10.1398 15.4013
      vertex 91.7865 9.72353 15.3502
      vertex 91.8938 9.29835 15.298
    endloop
  endfacet
  facet normal 0 -0.12197 0.992534
    outer loop
      vertex 91.7 10.5949 15.4572
      vertex 93.85 10.5949 15.4572
      vertex 91.7217 11.0327 15.511
    endloop
  endfacet
  facet normal 5.37463e-05 -0.122006 0.992529
    outer loop
      vertex 93.8613 10.3663 15.4291
      vertex 91.7217 10.1571 15.4035
      vertex 91.7865 9.72353 15.3502
    endloop
  endfacet
  facet normal 0 -0.121746 0.992561
    outer loop
      vertex 93.85 10.5949 15.4572
      vertex 91.7 10.5949 15.4572
      vertex 91.7217 10.1571 15.4035
    endloop
  endfacet
  facet normal 0.595552 0.797328 0.0979079
    outer loop
      vertex 99.0548 14.0475 15.8811
      vertex 98.9719 14.4851 12.8217
      vertex 98.9719 14.1085 15.8886
    endloop
  endfacet
  facet normal 0.595694 0.797225 0.0978826
    outer loop
      vertex 98.9719 14.4851 12.8217
      vertex 99.0548 14.9615 8.43705
      vertex 98.7001 15.2226 8.4691
    endloop
  endfacet
  facet normal 0.595788 0.797155 0.0978768
    outer loop
      vertex 99.0548 14.9615 8.43705
      vertex 98.9719 14.4851 12.8217
      vertex 99.0548 14.0475 15.8811
    endloop
  endfacet
  facet normal 0.595725 0.797202 0.0978768
    outer loop
      vertex 98.7001 14.6852 12.8462
      vertex 98.9719 14.4851 12.8217
      vertex 98.7001 15.2226 8.4691
    endloop
  endfacet
  facet normal -0.514069 -0.851355 -0.104534
    outer loop
      vertex 93.6999 7.79519 7.55713
      vertex 94.0787 6.65583 14.9736
      vertex 93.6999 6.88117 15.0012
    endloop
  endfacet
  facet normal -0.514084 -0.851347 -0.104532
    outer loop
      vertex 94.0787 6.65583 14.9736
      vertex 93.6999 7.79519 7.55713
      vertex 94.0787 7.56985 7.52946
    endloop
  endfacet
  facet normal 0.514024 0.851381 0.104547
    outer loop
      vertex 98.7001 14.6852 12.8462
      vertex 98.3213 15.448 8.49677
      vertex 98.3213 14.9105 12.8739
    endloop
  endfacet
  facet normal 0.514183 0.851289 0.104517
    outer loop
      vertex 98.3213 15.448 8.49677
      vertex 98.7001 14.6852 12.8462
      vertex 98.7001 15.2226 8.4691
    endloop
  endfacet
  facet normal 0.146731 -0.981803 -0.120551
    outer loop
      vertex 96.6411 6.14994 14.9114
      vertex 97.0779 7.12827 7.47524
      vertex 97.0779 6.21425 14.9193
    endloop
  endfacet
  facet normal 0.146728 -0.981804 -0.120551
    outer loop
      vertex 97.0779 7.12827 7.47524
      vertex 96.6411 6.14994 14.9114
      vertex 96.6411 7.06396 7.46735
    endloop
  endfacet
  facet normal 0.941357 0.334897 0.0411192
    outer loop
      vertex 100.357 12.3041 15.6671
      vertex 100.506 12.8055 8.17231
      vertex 100.357 13.2181 8.22298
    endloop
  endfacet
  facet normal 0.941383 0.334823 0.0411148
    outer loop
      vertex 100.506 12.8055 8.17231
      vertex 100.357 12.3041 15.6671
      vertex 100.506 11.8914 15.6164
    endloop
  endfacet
  facet normal 0.857363 -0.510876 -0.0627276
    outer loop
      vertex 100.169 8.48942 15.1987
      vertex 99.9416 9.02748 7.70844
      vertex 100.169 9.40344 7.7546
    endloop
  endfacet
  facet normal 0.857366 -0.510871 -0.0627274
    outer loop
      vertex 99.9416 9.02748 7.70844
      vertex 100.169 8.48942 15.1987
      vertex 99.9416 8.11346 15.1525
    endloop
  endfacet
  facet normal -0.998792 -0.0487708 -0.00598818
    outer loop
      vertex 91.7217 11.0711 7.95936
      vertex 91.7 10.5949 15.4572
      vertex 91.7 11.5089 8.01312
    endloop
  endfacet
  facet normal -0.998792 -0.0487716 -0.00598824
    outer loop
      vertex 91.7 10.5949 15.4572
      vertex 91.7217 11.0711 7.95936
      vertex 91.7217 10.1571 15.4035
    endloop
  endfacet
  facet normal 0.94139 -0.334805 -0.0411103
    outer loop
      vertex 100.506 9.29835 15.298
      vertex 100.357 9.79967 7.80325
      vertex 100.506 10.2124 7.85392
    endloop
  endfacet
  facet normal 0.941383 -0.334824 -0.0411114
    outer loop
      vertex 100.357 9.79967 7.80325
      vertex 100.506 9.29835 15.298
      vertex 100.357 8.88565 15.2473
    endloop
  endfacet
  facet normal -0.146709 0.981805 0.120561
    outer loop
      vertex 95.7589 15.9539 8.55889
      vertex 95.3221 14.9755 15.9951
      vertex 95.7589 15.0398 16.003
    endloop
  endfacet
  facet normal -0.146929 0.981774 0.120544
    outer loop
      vertex 95.3221 14.9755 15.9951
      vertex 95.7589 15.9539 8.55889
      vertex 95.3221 15.8895 8.55099
    endloop
  endfacet
  facet normal 0.741054 0.666441 0.0818268
    outer loop
      vertex 99.382 13.7532 15.845
      vertex 99.6785 14.3424 8.36103
      vertex 99.382 14.6672 8.4009
    endloop
  endfacet
  facet normal 0.741058 0.666437 0.0818266
    outer loop
      vertex 99.6785 14.3424 8.36103
      vertex 99.382 13.7532 15.845
      vertex 99.6785 13.4284 15.8051
    endloop
  endfacet
  facet normal 0.0487126 0.99137 0.121703
    outer loop
      vertex 96.45 15.4257 12.9372
      vertex 96.2 15.0613 16.0056
      vertex 96.45 15.0492 16.0041
    endloop
  endfacet
  facet normal 0.0491169 0.991347 0.121733
    outer loop
      vertex 96.45 15.4257 12.9372
      vertex 96.2 15.9754 8.56153
      vertex 96.2 15.0613 16.0056
    endloop
  endfacet
  facet normal 0.0490092 0.991352 0.121736
    outer loop
      vertex 96.6411 15.9539 8.55889
      vertex 96.45 15.4257 12.9372
      vertex 96.6411 15.4164 12.936
    endloop
  endfacet
  facet normal 0.0490488 0.99135 0.121737
    outer loop
      vertex 96.45 15.4257 12.9372
      vertex 96.6411 15.9539 8.55889
      vertex 96.2 15.9754 8.56153
    endloop
  endfacet
  facet normal 0.904727 0.422817 0.0519145
    outer loop
      vertex 100.169 12.7004 15.7157
      vertex 100.357 13.2181 8.22298
      vertex 100.169 13.6144 8.27164
    endloop
  endfacet
  facet normal 0.904724 0.422824 0.0519149
    outer loop
      vertex 100.357 13.2181 8.22298
      vertex 100.169 12.7004 15.7157
      vertex 100.357 12.3041 15.6671
    endloop
  endfacet
  facet normal -0.146731 -0.981803 -0.120551
    outer loop
      vertex 95.3221 7.12827 7.47524
      vertex 95.7589 6.14994 14.9114
      vertex 95.3221 6.21425 14.9193
    endloop
  endfacet
  facet normal -0.146728 -0.981804 -0.120551
    outer loop
      vertex 95.7589 6.14994 14.9114
      vertex 95.3221 7.12827 7.47524
      vertex 95.7589 7.06396 7.46735
    endloop
  endfacet
  facet normal 0.67157 -0.735419 -0.0902984
    outer loop
      vertex 99.0548 7.14227 15.0333
      vertex 99.382 8.35065 7.62533
      vertex 99.382 7.43663 15.0694
    endloop
  endfacet
  facet normal 0.671576 -0.735413 -0.0902972
    outer loop
      vertex 99.382 8.35065 7.62533
      vertex 99.0548 7.14227 15.0333
      vertex 99.0548 8.05629 7.58919
    endloop
  endfacet
  facet normal 0.857327 0.510935 0.0627335
    outer loop
      vertex 99.9416 13.0763 15.7619
      vertex 100.169 13.6144 8.27164
      vertex 99.9416 13.9903 8.3178
    endloop
  endfacet
  facet normal 0.85733 0.51093 0.0627332
    outer loop
      vertex 100.169 13.6144 8.27164
      vertex 99.9416 13.0763 15.7619
      vertex 100.169 12.7004 15.7157
    endloop
  endfacet
  facet normal -0.0490602 -0.991351 -0.121723
    outer loop
      vertex 95.7589 7.06396 7.46735
      vertex 96.2 6.12843 14.9088
      vertex 95.7589 6.14994 14.9114
    endloop
  endfacet
  facet normal -0.0490739 -0.99135 -0.121722
    outer loop
      vertex 96.2 6.12843 14.9088
      vertex 95.7589 7.06396 7.46735
      vertex 96.2 7.04245 7.4647
    endloop
  endfacet
  facet normal -0.741054 0.666441 0.0818268
    outer loop
      vertex 92.7215 14.3424 8.36103
      vertex 93.018 13.7532 15.845
      vertex 93.018 14.6672 8.4009
    endloop
  endfacet
  facet normal -0.741058 0.666437 0.0818266
    outer loop
      vertex 93.018 13.7532 15.845
      vertex 92.7215 14.3424 8.36103
      vertex 92.7215 13.4284 15.8051
    endloop
  endfacet
  facet normal -0.90394 0.424472 0.0521177
    outer loop
      vertex 92.0425 13.2181 8.22298
      vertex 92.2314 12.7004 15.7157
      vertex 92.2314 13.6144 8.27164
    endloop
  endfacet
  facet normal -0.903937 0.424478 0.0521181
    outer loop
      vertex 92.2314 12.7004 15.7157
      vertex 92.0425 13.2181 8.22298
      vertex 92.0425 12.3041 15.6671
    endloop
  endfacet
  facet normal -0.67157 -0.735419 -0.0902984
    outer loop
      vertex 93.018 8.35065 7.62533
      vertex 93.3452 7.14227 15.0333
      vertex 93.018 7.43663 15.0694
    endloop
  endfacet
  facet normal -0.671576 -0.735413 -0.0902972
    outer loop
      vertex 93.3452 7.14227 15.0333
      vertex 93.018 8.35065 7.62533
      vertex 93.3452 8.05629 7.58919
    endloop
  endfacet
  facet normal -0.970035 0.241155 0.0296127
    outer loop
      vertex 91.7865 12.3803 8.12011
      vertex 91.8938 11.8914 15.6164
      vertex 91.8938 12.8055 8.17231
    endloop
  endfacet
  facet normal -0.970022 0.241208 0.0296159
    outer loop
      vertex 91.8938 11.8914 15.6164
      vertex 91.7865 12.3803 8.12011
      vertex 91.7865 11.4663 15.5642
    endloop
  endfacet
  facet normal 0.242967 0.962805 0.118208
    outer loop
      vertex 97.5063 15.2456 12.915
      vertex 97.0779 15.8895 8.55099
      vertex 97.0779 15.3521 12.9281
    endloop
  endfacet
  facet normal 0.242962 0.962806 0.118209
    outer loop
      vertex 97.0779 15.8895 8.55099
      vertex 97.5063 15.2456 12.915
      vertex 97.5063 15.783 8.53791
    endloop
  endfacet
  facet normal -0.970022 -0.241207 -0.029615
    outer loop
      vertex 91.8938 10.2124 7.85392
      vertex 91.7865 9.72353 15.3502
      vertex 91.7865 10.6375 7.90613
    endloop
  endfacet
  facet normal -0.970032 -0.241165 -0.0296124
    outer loop
      vertex 91.7865 9.72353 15.3502
      vertex 91.8938 10.2124 7.85392
      vertex 91.8938 9.29835 15.298
    endloop
  endfacet
  facet normal -0.427593 -0.897233 -0.110166
    outer loop
      vertex 94.0787 7.56985 7.52946
      vertex 94.4779 6.46842 14.9505
      vertex 94.0787 6.65583 14.9736
    endloop
  endfacet
  facet normal -0.427573 -0.897243 -0.110168
    outer loop
      vertex 94.4779 6.46842 14.9505
      vertex 94.0787 7.56985 7.52946
      vertex 94.4779 7.38244 7.50645
    endloop
  endfacet
  facet normal -0.741025 -0.666473 -0.0818326
    outer loop
      vertex 93.018 8.35065 7.62533
      vertex 92.7215 7.7614 15.1093
      vertex 92.7215 8.67542 7.66521
    endloop
  endfacet
  facet normal -0.741027 -0.66647 -0.0818325
    outer loop
      vertex 92.7215 7.7614 15.1093
      vertex 93.018 8.35065 7.62533
      vertex 93.018 7.43663 15.0694
    endloop
  endfacet
  facet normal 0.0490602 -0.991351 -0.121723
    outer loop
      vertex 96.2 6.12843 14.9088
      vertex 96.6411 7.06396 7.46735
      vertex 96.6411 6.14994 14.9114
    endloop
  endfacet
  facet normal 0.0490739 -0.99135 -0.121722
    outer loop
      vertex 96.6411 7.06396 7.46735
      vertex 96.2 6.12843 14.9088
      vertex 96.2 7.04245 7.4647
    endloop
  endfacet
  facet normal -0.989177 -0.145634 -0.0178811
    outer loop
      vertex 91.7865 10.6375 7.90613
      vertex 91.7217 10.1571 15.4035
      vertex 91.7217 11.0711 7.95936
    endloop
  endfacet
  facet normal -0.989176 -0.145641 -0.0178815
    outer loop
      vertex 91.7217 10.1571 15.4035
      vertex 91.7865 10.6375 7.90613
      vertex 91.7865 9.72353 15.3502
    endloop
  endfacet
  facet normal 0.595703 -0.797218 -0.0978859
    outer loop
      vertex 98.7001 6.88117 15.0012
      vertex 99.0548 8.05629 7.58919
      vertex 99.0548 7.14227 15.0333
    endloop
  endfacet
  facet normal 0.595696 -0.797223 -0.097887
    outer loop
      vertex 99.0548 8.05629 7.58919
      vertex 98.7001 6.88117 15.0012
      vertex 98.7001 7.79519 7.55713
    endloop
  endfacet
  facet normal -0.803171 -0.591307 -0.0726038
    outer loop
      vertex 92.7215 8.67542 7.66521
      vertex 92.4584 8.11346 15.1525
      vertex 92.4584 9.02748 7.70844
    endloop
  endfacet
  facet normal -0.803168 -0.591311 -0.072604
    outer loop
      vertex 92.4584 8.11346 15.1525
      vertex 92.7215 8.67542 7.66521
      vertex 92.7215 7.7614 15.1093
    endloop
  endfacet
  facet normal -0.998792 0.048771 0.00598816
    outer loop
      vertex 91.7 11.5089 8.01312
      vertex 91.7217 11.0327 15.511
      vertex 91.7217 11.9467 8.06687
    endloop
  endfacet
  facet normal -0.998792 0.0487703 0.00598812
    outer loop
      vertex 91.7217 11.0327 15.511
      vertex 91.7 11.5089 8.01312
      vertex 91.7 10.5949 15.4572
    endloop
  endfacet
  facet normal 0.741025 -0.666473 -0.0818326
    outer loop
      vertex 99.6785 7.7614 15.1093
      vertex 99.382 8.35065 7.62533
      vertex 99.6785 8.67542 7.66521
    endloop
  endfacet
  facet normal 0.741027 -0.66647 -0.0818325
    outer loop
      vertex 99.382 8.35065 7.62533
      vertex 99.6785 7.7614 15.1093
      vertex 99.382 7.43663 15.0694
    endloop
  endfacet
  facet normal -0.989136 -0.145909 -0.0179124
    outer loop
      vertex 12.5387 71.8563 18.9491
      vertex 12.5048 71.5953 22.9471
      vertex 12.5048 72.0827 18.9769
    endloop
  endfacet
  facet normal -0.989145 -0.145846 -0.0179084
    outer loop
      vertex 12.5048 71.5953 22.9471
      vertex 12.5387 71.8563 18.9491
      vertex 12.5387 71.3688 22.9193
    endloop
  endfacet
  facet normal -0.998798 -0.0486404 -0.00597254
    outer loop
      vertex 12.55 71.6277 18.9211
      vertex 12.5387 71.3688 22.9193
      vertex 12.5387 71.8563 18.9491
    endloop
  endfacet
  facet normal -0.998799 -0.0486378 -0.00597238
    outer loop
      vertex 12.5387 71.3688 22.9193
      vertex 12.55 71.6277 18.9211
      vertex 12.55 71.1402 22.8912
    endloop
  endfacet
  facet normal -0.970084 -0.240959 -0.0295873
    outer loop
      vertex 12.5048 72.0827 18.9769
      vertex 12.4488 71.8173 22.9744
      vertex 12.4488 72.3048 19.0042
    endloop
  endfacet
  facet normal -0.970059 -0.24106 -0.0295937
    outer loop
      vertex 12.4488 71.8173 22.9744
      vertex 12.5048 72.0827 18.9769
      vertex 12.5048 71.5953 22.9471
    endloop
  endfacet
  facet normal 0.24289 -0.962826 -0.118201
    outer loop
      vertex 9.51783 73.3723 23.1653
      vertex 9.74154 73.9153 19.2019
      vertex 9.74154 73.4279 23.1721
    endloop
  endfacet
  facet normal 0.24289 -0.962826 -0.118201
    outer loop
      vertex 9.74154 73.9153 19.2019
      vertex 9.51783 73.3723 23.1653
      vertex 9.51783 73.8597 19.1951
    endloop
  endfacet
  facet normal 0.903974 0.424399 0.0521132
    outer loop
      vertex 8.02888 70.2476 22.7816
      vertex 8.12748 70.5282 18.7861
      vertex 8.02888 70.7351 18.8115
    endloop
  endfacet
  facet normal 0.903974 0.424399 0.0521132
    outer loop
      vertex 8.12748 70.5282 18.7861
      vertex 8.02888 70.2476 22.7816
      vertex 8.12748 70.0407 22.7562
    endloop
  endfacet
  facet normal 0.243295 0.962725 0.118189
    outer loop
      vertex 9.74154 68.8525 22.6104
      vertex 9.51783 69.3956 18.647
      vertex 9.51783 68.9082 22.6172
    endloop
  endfacet
  facet normal 0.24289 0.962823 0.118225
    outer loop
      vertex 9.51783 69.3956 18.647
      vertex 9.74154 68.8525 22.6104
      vertex 9.74154 69.34 18.6402
    endloop
  endfacet
  facet normal -0.514169 0.851295 0.10453
    outer loop
      vertex 11.5056 69.6883 18.6829
      vertex 11.3078 69.0831 22.6387
      vertex 11.5056 69.2008 22.6531
    endloop
  endfacet
  facet normal -0.514169 0.851295 0.10453
    outer loop
      vertex 11.3078 69.0831 22.6387
      vertex 11.5056 69.6883 18.6829
      vertex 11.3078 69.5706 18.6685
    endloop
  endfacet
  facet normal 0.336801 0.934559 0.114734
    outer loop
      vertex 9.51783 68.9082 22.6172
      vertex 9.30069 69.4727 18.6565
      vertex 9.30069 68.9853 22.6266
    endloop
  endfacet
  facet normal 0.336848 0.934543 0.114729
    outer loop
      vertex 9.30069 69.4727 18.6565
      vertex 9.51783 68.9082 22.6172
      vertex 9.51783 69.3956 18.647
    endloop
  endfacet
  facet normal -0.336856 0.93454 0.114731
    outer loop
      vertex 11.0993 69.4727 18.6565
      vertex 10.8822 68.9082 22.6172
      vertex 11.0993 68.9853 22.6266
    endloop
  endfacet
  facet normal -0.336903 0.934523 0.114726
    outer loop
      vertex 10.8822 68.9082 22.6172
      vertex 11.0993 69.4727 18.6565
      vertex 10.8822 69.3956 18.647
    endloop
  endfacet
  facet normal 0.671485 -0.735494 -0.0903112
    outer loop
      vertex 8.5383 72.7895 23.0938
      vertex 8.70918 73.4307 19.1424
      vertex 8.70918 72.9432 23.1126
    endloop
  endfacet
  facet normal 0.671485 -0.735494 -0.0903112
    outer loop
      vertex 8.70918 73.4307 19.1424
      vertex 8.5383 72.7895 23.0938
      vertex 8.5383 73.277 19.1236
    endloop
  endfacet
  facet normal -0.243305 0.962722 0.118188
    outer loop
      vertex 10.8822 69.3956 18.647
      vertex 10.6585 68.8525 22.6104
      vertex 10.8822 68.9082 22.6172
    endloop
  endfacet
  facet normal -0.2429 0.96282 0.118224
    outer loop
      vertex 10.6585 68.8525 22.6104
      vertex 10.8822 69.3956 18.647
      vertex 10.6585 69.34 18.6402
    endloop
  endfacet
  facet normal 0.857673 -0.510363 -0.0626546
    outer loop
      vertex 8.24605 72.4361 23.0504
      vertex 8.12748 72.7272 19.0561
      vertex 8.24605 72.9235 19.0802
    endloop
  endfacet
  facet normal 0.857801 -0.51015 -0.0626428
    outer loop
      vertex 8.12748 72.7272 19.0561
      vertex 8.24605 72.4361 23.0504
      vertex 8.12748 72.2397 23.0262
    endloop
  endfacet
  facet normal 0.989174 -0.145656 -0.0178814
    outer loop
      vertex 7.89515 71.5953 22.9471
      vertex 7.86131 71.8563 18.9491
      vertex 7.89515 72.0827 18.9769
    endloop
  endfacet
  facet normal 0.989183 -0.145594 -0.0178774
    outer loop
      vertex 7.86131 71.8563 18.9491
      vertex 7.89515 71.5953 22.9471
      vertex 7.86131 71.3688 22.9193
    endloop
  endfacet
  facet normal -0.903974 -0.424399 -0.0521132
    outer loop
      vertex 12.3711 72.5203 19.0307
      vertex 12.2725 72.2397 23.0262
      vertex 12.2725 72.7272 19.0561
    endloop
  endfacet
  facet normal -0.903974 -0.424399 -0.0521132
    outer loop
      vertex 12.2725 72.2397 23.0262
      vertex 12.3711 72.5203 19.0307
      vertex 12.3711 72.0328 23.0008
    endloop
  endfacet
  facet normal -0.803068 0.591445 0.0726234
    outer loop
      vertex 12.0166 70.148 18.7394
      vertex 12.154 69.8443 22.7321
      vertex 12.154 70.3318 18.7619
    endloop
  endfacet
  facet normal -0.803068 0.591445 0.0726234
    outer loop
      vertex 12.154 69.8443 22.7321
      vertex 12.0166 70.148 18.7394
      vertex 12.0166 69.6605 22.7096
    endloop
  endfacet
  facet normal 0.595852 -0.797107 -0.0978766
    outer loop
      vertex 8.70918 72.9432 23.1126
      vertex 8.89441 73.5671 19.1592
      vertex 8.89441 73.0796 23.1294
    endloop
  endfacet
  facet normal 0.595852 -0.797107 -0.0978766
    outer loop
      vertex 8.89441 73.5671 19.1592
      vertex 8.70918 72.9432 23.1126
      vertex 8.70918 73.4307 19.1424
    endloop
  endfacet
  facet normal -0.595915 -0.797061 -0.097871
    outer loop
      vertex 11.5056 73.5671 19.1592
      vertex 11.6908 72.9432 23.1126
      vertex 11.5056 73.0796 23.1294
    endloop
  endfacet
  facet normal -0.595915 -0.797061 -0.097871
    outer loop
      vertex 11.6908 72.9432 23.1126
      vertex 11.5056 73.5671 19.1592
      vertex 11.6908 73.4307 19.1424
    endloop
  endfacet
  facet normal -0.146778 -0.981799 -0.12053
    outer loop
      vertex 10.4303 73.9489 19.2061
      vertex 10.6585 73.4279 23.1721
      vertex 10.4303 73.4615 23.1763
    endloop
  endfacet
  facet normal -0.146778 -0.981799 -0.12053
    outer loop
      vertex 10.6585 73.4279 23.1721
      vertex 10.4303 73.9489 19.2061
      vertex 10.6585 73.9153 19.2019
    endloop
  endfacet
  facet normal -0.803221 -0.59124 -0.0725983
    outer loop
      vertex 12.154 72.9235 19.0802
      vertex 12.0166 72.6199 23.0729
      vertex 12.0166 73.1074 19.1027
    endloop
  endfacet
  facet normal -0.803068 -0.591447 -0.0726087
    outer loop
      vertex 12.0166 72.6199 23.0729
      vertex 12.154 72.9235 19.0802
      vertex 12.154 72.4361 23.0504
    endloop
  endfacet
  facet normal 0.51415 -0.851309 -0.104511
    outer loop
      vertex 8.89441 73.0796 23.1294
      vertex 9.09222 73.6847 19.1736
      vertex 9.09222 73.1973 23.1438
    endloop
  endfacet
  facet normal 0.513833 -0.851495 -0.104555
    outer loop
      vertex 9.09222 73.6847 19.1736
      vertex 8.89441 73.0796 23.1294
      vertex 8.89441 73.5671 19.1592
    endloop
  endfacet
  facet normal -0.514169 -0.851298 -0.104509
    outer loop
      vertex 11.3078 73.6847 19.1736
      vertex 11.5056 73.0796 23.1294
      vertex 11.3078 73.1973 23.1438
    endloop
  endfacet
  facet normal -0.513853 -0.851484 -0.104553
    outer loop
      vertex 11.5056 73.0796 23.1294
      vertex 11.3078 73.6847 19.1736
      vertex 11.5056 73.5671 19.1592
    endloop
  endfacet
  facet normal -0.671442 -0.735533 -0.090316
    outer loop
      vertex 11.6908 73.4307 19.1424
      vertex 11.8617 72.7895 23.0938
      vertex 11.6908 72.9432 23.1126
    endloop
  endfacet
  facet normal -0.671442 -0.735533 -0.090316
    outer loop
      vertex 11.8617 72.7895 23.0938
      vertex 11.6908 73.4307 19.1424
      vertex 11.8617 73.277 19.1236
    endloop
  endfacet
  facet normal 0.941535 0.334403 0.0410613
    outer loop
      vertex 7.95119 70.4631 22.8081
      vertex 8.02888 70.7351 18.8115
      vertex 7.95119 70.9506 18.8379
    endloop
  endfacet
  facet normal 0.941541 0.334386 0.0410603
    outer loop
      vertex 8.02888 70.7351 18.8115
      vertex 7.95119 70.4631 22.8081
      vertex 8.02888 70.2476 22.7816
    endloop
  endfacet
  facet normal -0.998799 0.0486378 0.00597238
    outer loop
      vertex 12.5387 71.3991 18.893
      vertex 12.55 71.1402 22.8912
      vertex 12.55 71.6277 18.9211
    endloop
  endfacet
  facet normal -0.998798 0.0486404 0.00597254
    outer loop
      vertex 12.55 71.1402 22.8912
      vertex 12.5387 71.3991 18.893
      vertex 12.5387 70.9116 22.8632
    endloop
  endfacet
  facet normal 0.427323 -0.89736 -0.110187
    outer loop
      vertex 9.09222 73.1973 23.1438
      vertex 9.30069 73.7826 19.1856
      vertex 9.30069 73.2951 23.1558
    endloop
  endfacet
  facet normal 0.427675 -0.897197 -0.110144
    outer loop
      vertex 9.30069 73.7826 19.1856
      vertex 9.09222 73.1973 23.1438
      vertex 9.09222 73.6847 19.1736
    endloop
  endfacet
  facet normal -0.903974 0.424399 0.0521132
    outer loop
      vertex 12.2725 70.5282 18.7861
      vertex 12.3711 70.2476 22.7816
      vertex 12.3711 70.7351 18.8115
    endloop
  endfacet
  facet normal -0.903974 0.424399 0.0521132
    outer loop
      vertex 12.3711 70.2476 22.7816
      vertex 12.2725 70.5282 18.7861
      vertex 12.2725 70.0407 22.7562
    endloop
  endfacet
  facet normal 0.595852 0.79711 0.0978568
    outer loop
      vertex 8.89441 69.2008 22.6531
      vertex 8.70918 69.8246 18.6997
      vertex 8.70918 69.3372 22.6699
    endloop
  endfacet
  facet normal 0.595575 0.797312 0.0979017
    outer loop
      vertex 8.70918 69.8246 18.6997
      vertex 8.89441 69.2008 22.6531
      vertex 8.89441 69.6883 18.6829
    endloop
  endfacet
  facet normal 0.803283 -0.591157 -0.0725881
    outer loop
      vertex 8.38342 72.6199 23.0729
      vertex 8.24605 72.9235 19.0802
      vertex 8.38342 73.1074 19.1027
    endloop
  endfacet
  facet normal 0.803131 -0.591363 -0.0725985
    outer loop
      vertex 8.24605 72.9235 19.0802
      vertex 8.38342 72.6199 23.0729
      vertex 8.24605 72.4361 23.0504
    endloop
  endfacet
  facet normal 0.941541 -0.334386 -0.0410603
    outer loop
      vertex 8.02888 72.0328 23.0008
      vertex 7.95119 72.3048 19.0042
      vertex 8.02888 72.5203 19.0307
    endloop
  endfacet
  facet normal 0.941535 -0.334403 -0.0410613
    outer loop
      vertex 7.95119 72.3048 19.0042
      vertex 8.02888 72.0328 23.0008
      vertex 7.95119 71.8173 22.9744
    endloop
  endfacet
  facet normal -0.857807 -0.510142 -0.0626274
    outer loop
      vertex 12.2725 72.7272 19.0561
      vertex 12.154 72.4361 23.0504
      vertex 12.154 72.9235 19.0802
    endloop
  endfacet
  facet normal -0.857935 -0.509929 -0.0626156
    outer loop
      vertex 12.154 72.4361 23.0504
      vertex 12.2725 72.7272 19.0561
      vertex 12.2725 72.2397 23.0262
    endloop
  endfacet
  facet normal -0.941527 -0.334424 -0.0410649
    outer loop
      vertex 12.4488 72.3048 19.0042
      vertex 12.3711 72.0328 23.0008
      vertex 12.3711 72.5203 19.0307
    endloop
  endfacet
  facet normal -0.941521 -0.334441 -0.041066
    outer loop
      vertex 12.3711 72.0328 23.0008
      vertex 12.4488 72.3048 19.0042
      vertex 12.4488 71.8173 22.9744
    endloop
  endfacet
  facet normal 0.671485 0.735494 0.0903112
    outer loop
      vertex 8.70918 69.3372 22.6699
      vertex 8.5383 69.9784 18.7185
      vertex 8.5383 69.4909 22.6887
    endloop
  endfacet
  facet normal 0.671721 0.735284 0.0902668
    outer loop
      vertex 8.5383 69.9784 18.7185
      vertex 8.70918 69.3372 22.6699
      vertex 8.70918 69.8246 18.6997
    endloop
  endfacet
  facet normal -0.970059 0.24106 0.0295937
    outer loop
      vertex 12.4488 70.9506 18.8379
      vertex 12.5048 70.6852 22.8354
      vertex 12.5048 71.1726 18.8652
    endloop
  endfacet
  facet normal -0.970084 0.240959 0.0295873
    outer loop
      vertex 12.5048 70.6852 22.8354
      vertex 12.4488 70.9506 18.8379
      vertex 12.4488 70.4631 22.8081
    endloop
  endfacet
  facet normal -0.989145 0.145846 0.0179084
    outer loop
      vertex 12.5048 71.1726 18.8652
      vertex 12.5387 70.9116 22.8632
      vertex 12.5387 71.3991 18.893
    endloop
  endfacet
  facet normal -0.989136 0.145909 0.0179124
    outer loop
      vertex 12.5387 70.9116 22.8632
      vertex 12.5048 71.1726 18.8652
      vertex 12.5048 70.6852 22.8354
    endloop
  endfacet
  facet normal 0.51415 0.851307 0.104532
    outer loop
      vertex 9.09222 69.0831 22.6387
      vertex 8.89441 69.6883 18.6829
      vertex 8.89441 69.2008 22.6531
    endloop
  endfacet
  facet normal 0.51415 0.851307 0.104532
    outer loop
      vertex 8.89441 69.6883 18.6829
      vertex 9.09222 69.0831 22.6387
      vertex 9.09222 69.5706 18.6685
    endloop
  endfacet
  facet normal -0.337285 -0.934388 -0.11471
    outer loop
      vertex 10.8822 73.8597 19.1951
      vertex 11.0993 73.2951 23.1558
      vertex 10.8822 73.3723 23.1653
    endloop
  endfacet
  facet normal -0.336903 -0.934521 -0.11475
    outer loop
      vertex 11.0993 73.2951 23.1558
      vertex 10.8822 73.8597 19.1951
      vertex 11.0993 73.7826 19.1856
    endloop
  endfacet
  facet normal 0.33723 -0.934407 -0.114712
    outer loop
      vertex 9.30069 73.2951 23.1558
      vertex 9.51783 73.8597 19.1951
      vertex 9.51783 73.3723 23.1653
    endloop
  endfacet
  facet normal 0.336848 -0.93454 -0.114752
    outer loop
      vertex 9.51783 73.8597 19.1951
      vertex 9.30069 73.2951 23.1558
      vertex 9.30069 73.7826 19.1856
    endloop
  endfacet
  facet normal -0.146357 0.981858 0.120562
    outer loop
      vertex 10.6585 69.34 18.6402
      vertex 10.4303 68.819 22.6062
      vertex 10.6585 68.8525 22.6104
    endloop
  endfacet
  facet normal -0.146778 0.981799 0.12053
    outer loop
      vertex 10.4303 68.819 22.6062
      vertex 10.6585 69.34 18.6402
      vertex 10.4303 69.3064 18.636
    endloop
  endfacet
  facet normal -0.857935 0.509929 0.0626156
    outer loop
      vertex 12.154 70.3318 18.7619
      vertex 12.2725 70.0407 22.7562
      vertex 12.2725 70.5282 18.7861
    endloop
  endfacet
  facet normal -0.857921 0.509952 0.0626169
    outer loop
      vertex 12.2725 70.0407 22.7562
      vertex 12.154 70.3318 18.7619
      vertex 12.154 69.8443 22.7321
    endloop
  endfacet
  facet normal 0.0488906 -0.991358 -0.121732
    outer loop
      vertex 9.96966 73.4615 23.1763
      vertex 10.2 73.9602 19.2075
      vertex 10.2 73.4727 23.1776
    endloop
  endfacet
  facet normal 0.0493727 -0.991338 -0.121701
    outer loop
      vertex 10.2 73.9602 19.2075
      vertex 9.96966 73.4615 23.1763
      vertex 9.96966 73.9489 19.2061
    endloop
  endfacet
  facet normal 0.998797 0.0486807 0.00597765
    outer loop
      vertex 7.85 71.1402 22.8912
      vertex 7.86131 71.3991 18.893
      vertex 7.85 71.6277 18.9211
    endloop
  endfacet
  facet normal 0.998796 0.0486833 0.00597782
    outer loop
      vertex 7.86131 71.3991 18.893
      vertex 7.85 71.1402 22.8912
      vertex 7.86131 70.9116 22.8632
    endloop
  endfacet
  facet normal -0.941521 0.334441 0.041066
    outer loop
      vertex 12.3711 70.7351 18.8115
      vertex 12.4488 70.4631 22.8081
      vertex 12.4488 70.9506 18.8379
    endloop
  endfacet
  facet normal -0.941527 0.334424 0.0410649
    outer loop
      vertex 12.4488 70.4631 22.8081
      vertex 12.3711 70.7351 18.8115
      vertex 12.3711 70.2476 22.7816
    endloop
  endfacet
  facet normal -0.427273 -0.897383 -0.110189
    outer loop
      vertex 11.0993 73.7826 19.1856
      vertex 11.3078 73.1973 23.1438
      vertex 11.0993 73.2951 23.1558
    endloop
  endfacet
  facet normal -0.427624 -0.897221 -0.110147
    outer loop
      vertex 11.3078 73.1973 23.1438
      vertex 11.0993 73.7826 19.1856
      vertex 11.3078 73.6847 19.1736
    endloop
  endfacet
  facet normal -0.740906 -0.666602 -0.0818519
    outer loop
      vertex 12.0166 73.1074 19.1027
      vertex 11.8617 72.7895 23.0938
      vertex 11.8617 73.277 19.1236
    endloop
  endfacet
  facet normal -0.740906 -0.666602 -0.0818519
    outer loop
      vertex 11.8617 72.7895 23.0938
      vertex 12.0166 73.1074 19.1027
      vertex 12.0166 72.6199 23.0729
    endloop
  endfacet
  facet normal -0.0488991 -0.991358 -0.121732
    outer loop
      vertex 10.2 73.9602 19.2075
      vertex 10.4303 73.4615 23.1763
      vertex 10.2 73.4727 23.1776
    endloop
  endfacet
  facet normal -0.0493812 -0.991338 -0.121701
    outer loop
      vertex 10.4303 73.4615 23.1763
      vertex 10.2 73.9602 19.2075
      vertex 10.4303 73.9489 19.2061
    endloop
  endfacet
  facet normal 0.857801 0.51015 0.0626428
    outer loop
      vertex 8.12748 70.0407 22.7562
      vertex 8.24605 70.3318 18.7619
      vertex 8.12748 70.5282 18.7861
    endloop
  endfacet
  facet normal 0.857787 0.510174 0.0626441
    outer loop
      vertex 8.24605 70.3318 18.7619
      vertex 8.12748 70.0407 22.7562
      vertex 8.24605 69.8443 22.7321
    endloop
  endfacet
  facet normal 0.146407 0.98185 0.120561
    outer loop
      vertex 9.96966 68.819 22.6062
      vertex 9.74154 69.34 18.6402
      vertex 9.74154 68.8525 22.6104
    endloop
  endfacet
  facet normal 0.146828 0.981791 0.120529
    outer loop
      vertex 9.74154 69.34 18.6402
      vertex 9.96966 68.819 22.6062
      vertex 9.96966 69.3064 18.636
    endloop
  endfacet
  facet normal -0.671442 0.735533 0.090316
    outer loop
      vertex 11.8617 69.9784 18.7185
      vertex 11.6908 69.3372 22.6699
      vertex 11.8617 69.4909 22.6887
    endloop
  endfacet
  facet normal -0.671678 0.735323 0.0902716
    outer loop
      vertex 11.6908 69.3372 22.6699
      vertex 11.8617 69.9784 18.7185
      vertex 11.6908 69.8246 18.6997
    endloop
  endfacet
  facet normal 0.0493727 0.991338 0.121701
    outer loop
      vertex 10.2 68.8077 22.6048
      vertex 9.96966 69.3064 18.636
      vertex 9.96966 68.819 22.6062
    endloop
  endfacet
  facet normal 0.0488906 0.991358 0.121732
    outer loop
      vertex 9.96966 69.3064 18.636
      vertex 10.2 68.8077 22.6048
      vertex 10.2 69.2952 18.6347
    endloop
  endfacet
  facet normal 0.740949 -0.666555 -0.0818461
    outer loop
      vertex 8.5383 72.7895 23.0938
      vertex 8.38342 73.1074 19.1027
      vertex 8.5383 73.277 19.1236
    endloop
  endfacet
  facet normal 0.740949 -0.666555 -0.0818461
    outer loop
      vertex 8.38342 73.1074 19.1027
      vertex 8.5383 72.7895 23.0938
      vertex 8.38342 72.6199 23.0729
    endloop
  endfacet
  facet normal 0.146828 -0.981791 -0.120529
    outer loop
      vertex 9.74154 73.4279 23.1721
      vertex 9.96966 73.9489 19.2061
      vertex 9.96966 73.4615 23.1763
    endloop
  endfacet
  facet normal 0.146828 -0.981791 -0.120529
    outer loop
      vertex 9.96966 73.9489 19.2061
      vertex 9.74154 73.4279 23.1721
      vertex 9.74154 73.9153 19.2019
    endloop
  endfacet
  facet normal 0.903974 -0.424399 -0.0521132
    outer loop
      vertex 8.12748 72.2397 23.0262
      vertex 8.02888 72.5203 19.0307
      vertex 8.12748 72.7272 19.0561
    endloop
  endfacet
  facet normal 0.903974 -0.424399 -0.0521132
    outer loop
      vertex 8.02888 72.5203 19.0307
      vertex 8.12748 72.2397 23.0262
      vertex 8.02888 72.0328 23.0008
    endloop
  endfacet
  facet normal 0.970043 -0.241121 -0.0296072
    outer loop
      vertex 7.95119 71.8173 22.9744
      vertex 7.89515 72.0827 18.9769
      vertex 7.95119 72.3048 19.0042
    endloop
  endfacet
  facet normal 0.970018 -0.241222 -0.0296136
    outer loop
      vertex 7.89515 72.0827 18.9769
      vertex 7.95119 71.8173 22.9744
      vertex 7.89515 71.5953 22.9471
    endloop
  endfacet
  facet normal -0.2429 -0.962823 -0.118201
    outer loop
      vertex 10.6585 73.9153 19.2019
      vertex 10.8822 73.3723 23.1653
      vertex 10.6585 73.4279 23.1721
    endloop
  endfacet
  facet normal -0.2429 -0.962823 -0.118201
    outer loop
      vertex 10.8822 73.3723 23.1653
      vertex 10.6585 73.9153 19.2019
      vertex 10.8822 73.8597 19.1951
    endloop
  endfacet
  facet normal 0.970018 0.241222 0.0296136
    outer loop
      vertex 7.89515 70.6852 22.8354
      vertex 7.95119 70.9506 18.8379
      vertex 7.89515 71.1726 18.8652
    endloop
  endfacet
  facet normal 0.970043 0.241121 0.0296072
    outer loop
      vertex 7.95119 70.9506 18.8379
      vertex 7.89515 70.6852 22.8354
      vertex 7.95119 70.4631 22.8081
    endloop
  endfacet
  facet normal 0.427366 0.897339 0.110184
    outer loop
      vertex 9.30069 68.9853 22.6266
      vertex 9.09222 69.5706 18.6685
      vertex 9.09222 69.0831 22.6387
    endloop
  endfacet
  facet normal 0.427675 0.897197 0.110147
    outer loop
      vertex 9.09222 69.5706 18.6685
      vertex 9.30069 68.9853 22.6266
      vertex 9.30069 69.4727 18.6565
    endloop
  endfacet
  facet normal 0.740949 0.666555 0.0818461
    outer loop
      vertex 8.38342 69.6605 22.7096
      vertex 8.5383 69.9784 18.7185
      vertex 8.38342 70.148 18.7394
    endloop
  endfacet
  facet normal 0.740949 0.666555 0.0818461
    outer loop
      vertex 8.5383 69.9784 18.7185
      vertex 8.38342 69.6605 22.7096
      vertex 8.5383 69.4909 22.6887
    endloop
  endfacet
  facet normal -0.427316 0.897363 0.110187
    outer loop
      vertex 11.3078 69.5706 18.6685
      vertex 11.0993 68.9853 22.6266
      vertex 11.3078 69.0831 22.6387
    endloop
  endfacet
  facet normal -0.427624 0.89722 0.11015
    outer loop
      vertex 11.0993 68.9853 22.6266
      vertex 11.3078 69.5706 18.6685
      vertex 11.0993 69.4727 18.6565
    endloop
  endfacet
  facet normal -0.0493812 0.991338 0.121701
    outer loop
      vertex 10.4303 69.3064 18.636
      vertex 10.2 68.8077 22.6048
      vertex 10.4303 68.819 22.6062
    endloop
  endfacet
  facet normal -0.0488991 0.991358 0.121732
    outer loop
      vertex 10.2 68.8077 22.6048
      vertex 10.4303 69.3064 18.636
      vertex 10.2 69.2952 18.6347
    endloop
  endfacet
  facet normal 0.989183 0.145594 0.0178774
    outer loop
      vertex 7.86131 70.9116 22.8632
      vertex 7.89515 71.1726 18.8652
      vertex 7.86131 71.3991 18.893
    endloop
  endfacet
  facet normal 0.989174 0.145656 0.0178814
    outer loop
      vertex 7.89515 71.1726 18.8652
      vertex 7.86131 70.9116 22.8632
      vertex 7.89515 70.6852 22.8354
    endloop
  endfacet
  facet normal -0.595915 0.797064 0.0978512
    outer loop
      vertex 11.6908 69.8246 18.6997
      vertex 11.5056 69.2008 22.6531
      vertex 11.6908 69.3372 22.6699
    endloop
  endfacet
  facet normal -0.595637 0.797266 0.0978961
    outer loop
      vertex 11.5056 69.2008 22.6531
      vertex 11.6908 69.8246 18.6997
      vertex 11.5056 69.6883 18.6829
    endloop
  endfacet
  facet normal 0 -0.121576 0.992582
    outer loop
      vertex 11.9 71.6277 18.9211
      vertex 12.55 71.6277 18.9211
      vertex 12.5387 71.8563 18.9491
    endloop
  endfacet
  facet normal 9.13727e-05 -0.121863 0.992547
    outer loop
      vertex 11.8918 71.7931 18.9414
      vertex 12.5387 71.8563 18.9491
      vertex 12.5048 72.0827 18.9769
    endloop
  endfacet
  facet normal 0 -0.122004 0.99253
    outer loop
      vertex 12.55 71.6277 18.9211
      vertex 11.9 71.6277 18.9211
      vertex 12.5387 71.3991 18.893
    endloop
  endfacet
  facet normal 9.34881e-05 -0.121976 0.992533
    outer loop
      vertex 11.8673 71.9569 18.9615
      vertex 12.5048 72.0827 18.9769
      vertex 12.4488 72.3048 19.0042
    endloop
  endfacet
  facet normal 6.6099e-05 -0.121822 0.992552
    outer loop
      vertex 11.8918 71.4623 18.9008
      vertex 12.5387 71.3991 18.893
      vertex 11.9 71.6277 18.9211
    endloop
  endfacet
  facet normal 4.64221e-05 -0.122034 0.992526
    outer loop
      vertex 11.8268 72.1175 18.9812
      vertex 12.4488 72.3048 19.0042
      vertex 12.3711 72.5203 19.0307
    endloop
  endfacet
  facet normal 6.50282e-05 -0.121833 0.992551
    outer loop
      vertex 12.5387 71.3991 18.893
      vertex 11.8918 71.4623 18.9008
      vertex 12.5048 71.1726 18.8652
    endloop
  endfacet
  facet normal -0.000123577 -0.121908 0.992541
    outer loop
      vertex 11.7706 72.2734 19.0003
      vertex 12.3711 72.5203 19.0307
      vertex 12.2725 72.7272 19.0561
    endloop
  endfacet
  facet normal -0.000190729 -0.122366 0.992485
    outer loop
      vertex 11.8673 71.2985 18.8806
      vertex 12.5048 71.1726 18.8652
      vertex 11.8918 71.4623 18.9008
    endloop
  endfacet
  facet normal -8.55875e-05 -0.121907 0.992541
    outer loop
      vertex 11.6993 72.4231 19.0187
      vertex 12.2725 72.7272 19.0561
      vertex 12.154 72.9235 19.0802
    endloop
  endfacet
  facet normal -0.000122049 -0.122023 0.992527
    outer loop
      vertex 12.5048 71.1726 18.8652
      vertex 11.8673 71.2985 18.8806
      vertex 12.4488 70.9506 18.8379
    endloop
  endfacet
  facet normal -0.000184303 -0.121579 0.992582
    outer loop
      vertex 11.6135 72.5651 19.0362
      vertex 12.154 72.9235 19.0802
      vertex 12.0166 73.1074 19.1027
    endloop
  endfacet
  facet normal 3.68474e-05 -0.121762 0.992559
    outer loop
      vertex 11.8268 71.1379 18.8609
      vertex 12.4488 70.9506 18.8379
      vertex 11.8673 71.2985 18.8806
    endloop
  endfacet
  facet normal 7.86878e-05 -0.121625 0.992576
    outer loop
      vertex 12.4488 70.9506 18.8379
      vertex 11.8268 71.1379 18.8609
      vertex 12.3711 70.7351 18.8115
    endloop
  endfacet
  facet normal 8.65935e-05 -0.121814 0.992553
    outer loop
      vertex 12.5387 71.8563 18.9491
      vertex 11.8918 71.7931 18.9414
      vertex 11.9 71.6277 18.9211
    endloop
  endfacet
  facet normal 5.59501e-05 -0.121789 0.992556
    outer loop
      vertex 12.5048 72.0827 18.9769
      vertex 11.8673 71.9569 18.9615
      vertex 11.8918 71.7931 18.9414
    endloop
  endfacet
  facet normal 0.000270127 -0.122063 0.992522
    outer loop
      vertex 11.5141 72.6981 19.0525
      vertex 12.0166 73.1074 19.1027
      vertex 11.8617 73.277 19.1236
    endloop
  endfacet
  facet normal -3.68474e-05 -0.121762 0.992559
    outer loop
      vertex 12.4488 72.3048 19.0042
      vertex 11.8268 72.1175 18.9812
      vertex 11.8673 71.9569 18.9615
    endloop
  endfacet
  facet normal -0.000217639 -0.121682 0.992569
    outer loop
      vertex 12.3711 72.5203 19.0307
      vertex 11.7706 72.2734 19.0003
      vertex 11.8268 72.1175 18.9812
    endloop
  endfacet
  facet normal -3.08404e-05 -0.122009 0.992529
    outer loop
      vertex 12.2725 72.7272 19.0561
      vertex 11.6993 72.4231 19.0187
      vertex 11.7706 72.2734 19.0003
    endloop
  endfacet
  facet normal -0.000204653 -0.121636 0.992575
    outer loop
      vertex 11.4021 72.8208 19.0676
      vertex 11.8617 73.277 19.1236
      vertex 11.6908 73.4307 19.1424
    endloop
  endfacet
  facet normal 0.00022158 -0.122182 0.992508
    outer loop
      vertex 12.154 72.9235 19.0802
      vertex 11.6135 72.5651 19.0362
      vertex 11.6993 72.4231 19.0187
    endloop
  endfacet
  facet normal -4.62511e-05 -0.12168 0.992569
    outer loop
      vertex 12.0166 73.1074 19.1027
      vertex 11.5141 72.6981 19.0525
      vertex 11.6135 72.5651 19.0362
    endloop
  endfacet
  facet normal 0.000203587 -0.121971 0.992534
    outer loop
      vertex 11.2785 72.932 19.0812
      vertex 11.6908 73.4307 19.1424
      vertex 11.5056 73.5671 19.1592
    endloop
  endfacet
  facet normal 0.000160855 -0.121998 0.99253
    outer loop
      vertex 11.8617 73.277 19.1236
      vertex 11.4021 72.8208 19.0676
      vertex 11.5141 72.6981 19.0525
    endloop
  endfacet
  facet normal -0.000161924 -0.12181 0.992553
    outer loop
      vertex 11.1445 73.0306 19.0933
      vertex 11.5056 73.5671 19.1592
      vertex 11.3078 73.6847 19.1736
    endloop
  endfacet
  facet normal -0.000213499 -0.121631 0.992575
    outer loop
      vertex 11.6908 73.4307 19.1424
      vertex 11.2785 72.932 19.0812
      vertex 11.4021 72.8208 19.0676
    endloop
  endfacet
  facet normal -5.62312e-05 -0.12188 0.992545
    outer loop
      vertex 11.5056 73.5671 19.1592
      vertex 11.1445 73.0306 19.0933
      vertex 11.2785 72.932 19.0812
    endloop
  endfacet
  facet normal -4.4214e-05 -0.121756 0.99256
    outer loop
      vertex 11.0014 73.1158 19.1038
      vertex 11.3078 73.6847 19.1736
      vertex 11.0993 73.7826 19.1856
    endloop
  endfacet
  facet normal 0.000244547 -0.121909 0.992541
    outer loop
      vertex 11.3078 73.6847 19.1736
      vertex 11.0014 73.1158 19.1038
      vertex 11.1445 73.0306 19.0933
    endloop
  endfacet
  facet normal 0.000173636 -0.12181 0.992553
    outer loop
      vertex 10.8506 73.1866 19.1125
      vertex 11.0993 73.7826 19.1856
      vertex 10.8822 73.8597 19.1951
    endloop
  endfacet
  facet normal 8.97584e-05 -0.121776 0.992558
    outer loop
      vertex 11.0993 73.7826 19.1856
      vertex 10.8506 73.1866 19.1125
      vertex 11.0014 73.1158 19.1038
    endloop
  endfacet
  facet normal -0.000295439 -0.121788 0.992556
    outer loop
      vertex 10.8822 73.8597 19.1951
      vertex 10.6935 73.2424 19.1193
      vertex 10.8506 73.1866 19.1125
    endloop
  endfacet
  facet normal -0.000112494 -0.121844 0.992549
    outer loop
      vertex 10.6585 73.9153 19.2019
      vertex 10.6935 73.2424 19.1193
      vertex 10.8822 73.8597 19.1951
    endloop
  endfacet
  facet normal 0.000406189 -0.121817 0.992553
    outer loop
      vertex 10.6585 73.9153 19.2019
      vertex 10.5317 73.2826 19.1243
      vertex 10.6935 73.2424 19.1193
    endloop
  endfacet
  facet normal 0.000333739 -0.121803 0.992554
    outer loop
      vertex 10.4303 73.9489 19.2061
      vertex 10.5317 73.2826 19.1243
      vertex 10.6585 73.9153 19.2019
    endloop
  endfacet
  facet normal -0.000511949 -0.121929 0.992539
    outer loop
      vertex 10.4303 73.9489 19.2061
      vertex 10.3666 73.3069 19.1272
      vertex 10.5317 73.2826 19.1243
    endloop
  endfacet
  facet normal 4.82997e-05 -0.121984 0.992532
    outer loop
      vertex 10.2 73.9602 19.2075
      vertex 10.3666 73.3069 19.1272
      vertex 10.4303 73.9489 19.2061
    endloop
  endfacet
  facet normal 2.65007e-05 -0.12199 0.992531
    outer loop
      vertex 10.2 73.9602 19.2075
      vertex 10.2 73.315 19.1282
      vertex 10.3666 73.3069 19.1272
    endloop
  endfacet
  facet normal -2.65007e-05 -0.12199 0.992531
    outer loop
      vertex 10.2 73.9602 19.2075
      vertex 10.0334 73.3069 19.1272
      vertex 10.2 73.315 19.1282
    endloop
  endfacet
  facet normal -4.82912e-05 -0.121984 0.992532
    outer loop
      vertex 9.96966 73.9489 19.2061
      vertex 10.0334 73.3069 19.1272
      vertex 10.2 73.9602 19.2075
    endloop
  endfacet
  facet normal 0.000512098 -0.121929 0.992539
    outer loop
      vertex 9.96966 73.9489 19.2061
      vertex 9.86835 73.2826 19.1243
      vertex 10.0334 73.3069 19.1272
    endloop
  endfacet
  facet normal -0.000333852 -0.121803 0.992554
    outer loop
      vertex 9.74154 73.9153 19.2019
      vertex 9.86835 73.2826 19.1243
      vertex 9.96966 73.9489 19.2061
    endloop
  endfacet
  facet normal -0.000406116 -0.121817 0.992553
    outer loop
      vertex 9.74154 73.9153 19.2019
      vertex 9.70652 73.2424 19.1193
      vertex 9.86835 73.2826 19.1243
    endloop
  endfacet
  facet normal 0.00011249 -0.121844 0.992549
    outer loop
      vertex 9.51783 73.8597 19.1951
      vertex 9.70652 73.2424 19.1193
      vertex 9.74154 73.9153 19.2019
    endloop
  endfacet
  facet normal 0.000295474 -0.121788 0.992556
    outer loop
      vertex 9.70652 73.2424 19.1193
      vertex 9.51783 73.8597 19.1951
      vertex 9.54944 73.1866 19.1125
    endloop
  endfacet
  facet normal -0.000173604 -0.12181 0.992553
    outer loop
      vertex 9.30069 73.7826 19.1856
      vertex 9.54944 73.1866 19.1125
      vertex 9.51783 73.8597 19.1951
    endloop
  endfacet
  facet normal -8.97455e-05 -0.121776 0.992558
    outer loop
      vertex 9.54944 73.1866 19.1125
      vertex 9.30069 73.7826 19.1856
      vertex 9.39862 73.1158 19.1038
    endloop
  endfacet
  facet normal 4.42191e-05 -0.121756 0.99256
    outer loop
      vertex 9.09222 73.6847 19.1736
      vertex 9.39862 73.1158 19.1038
      vertex 9.30069 73.7826 19.1856
    endloop
  endfacet
  facet normal -0.00024456 -0.121909 0.992541
    outer loop
      vertex 9.39862 73.1158 19.1038
      vertex 9.09222 73.6847 19.1736
      vertex 9.25553 73.0306 19.0933
    endloop
  endfacet
  facet normal 0.000161916 -0.12181 0.992553
    outer loop
      vertex 8.89441 73.5671 19.1592
      vertex 9.25553 73.0306 19.0933
      vertex 9.09222 73.6847 19.1736
    endloop
  endfacet
  facet normal 5.62302e-05 -0.12188 0.992545
    outer loop
      vertex 9.25553 73.0306 19.0933
      vertex 8.89441 73.5671 19.1592
      vertex 9.12153 72.932 19.0812
    endloop
  endfacet
  facet normal -0.000203557 -0.121971 0.992534
    outer loop
      vertex 8.70918 73.4307 19.1424
      vertex 9.12153 72.932 19.0812
      vertex 8.89441 73.5671 19.1592
    endloop
  endfacet
  facet normal 0.000213478 -0.121631 0.992575
    outer loop
      vertex 9.12153 72.932 19.0812
      vertex 8.70918 73.4307 19.1424
      vertex 8.99792 72.8208 19.0676
    endloop
  endfacet
  facet normal 0.000204661 -0.121636 0.992575
    outer loop
      vertex 8.5383 73.277 19.1236
      vertex 8.99792 72.8208 19.0676
      vertex 8.70918 73.4307 19.1424
    endloop
  endfacet
  facet normal -0.000160824 -0.121998 0.99253
    outer loop
      vertex 8.99792 72.8208 19.0676
      vertex 8.5383 73.277 19.1236
      vertex 8.88588 72.6981 19.0525
    endloop
  endfacet
  facet normal -0.000270154 -0.122063 0.992522
    outer loop
      vertex 8.38342 73.1074 19.1027
      vertex 8.88588 72.6981 19.0525
      vertex 8.5383 73.277 19.1236
    endloop
  endfacet
  facet normal 4.62569e-05 -0.12168 0.992569
    outer loop
      vertex 8.88588 72.6981 19.0525
      vertex 8.38342 73.1074 19.1027
      vertex 8.7865 72.5651 19.0362
    endloop
  endfacet
  facet normal 0.000184328 -0.121579 0.992582
    outer loop
      vertex 8.24605 72.9235 19.0802
      vertex 8.7865 72.5651 19.0362
      vertex 8.38342 73.1074 19.1027
    endloop
  endfacet
  facet normal -0.000221616 -0.122182 0.992508
    outer loop
      vertex 8.7865 72.5651 19.0362
      vertex 8.24605 72.9235 19.0802
      vertex 8.70073 72.4231 19.0187
    endloop
  endfacet
  facet normal 8.55696e-05 -0.121907 0.992541
    outer loop
      vertex 8.12748 72.7272 19.0561
      vertex 8.70073 72.4231 19.0187
      vertex 8.24605 72.9235 19.0802
    endloop
  endfacet
  facet normal 3.08356e-05 -0.122009 0.992529
    outer loop
      vertex 8.70073 72.4231 19.0187
      vertex 8.12748 72.7272 19.0561
      vertex 8.6294 72.2734 19.0003
    endloop
  endfacet
  facet normal 0.000123573 -0.121908 0.992541
    outer loop
      vertex 8.02888 72.5203 19.0307
      vertex 8.6294 72.2734 19.0003
      vertex 8.12748 72.7272 19.0561
    endloop
  endfacet
  facet normal 0.000217633 -0.121682 0.992569
    outer loop
      vertex 8.6294 72.2734 19.0003
      vertex 8.02888 72.5203 19.0307
      vertex 8.5732 72.1175 18.9812
    endloop
  endfacet
  facet normal 7.36857e-05 -0.121631 0.992575
    outer loop
      vertex 11.7706 70.982 18.8418
      vertex 12.3711 70.7351 18.8115
      vertex 11.8268 71.1379 18.8609
    endloop
  endfacet
  facet normal -1.46289e-05 -0.121843 0.992549
    outer loop
      vertex 12.3711 70.7351 18.8115
      vertex 11.7706 70.982 18.8418
      vertex 12.2725 70.5282 18.7861
    endloop
  endfacet
  facet normal -0.000107388 -0.121944 0.992537
    outer loop
      vertex 11.6993 70.8323 18.8234
      vertex 12.2725 70.5282 18.7861
      vertex 11.7706 70.982 18.8418
    endloop
  endfacet
  facet normal -0.00022373 -0.12216 0.99251
    outer loop
      vertex 12.2725 70.5282 18.7861
      vertex 11.6993 70.8323 18.8234
      vertex 12.154 70.3318 18.7619
    endloop
  endfacet
  facet normal 0.000224343 -0.121759 0.99256
    outer loop
      vertex 11.6135 70.6903 18.806
      vertex 12.154 70.3318 18.7619
      vertex 11.6993 70.8323 18.8234
    endloop
  endfacet
  facet normal 0.0002627 -0.121702 0.992567
    outer loop
      vertex 12.154 70.3318 18.7619
      vertex 11.6135 70.6903 18.806
      vertex 12.0166 70.148 18.7394
    endloop
  endfacet
  facet normal -0.000331586 -0.122137 0.992513
    outer loop
      vertex 11.5141 70.5573 18.7896
      vertex 12.0166 70.148 18.7394
      vertex 11.6135 70.6903 18.806
    endloop
  endfacet
  facet normal -0.000270127 -0.122063 0.992522
    outer loop
      vertex 12.0166 70.148 18.7394
      vertex 11.5141 70.5573 18.7896
      vertex 11.8617 69.9784 18.7185
    endloop
  endfacet
  facet normal 0.000373712 -0.121682 0.992569
    outer loop
      vertex 11.4021 70.4346 18.7746
      vertex 11.8617 69.9784 18.7185
      vertex 11.5141 70.5573 18.7896
    endloop
  endfacet
  facet normal 0.000344675 -0.121711 0.992566
    outer loop
      vertex 11.8617 69.9784 18.7185
      vertex 11.4021 70.4346 18.7746
      vertex 11.6908 69.8246 18.6997
    endloop
  endfacet
  facet normal -0.000259629 -0.121993 0.992531
    outer loop
      vertex 11.2785 70.3234 18.7609
      vertex 11.6908 69.8246 18.6997
      vertex 11.4021 70.4346 18.7746
    endloop
  endfacet
  facet normal -0.000255725 -0.121989 0.992531
    outer loop
      vertex 11.6908 69.8246 18.6997
      vertex 11.2785 70.3234 18.7609
      vertex 11.5056 69.6883 18.6829
    endloop
  endfacet
  facet normal 0.000128225 -0.121854 0.992548
    outer loop
      vertex 11.1445 70.2247 18.7488
      vertex 11.5056 69.6883 18.6829
      vertex 11.2785 70.3234 18.7609
    endloop
  endfacet
  facet normal 0.000215541 -0.121796 0.992555
    outer loop
      vertex 11.5056 69.6883 18.6829
      vertex 11.1445 70.2247 18.7488
      vertex 11.3078 69.5706 18.6685
    endloop
  endfacet
  facet normal -0.000318725 -0.121928 0.992539
    outer loop
      vertex 11.0014 70.1396 18.7383
      vertex 11.3078 69.5706 18.6685
      vertex 11.1445 70.2247 18.7488
    endloop
  endfacet
  facet normal 3.61944e-05 -0.121739 0.992562
    outer loop
      vertex 11.3078 69.5706 18.6685
      vertex 11.0014 70.1396 18.7383
      vertex 11.0993 69.4727 18.6565
    endloop
  endfacet
  facet normal 0.000517984 -0.12167 0.992571
    outer loop
      vertex 10.8506 70.0688 18.7297
      vertex 11.0993 69.4727 18.6565
      vertex 11.0014 70.1396 18.7383
    endloop
  endfacet
  facet normal -0.000128452 -0.121935 0.992538
    outer loop
      vertex 11.0993 69.4727 18.6565
      vertex 10.8506 70.0688 18.7297
      vertex 10.8822 69.3956 18.647
    endloop
  endfacet
  facet normal -0.000280805 -0.121943 0.992537
    outer loop
      vertex 10.6935 70.013 18.7228
      vertex 10.8822 69.3956 18.647
      vertex 10.8506 70.0688 18.7297
    endloop
  endfacet
  facet normal 0.000107935 -0.121825 0.992552
    outer loop
      vertex 10.6935 70.013 18.7228
      vertex 10.6585 69.34 18.6402
      vertex 10.8822 69.3956 18.647
    endloop
  endfacet
  facet normal 0.000210728 -0.121831 0.992551
    outer loop
      vertex 10.5317 69.9728 18.7179
      vertex 10.6585 69.34 18.6402
      vertex 10.6935 70.013 18.7228
    endloop
  endfacet
  facet normal -0.000314054 -0.121934 0.992538
    outer loop
      vertex 10.5317 69.9728 18.7179
      vertex 10.4303 69.3064 18.636
      vertex 10.6585 69.34 18.6402
    endloop
  endfacet
  facet normal -8.33274e-05 -0.121969 0.992534
    outer loop
      vertex 10.3666 69.9485 18.7149
      vertex 10.4303 69.3064 18.636
      vertex 10.5317 69.9728 18.7179
    endloop
  endfacet
  facet normal -2.77936e-05 -0.121963 0.992535
    outer loop
      vertex 10.2 69.9404 18.7139
      vertex 10.4303 69.3064 18.636
      vertex 10.3666 69.9485 18.7149
    endloop
  endfacet
  facet normal 0.000322501 -0.121838 0.99255
    outer loop
      vertex 10.2 69.9404 18.7139
      vertex 10.2 69.2952 18.6347
      vertex 10.4303 69.3064 18.636
    endloop
  endfacet
  facet normal 3.39806e-05 -0.121838 0.99255
    outer loop
      vertex 10.0334 69.9485 18.7149
      vertex 10.2 69.2952 18.6347
      vertex 10.2 69.9404 18.7139
    endloop
  endfacet
  facet normal -0.000326917 -0.121929 0.992539
    outer loop
      vertex 10.0334 69.9485 18.7149
      vertex 9.96966 69.3064 18.636
      vertex 10.2 69.2952 18.6347
    endloop
  endfacet
  facet normal 8.33515e-05 -0.121969 0.992534
    outer loop
      vertex 9.86835 69.9728 18.7179
      vertex 9.96966 69.3064 18.636
      vertex 10.0334 69.9485 18.7149
    endloop
  endfacet
  facet normal 0.00031416 -0.121934 0.992538
    outer loop
      vertex 9.86835 69.9728 18.7179
      vertex 9.74154 69.34 18.6402
      vertex 9.96966 69.3064 18.636
    endloop
  endfacet
  facet normal -0.00021069 -0.121831 0.992551
    outer loop
      vertex 9.70652 70.013 18.7228
      vertex 9.74154 69.34 18.6402
      vertex 9.86835 69.9728 18.7179
    endloop
  endfacet
  facet normal 0.000280839 -0.121943 0.992537
    outer loop
      vertex 9.51783 69.3956 18.647
      vertex 9.70652 70.013 18.7228
      vertex 9.54944 70.0688 18.7297
    endloop
  endfacet
  facet normal -0.000107931 -0.121825 0.992552
    outer loop
      vertex 9.70652 70.013 18.7228
      vertex 9.51783 69.3956 18.647
      vertex 9.74154 69.34 18.6402
    endloop
  endfacet
  facet normal -0.00051791 -0.12167 0.992571
    outer loop
      vertex 9.30069 69.4727 18.6565
      vertex 9.54944 70.0688 18.7297
      vertex 9.39862 70.1396 18.7383
    endloop
  endfacet
  facet normal 0.000128429 -0.121935 0.992538
    outer loop
      vertex 9.54944 70.0688 18.7297
      vertex 9.30069 69.4727 18.6565
      vertex 9.51783 69.3956 18.647
    endloop
  endfacet
  facet normal 0.000318742 -0.121928 0.992539
    outer loop
      vertex 9.09222 69.5706 18.6685
      vertex 9.39862 70.1396 18.7383
      vertex 9.25553 70.2247 18.7488
    endloop
  endfacet
  facet normal -0.000128222 -0.121854 0.992548
    outer loop
      vertex 8.89441 69.6883 18.6829
      vertex 9.25553 70.2247 18.7488
      vertex 9.12153 70.3234 18.7609
    endloop
  endfacet
  facet normal -3.61986e-05 -0.121739 0.992562
    outer loop
      vertex 9.39862 70.1396 18.7383
      vertex 9.09222 69.5706 18.6685
      vertex 9.30069 69.4727 18.6565
    endloop
  endfacet
  facet normal 0.000259604 -0.121993 0.992531
    outer loop
      vertex 8.70918 69.8246 18.6997
      vertex 9.12153 70.3234 18.7609
      vertex 8.99792 70.4346 18.7746
    endloop
  endfacet
  facet normal -0.00021553 -0.121796 0.992555
    outer loop
      vertex 9.25553 70.2247 18.7488
      vertex 8.89441 69.6883 18.6829
      vertex 9.09222 69.5706 18.6685
    endloop
  endfacet
  facet normal -0.00037364 -0.121682 0.992569
    outer loop
      vertex 8.5383 69.9784 18.7185
      vertex 8.99792 70.4346 18.7746
      vertex 8.88588 70.5573 18.7896
    endloop
  endfacet
  facet normal 0.000331627 -0.122137 0.992513
    outer loop
      vertex 8.38342 70.148 18.7394
      vertex 8.88588 70.5573 18.7896
      vertex 8.7865 70.6903 18.806
    endloop
  endfacet
  facet normal 0.000255687 -0.121989 0.992531
    outer loop
      vertex 9.12153 70.3234 18.7609
      vertex 8.70918 69.8246 18.6997
      vertex 8.89441 69.6883 18.6829
    endloop
  endfacet
  facet normal -0.00022438 -0.121759 0.99256
    outer loop
      vertex 8.24605 70.3318 18.7619
      vertex 8.7865 70.6903 18.806
      vertex 8.70073 70.8323 18.8234
    endloop
  endfacet
  facet normal 0.000107372 -0.121944 0.992537
    outer loop
      vertex 8.12748 70.5282 18.7861
      vertex 8.70073 70.8323 18.8234
      vertex 8.6294 70.982 18.8418
    endloop
  endfacet
  facet normal -7.36836e-05 -0.121631 0.992575
    outer loop
      vertex 8.02888 70.7351 18.8115
      vertex 8.6294 70.982 18.8418
      vertex 8.5732 71.1379 18.8609
    endloop
  endfacet
  facet normal -0.000344689 -0.121711 0.992566
    outer loop
      vertex 8.99792 70.4346 18.7746
      vertex 8.5383 69.9784 18.7185
      vertex 8.70918 69.8246 18.6997
    endloop
  endfacet
  facet normal -3.68442e-05 -0.121762 0.992559
    outer loop
      vertex 7.95119 70.9506 18.8379
      vertex 8.5732 71.1379 18.8609
      vertex 8.53266 71.2985 18.8806
    endloop
  endfacet
  facet normal 0.000190733 -0.122366 0.992485
    outer loop
      vertex 7.89515 71.1726 18.8652
      vertex 8.53266 71.2985 18.8806
      vertex 8.50819 71.4623 18.9008
    endloop
  endfacet
  facet normal -6.61015e-05 -0.121822 0.992552
    outer loop
      vertex 7.86131 71.3991 18.893
      vertex 8.50819 71.4623 18.9008
      vertex 8.5 71.6277 18.9211
    endloop
  endfacet
  facet normal -4.6422e-05 -0.122034 0.992526
    outer loop
      vertex 7.95119 72.3048 19.0042
      vertex 8.5732 72.1175 18.9812
      vertex 8.02888 72.5203 19.0307
    endloop
  endfacet
  facet normal 0.000270154 -0.122063 0.992522
    outer loop
      vertex 8.88588 70.5573 18.7896
      vertex 8.38342 70.148 18.7394
      vertex 8.5383 69.9784 18.7185
    endloop
  endfacet
  facet normal 3.68442e-05 -0.121762 0.992559
    outer loop
      vertex 8.5732 72.1175 18.9812
      vertex 7.95119 72.3048 19.0042
      vertex 8.53266 71.9569 18.9615
    endloop
  endfacet
  facet normal -0.000262735 -0.121702 0.992567
    outer loop
      vertex 8.7865 70.6903 18.806
      vertex 8.24605 70.3318 18.7619
      vertex 8.38342 70.148 18.7394
    endloop
  endfacet
  facet normal -9.34835e-05 -0.121976 0.992533
    outer loop
      vertex 7.89515 72.0827 18.9769
      vertex 8.53266 71.9569 18.9615
      vertex 7.95119 72.3048 19.0042
    endloop
  endfacet
  facet normal 0.000223684 -0.12216 0.99251
    outer loop
      vertex 8.70073 70.8323 18.8234
      vertex 8.12748 70.5282 18.7861
      vertex 8.24605 70.3318 18.7619
    endloop
  endfacet
  facet normal -5.59512e-05 -0.121789 0.992556
    outer loop
      vertex 8.53266 71.9569 18.9615
      vertex 7.89515 72.0827 18.9769
      vertex 8.50819 71.7931 18.9414
    endloop
  endfacet
  facet normal 1.46285e-05 -0.121843 0.992549
    outer loop
      vertex 8.6294 70.982 18.8418
      vertex 8.02888 70.7351 18.8115
      vertex 8.12748 70.5282 18.7861
    endloop
  endfacet
  facet normal -9.13778e-05 -0.121863 0.992547
    outer loop
      vertex 7.86131 71.8563 18.9491
      vertex 8.50819 71.7931 18.9414
      vertex 7.89515 72.0827 18.9769
    endloop
  endfacet
  facet normal -7.86876e-05 -0.121625 0.992576
    outer loop
      vertex 8.5732 71.1379 18.8609
      vertex 7.95119 70.9506 18.8379
      vertex 8.02888 70.7351 18.8115
    endloop
  endfacet
  facet normal -8.65967e-05 -0.121814 0.992553
    outer loop
      vertex 8.50819 71.7931 18.9414
      vertex 7.86131 71.8563 18.9491
      vertex 8.5 71.6277 18.9211
    endloop
  endfacet
  facet normal 0.000122043 -0.122023 0.992527
    outer loop
      vertex 8.53266 71.2985 18.8806
      vertex 7.89515 71.1726 18.8652
      vertex 7.95119 70.9506 18.8379
    endloop
  endfacet
  facet normal 0 -0.121576 0.992582
    outer loop
      vertex 7.85 71.6277 18.9211
      vertex 8.5 71.6277 18.9211
      vertex 7.86131 71.8563 18.9491
    endloop
  endfacet
  facet normal -6.50319e-05 -0.121833 0.992551
    outer loop
      vertex 8.50819 71.4623 18.9008
      vertex 7.86131 71.3991 18.893
      vertex 7.89515 71.1726 18.8652
    endloop
  endfacet
  facet normal 0 -0.122004 0.99253
    outer loop
      vertex 8.5 71.6277 18.9211
      vertex 7.85 71.6277 18.9211
      vertex 7.86131 71.3991 18.893
    endloop
  endfacet
  facet normal 0.803131 0.591362 0.0726132
    outer loop
      vertex 8.24605 69.8443 22.7321
      vertex 8.38342 70.148 18.7394
      vertex 8.24605 70.3318 18.7619
    endloop
  endfacet
  facet normal 0.803131 0.591362 0.0726132
    outer loop
      vertex 8.38342 70.148 18.7394
      vertex 8.24605 69.8443 22.7321
      vertex 8.38342 69.6605 22.7096
    endloop
  endfacet
  facet normal 0.998796 -0.0486833 -0.00597782
    outer loop
      vertex 7.86131 71.3688 22.9193
      vertex 7.85 71.6277 18.9211
      vertex 7.86131 71.8563 18.9491
    endloop
  endfacet
  facet normal 0.998797 -0.0486807 -0.00597765
    outer loop
      vertex 7.85 71.6277 18.9211
      vertex 7.86131 71.3688 22.9193
      vertex 7.85 71.1402 22.8912
    endloop
  endfacet
  facet normal -0.740906 0.666602 0.0818519
    outer loop
      vertex 11.8617 69.9784 18.7185
      vertex 12.0166 69.6605 22.7096
      vertex 12.0166 70.148 18.7394
    endloop
  endfacet
  facet normal -0.740906 0.666602 0.0818519
    outer loop
      vertex 12.0166 69.6605 22.7096
      vertex 11.8617 69.9784 18.7185
      vertex 11.8617 69.4909 22.6887
    endloop
  endfacet
  facet normal 0.904 -0.424346 -0.0521041
    outer loop
      vertex 8.70073 72.4231 19.0187
      vertex 8.6294 73.6737 7.59599
      vertex 8.70073 73.8234 7.61437
    endloop
  endfacet
  facet normal 0.904002 -0.424341 -0.0521035
    outer loop
      vertex 8.6294 73.6737 7.59599
      vertex 8.70073 72.4231 19.0187
      vertex 8.6294 72.2734 19.0003
    endloop
  endfacet
  facet normal -0.989146 -0.14584 -0.0179058
    outer loop
      vertex 11.8918 73.1934 7.53701
      vertex 11.8673 71.9569 18.9615
      vertex 11.8673 73.3571 7.55712
    endloop
  endfacet
  facet normal -0.989159 -0.145755 -0.0178967
    outer loop
      vertex 11.8673 71.9569 18.9615
      vertex 11.8918 73.1934 7.53701
      vertex 11.8918 71.7931 18.9414
    endloop
  endfacet
  facet normal -0.998792 -0.0487814 -0.00598967
    outer loop
      vertex 11.9 73.028 7.5167
      vertex 11.8918 71.7931 18.9414
      vertex 11.8918 73.1934 7.53701
    endloop
  endfacet
  facet normal -0.998792 -0.0487817 -0.00598971
    outer loop
      vertex 11.8918 71.7931 18.9414
      vertex 11.9 73.028 7.5167
      vertex 11.9 71.6277 18.9211
    endloop
  endfacet
  facet normal -0.970109 -0.24086 -0.0295743
    outer loop
      vertex 11.8673 73.3571 7.55712
      vertex 11.8268 72.1175 18.9812
      vertex 11.8268 73.5178 7.57684
    endloop
  endfacet
  facet normal -0.970073 -0.241003 -0.0295897
    outer loop
      vertex 11.8268 72.1175 18.9812
      vertex 11.8673 73.3571 7.55712
      vertex 11.8673 71.9569 18.9615
    endloop
  endfacet
  facet normal -0.146625 -0.981819 -0.120554
    outer loop
      vertex 10.3666 74.7072 7.72288
      vertex 10.5317 73.2826 19.1243
      vertex 10.3666 73.3069 19.1272
    endloop
  endfacet
  facet normal -0.146682 -0.98181 -0.120552
    outer loop
      vertex 10.5317 73.2826 19.1243
      vertex 10.3666 74.7072 7.72288
      vertex 10.5317 74.6829 7.7199
    endloop
  endfacet
  facet normal 0.146669 -0.981812 -0.120554
    outer loop
      vertex 9.86835 73.2826 19.1243
      vertex 10.0334 74.7072 7.72288
      vertex 10.0334 73.3069 19.1272
    endloop
  endfacet
  facet normal 0.146726 -0.981804 -0.120552
    outer loop
      vertex 10.0334 74.7072 7.72288
      vertex 9.86835 73.2826 19.1243
      vertex 9.86835 74.6829 7.7199
    endloop
  endfacet
  facet normal -0.803154 -0.591331 -0.0726074
    outer loop
      vertex 11.6135 73.9654 7.6318
      vertex 11.5141 72.6981 19.0525
      vertex 11.5141 74.0984 7.64814
    endloop
  endfacet
  facet normal -0.803143 -0.591345 -0.0726089
    outer loop
      vertex 11.5141 72.6981 19.0525
      vertex 11.6135 73.9654 7.6318
      vertex 11.6135 72.5651 19.0362
    endloop
  endfacet
  facet normal -0.51399 0.851402 0.104541
    outer loop
      vertex 11.1445 71.625 7.34444
      vertex 11.0014 70.1396 18.7383
      vertex 11.1445 70.2247 18.7488
    endloop
  endfacet
  facet normal -0.513963 0.851418 0.104543
    outer loop
      vertex 11.0014 70.1396 18.7383
      vertex 11.1445 71.625 7.34444
      vertex 11.0014 71.5399 7.33399
    endloop
  endfacet
  facet normal -0.595539 -0.797338 -0.0979025
    outer loop
      vertex 11.1445 74.4309 7.68896
      vertex 11.2785 72.932 19.0812
      vertex 11.1445 73.0306 19.0933
    endloop
  endfacet
  facet normal -0.595543 -0.797335 -0.097902
    outer loop
      vertex 11.2785 72.932 19.0812
      vertex 11.1445 74.4309 7.68896
      vertex 11.2785 74.3323 7.67685
    endloop
  endfacet
  facet normal -0.998792 0.0487817 0.00598971
    outer loop
      vertex 11.8918 72.8626 7.4964
      vertex 11.9 71.6277 18.9211
      vertex 11.9 73.028 7.5167
    endloop
  endfacet
  facet normal -0.998792 0.0487817 0.00598971
    outer loop
      vertex 11.9 71.6277 18.9211
      vertex 11.8918 72.8626 7.4964
      vertex 11.8918 71.4623 18.9008
    endloop
  endfacet
  facet normal 0.24283 -0.962838 -0.118223
    outer loop
      vertex 9.70652 73.2424 19.1193
      vertex 9.86835 74.6829 7.7199
      vertex 9.86835 73.2826 19.1243
    endloop
  endfacet
  facet normal 0.243349 -0.96271 -0.118199
    outer loop
      vertex 9.86835 74.6829 7.7199
      vertex 9.70652 73.2424 19.1193
      vertex 9.70652 74.6426 7.71496
    endloop
  endfacet
  facet normal 0.803211 -0.591254 -0.072598
    outer loop
      vertex 8.88588 72.6981 19.0525
      vertex 8.7865 73.9654 7.6318
      vertex 8.88588 74.0984 7.64814
    endloop
  endfacet
  facet normal 0.8032 -0.591268 -0.0725994
    outer loop
      vertex 8.7865 73.9654 7.6318
      vertex 8.88588 72.6981 19.0525
      vertex 8.7865 72.5651 19.0362
    endloop
  endfacet
  facet normal 0.427495 0.897279 0.110174
    outer loop
      vertex 9.54944 70.0688 18.7297
      vertex 9.39862 71.5399 7.33399
      vertex 9.39862 70.1396 18.7383
    endloop
  endfacet
  facet normal 0.427549 0.897254 0.11017
    outer loop
      vertex 9.39862 71.5399 7.33399
      vertex 9.54944 70.0688 18.7297
      vertex 9.54944 71.4691 7.3253
    endloop
  endfacet
  facet normal -0.427601 -0.89723 -0.110159
    outer loop
      vertex 10.8506 74.5868 7.70811
      vertex 11.0014 73.1158 19.1038
      vertex 10.8506 73.1866 19.1125
    endloop
  endfacet
  facet normal -0.427109 -0.89746 -0.110196
    outer loop
      vertex 11.0014 73.1158 19.1038
      vertex 10.8506 74.5868 7.70811
      vertex 11.0014 74.5161 7.69942
    endloop
  endfacet
  facet normal 0.989185 0.145578 0.017875
    outer loop
      vertex 8.50819 71.4623 18.9008
      vertex 8.53266 72.6988 7.47628
      vertex 8.50819 72.8626 7.4964
    endloop
  endfacet
  facet normal 0.989187 0.14557 0.0178741
    outer loop
      vertex 8.53266 72.6988 7.47628
      vertex 8.50819 71.4623 18.9008
      vertex 8.53266 71.2985 18.8806
    endloop
  endfacet
  facet normal -0.671612 0.735381 0.0902881
    outer loop
      vertex 11.4021 71.8348 7.37021
      vertex 11.2785 70.3234 18.7609
      vertex 11.4021 70.4346 18.7746
    endloop
  endfacet
  facet normal -0.671596 0.735395 0.0902901
    outer loop
      vertex 11.2785 70.3234 18.7609
      vertex 11.4021 71.8348 7.37021
      vertex 11.2785 71.7236 7.35655
    endloop
  endfacet
  facet normal 0.427555 -0.897252 -0.110162
    outer loop
      vertex 9.39862 73.1158 19.1038
      vertex 9.54944 74.5868 7.70811
      vertex 9.54944 73.1866 19.1125
    endloop
  endfacet
  facet normal 0.427063 -0.897482 -0.110198
    outer loop
      vertex 9.54944 74.5868 7.70811
      vertex 9.39862 73.1158 19.1038
      vertex 9.39862 74.5161 7.69942
    endloop
  endfacet
  facet normal -0.970074 0.240999 0.0295915
    outer loop
      vertex 11.8268 72.5382 7.45656
      vertex 11.8673 71.2985 18.8806
      vertex 11.8673 72.6988 7.47628
    endloop
  endfacet
  facet normal -0.970073 0.241003 0.0295919
    outer loop
      vertex 11.8673 71.2985 18.8806
      vertex 11.8268 72.5382 7.45656
      vertex 11.8268 71.1379 18.8609
    endloop
  endfacet
  facet normal -0.242804 0.962844 0.118224
    outer loop
      vertex 10.6935 71.4133 7.31845
      vertex 10.5317 69.9728 18.7179
      vertex 10.6935 70.013 18.7228
    endloop
  endfacet
  facet normal -0.242831 0.962838 0.118223
    outer loop
      vertex 10.5317 69.9728 18.7179
      vertex 10.6935 71.4133 7.31845
      vertex 10.5317 71.3731 7.31351
    endloop
  endfacet
  facet normal 0.989172 -0.145665 -0.0178844
    outer loop
      vertex 8.53266 71.9569 18.9615
      vertex 8.50819 73.1934 7.53701
      vertex 8.53266 73.3571 7.55712
    endloop
  endfacet
  facet normal 0.989185 -0.14558 -0.0178752
    outer loop
      vertex 8.50819 73.1934 7.53701
      vertex 8.53266 71.9569 18.9615
      vertex 8.50819 71.7931 18.9414
    endloop
  endfacet
  facet normal -0.941546 -0.334372 -0.0410566
    outer loop
      vertex 11.8268 73.5178 7.57684
      vertex 11.7706 72.2734 19.0003
      vertex 11.7706 73.6737 7.59599
    endloop
  endfacet
  facet normal -0.941542 -0.334384 -0.0410578
    outer loop
      vertex 11.7706 72.2734 19.0003
      vertex 11.8268 73.5178 7.57684
      vertex 11.8268 72.1175 18.9812
    endloop
  endfacet
  facet normal 0.514017 0.851386 0.104539
    outer loop
      vertex 9.39862 70.1396 18.7383
      vertex 9.25553 71.625 7.34444
      vertex 9.25553 70.2247 18.7488
    endloop
  endfacet
  facet normal 0.51399 0.851402 0.104541
    outer loop
      vertex 9.25553 71.625 7.34444
      vertex 9.39862 70.1396 18.7383
      vertex 9.39862 71.5399 7.33399
    endloop
  endfacet
  facet normal 0.970053 -0.241084 -0.0296018
    outer loop
      vertex 8.5732 72.1175 18.9812
      vertex 8.53266 73.3571 7.55712
      vertex 8.5732 73.5178 7.57684
    endloop
  endfacet
  facet normal 0.970017 -0.241227 -0.0296172
    outer loop
      vertex 8.53266 73.3571 7.55712
      vertex 8.5732 72.1175 18.9812
      vertex 8.53266 71.9569 18.9615
    endloop
  endfacet
  facet normal -0.803151 0.591335 0.0726025
    outer loop
      vertex 11.5141 71.9575 7.38527
      vertex 11.6135 70.6903 18.806
      vertex 11.6135 72.0905 7.4016
    endloop
  endfacet
  facet normal -0.803169 0.591311 0.0725999
    outer loop
      vertex 11.6135 70.6903 18.806
      vertex 11.5141 71.9575 7.38527
      vertex 11.5141 70.5573 18.7896
    endloop
  endfacet
  facet normal 0.595923 0.797057 0.0978608
    outer loop
      vertex 9.25553 70.2247 18.7488
      vertex 9.12153 71.7236 7.35655
      vertex 9.12153 70.3234 18.7609
    endloop
  endfacet
  facet normal 0.595543 0.797335 0.0979019
    outer loop
      vertex 9.12153 71.7236 7.35655
      vertex 9.25553 70.2247 18.7488
      vertex 9.25553 71.625 7.34444
    endloop
  endfacet
  facet normal 0.337001 0.934486 0.114742
    outer loop
      vertex 9.70652 70.013 18.7228
      vertex 9.54944 71.4691 7.3253
      vertex 9.54944 70.0688 18.7297
    endloop
  endfacet
  facet normal 0.336968 0.934498 0.114744
    outer loop
      vertex 9.54944 71.4691 7.3253
      vertex 9.70652 70.013 18.7228
      vertex 9.70652 71.4133 7.31845
    endloop
  endfacet
  facet normal -0.336898 -0.934524 -0.114739
    outer loop
      vertex 10.6935 74.6426 7.71496
      vertex 10.8506 73.1866 19.1125
      vertex 10.6935 73.2424 19.1193
    endloop
  endfacet
  facet normal -0.33693 -0.934512 -0.114737
    outer loop
      vertex 10.8506 73.1866 19.1125
      vertex 10.6935 74.6426 7.71496
      vertex 10.8506 74.5868 7.70811
    endloop
  endfacet
  facet normal 0.740961 0.666543 0.0818368
    outer loop
      vertex 8.88588 70.5573 18.7896
      vertex 8.99792 71.8348 7.37021
      vertex 8.88588 71.9575 7.38527
    endloop
  endfacet
  facet normal 0.740941 0.666565 0.081839
    outer loop
      vertex 8.99792 71.8348 7.37021
      vertex 8.88588 70.5573 18.7896
      vertex 8.99792 70.4346 18.7746
    endloop
  endfacet
  facet normal -0.514428 -0.851142 -0.104508
    outer loop
      vertex 11.0014 74.5161 7.69942
      vertex 11.1445 73.0306 19.0933
      vertex 11.0014 73.1158 19.1038
    endloop
  endfacet
  facet normal -0.514406 -0.851154 -0.10451
    outer loop
      vertex 11.1445 73.0306 19.0933
      vertex 11.0014 74.5161 7.69942
      vertex 11.1445 74.4309 7.68896
    endloop
  endfacet
  facet normal 0.336936 -0.93451 -0.114737
    outer loop
      vertex 9.54944 73.1866 19.1125
      vertex 9.70652 74.6426 7.71496
      vertex 9.70652 73.2424 19.1193
    endloop
  endfacet
  facet normal 0.336968 -0.934499 -0.114735
    outer loop
      vertex 9.70652 74.6426 7.71496
      vertex 9.54944 73.1866 19.1125
      vertex 9.54944 74.5868 7.70811
    endloop
  endfacet
  facet normal 0.903891 0.424575 0.0521282
    outer loop
      vertex 8.6294 70.982 18.8418
      vertex 8.70073 72.2326 7.41904
      vertex 8.6294 72.3822 7.43742
    endloop
  endfacet
  facet normal 0.904002 0.424341 0.0521032
    outer loop
      vertex 8.70073 72.2326 7.41904
      vertex 8.6294 70.982 18.8418
      vertex 8.70073 70.8323 18.8234
    endloop
  endfacet
  facet normal 0.941613 0.334188 0.0410338
    outer loop
      vertex 8.5732 71.1379 18.8609
      vertex 8.6294 72.3822 7.43742
      vertex 8.5732 72.5382 7.45656
    endloop
  endfacet
  facet normal 0.941542 0.334384 0.0410548
    outer loop
      vertex 8.6294 72.3822 7.43742
      vertex 8.5732 71.1379 18.8609
      vertex 8.6294 70.982 18.8418
    endloop
  endfacet
  facet normal -0.904069 -0.4242 -0.0520862
    outer loop
      vertex 11.7706 73.6737 7.59599
      vertex 11.6993 72.4231 19.0187
      vertex 11.6993 73.8234 7.61437
    endloop
  endfacet
  facet normal -0.904072 -0.424195 -0.0520856
    outer loop
      vertex 11.6993 72.4231 19.0187
      vertex 11.7706 73.6737 7.59599
      vertex 11.7706 72.2734 19.0003
    endloop
  endfacet
  facet normal 0.970018 0.241223 0.029619
    outer loop
      vertex 8.53266 71.2985 18.8806
      vertex 8.5732 72.5382 7.45656
      vertex 8.53266 72.6988 7.47628
    endloop
  endfacet
  facet normal 0.970017 0.241227 0.0296194
    outer loop
      vertex 8.5732 72.5382 7.45656
      vertex 8.53266 71.2985 18.8806
      vertex 8.5732 71.1379 18.8609
    endloop
  endfacet
  facet normal 0.595539 -0.797338 -0.0979025
    outer loop
      vertex 9.12153 72.932 19.0812
      vertex 9.25553 74.4309 7.68896
      vertex 9.25553 73.0306 19.0933
    endloop
  endfacet
  facet normal 0.595543 -0.797335 -0.097902
    outer loop
      vertex 9.25553 74.4309 7.68896
      vertex 9.12153 72.932 19.0812
      vertex 9.12153 74.3323 7.67685
    endloop
  endfacet
  facet normal 0.671583 0.735408 0.0902913
    outer loop
      vertex 9.12153 70.3234 18.7609
      vertex 8.99792 71.8348 7.37021
      vertex 8.99792 70.4346 18.7746
    endloop
  endfacet
  facet normal 0.671567 0.735422 0.0902934
    outer loop
      vertex 8.99792 71.8348 7.37021
      vertex 9.12153 70.3234 18.7609
      vertex 9.12153 71.7236 7.35655
    endloop
  endfacet
  facet normal 0.14674 0.981802 0.120552
    outer loop
      vertex 10.0334 69.9485 18.7149
      vertex 9.86835 71.3731 7.31351
      vertex 9.86835 69.9728 18.7179
    endloop
  endfacet
  facet normal 0.146733 0.981803 0.120552
    outer loop
      vertex 9.86835 71.3731 7.31351
      vertex 10.0334 69.9485 18.7149
      vertex 10.0334 71.3488 7.31052
    endloop
  endfacet
  facet normal 0.000605213 -0.121848 0.992549
    outer loop
      vertex 11.8918 73.1934 7.53701
      vertex 11.8918 72.8626 7.4964
      vertex 11.9 73.028 7.5167
    endloop
  endfacet
  facet normal 0.000554899 -0.121848 0.992549
    outer loop
      vertex 11.8673 73.3571 7.55712
      vertex 11.8918 72.8626 7.4964
      vertex 11.8918 73.1934 7.53701
    endloop
  endfacet
  facet normal -0.000209483 -0.121886 0.992544
    outer loop
      vertex 11.8673 73.3571 7.55712
      vertex 11.8673 72.6988 7.47628
      vertex 11.8918 72.8626 7.4964
    endloop
  endfacet
  facet normal -0.000346668 -0.121886 0.992544
    outer loop
      vertex 11.8268 73.5178 7.57684
      vertex 11.8673 72.6988 7.47628
      vertex 11.8673 73.3571 7.55712
    endloop
  endfacet
  facet normal -1.86131e-05 -0.12187 0.992546
    outer loop
      vertex 11.8268 73.5178 7.57684
      vertex 11.8268 72.5382 7.45656
      vertex 11.8673 72.6988 7.47628
    endloop
  endfacet
  facet normal 0.000138605 -0.12187 0.992546
    outer loop
      vertex 11.7706 73.6737 7.59599
      vertex 11.8268 72.5382 7.45656
      vertex 11.8268 73.5178 7.57684
    endloop
  endfacet
  facet normal 0.000240813 -0.121865 0.992547
    outer loop
      vertex 11.7706 73.6737 7.59599
      vertex 11.7706 72.3822 7.43742
      vertex 11.8268 72.5382 7.45656
    endloop
  endfacet
  facet normal -1.71382e-06 -0.121865 0.992547
    outer loop
      vertex 11.6993 73.8234 7.61437
      vertex 11.7706 72.3822 7.43742
      vertex 11.7706 73.6737 7.59599
    endloop
  endfacet
  facet normal -0.000153453 -0.121872 0.992546
    outer loop
      vertex 11.6993 73.8234 7.61437
      vertex 11.6993 72.2326 7.41904
      vertex 11.7706 72.3822 7.43742
    endloop
  endfacet
  facet normal -6.70178e-05 -0.121872 0.992546
    outer loop
      vertex 11.6135 73.9654 7.6318
      vertex 11.6993 72.2326 7.41904
      vertex 11.6993 73.8234 7.61437
    endloop
  endfacet
  facet normal 8.1222e-05 -0.121865 0.992547
    outer loop
      vertex 11.6135 73.9654 7.6318
      vertex 11.6135 72.0905 7.4016
      vertex 11.6993 72.2326 7.41904
    endloop
  endfacet
  facet normal 0.000102607 -0.121865 0.992547
    outer loop
      vertex 11.5141 74.0984 7.64814
      vertex 11.6135 72.0905 7.4016
      vertex 11.6135 73.9654 7.6318
    endloop
  endfacet
  facet normal 3.79191e-06 -0.12187 0.992546
    outer loop
      vertex 11.5141 74.0984 7.64814
      vertex 11.5141 71.9575 7.38527
      vertex 11.6135 72.0905 7.4016
    endloop
  endfacet
  facet normal -5.04799e-05 -0.12187 0.992546
    outer loop
      vertex 11.4021 74.2211 7.6632
      vertex 11.5141 71.9575 7.38527
      vertex 11.5141 74.0984 7.64814
    endloop
  endfacet
  facet normal 4.52887e-05 -0.121865 0.992547
    outer loop
      vertex 11.4021 74.2211 7.6632
      vertex 11.4021 71.8348 7.37021
      vertex 11.5141 71.9575 7.38527
    endloop
  endfacet
  facet normal -2.52152e-05 -0.121865 0.992547
    outer loop
      vertex 11.2785 74.3323 7.67685
      vertex 11.4021 71.8348 7.37021
      vertex 11.4021 74.2211 7.6632
    endloop
  endfacet
  facet normal -5.38145e-05 -0.121866 0.992547
    outer loop
      vertex 11.2785 74.3323 7.67685
      vertex 11.2785 71.7236 7.35655
      vertex 11.4021 71.8348 7.37021
    endloop
  endfacet
  facet normal 2.77605e-05 -0.121866 0.992547
    outer loop
      vertex 11.1445 74.4309 7.68896
      vertex 11.2785 71.7236 7.35655
      vertex 11.2785 74.3323 7.67685
    endloop
  endfacet
  facet normal -2.58095e-05 -0.121869 0.992546
    outer loop
      vertex 11.1445 74.4309 7.68896
      vertex 11.1445 71.625 7.34444
      vertex 11.2785 71.7236 7.35655
    endloop
  endfacet
  facet normal -8.3799e-06 -0.121869 0.992546
    outer loop
      vertex 11.0014 74.5161 7.69942
      vertex 11.1445 71.625 7.34444
      vertex 11.1445 74.4309 7.68896
    endloop
  endfacet
  facet normal -7.45061e-06 -0.121869 0.992546
    outer loop
      vertex 11.0014 74.5161 7.69942
      vertex 11.0014 71.5399 7.33399
      vertex 11.1445 71.625 7.34444
    endloop
  endfacet
  facet normal 6.03231e-05 -0.121869 0.992546
    outer loop
      vertex 10.8506 74.5868 7.70811
      vertex 11.0014 71.5399 7.33399
      vertex 11.0014 74.5161 7.69942
    endloop
  endfacet
  facet normal 2.13963e-05 -0.121871 0.992546
    outer loop
      vertex 10.8506 74.5868 7.70811
      vertex 10.8506 71.4691 7.3253
      vertex 11.0014 71.5399 7.33399
    endloop
  endfacet
  facet normal -9.22652e-06 -0.121871 0.992546
    outer loop
      vertex 10.6935 74.6426 7.71496
      vertex 10.8506 71.4691 7.3253
      vertex 10.8506 74.5868 7.70811
    endloop
  endfacet
  facet normal 8.90766e-06 -0.12187 0.992546
    outer loop
      vertex 10.6935 74.6426 7.71496
      vertex 10.6935 71.4133 7.31845
      vertex 10.8506 71.4691 7.3253
    endloop
  endfacet
  facet normal -5.05504e-05 -0.12187 0.992546
    outer loop
      vertex 10.5317 74.6829 7.7199
      vertex 10.6935 71.4133 7.31845
      vertex 10.6935 74.6426 7.71496
    endloop
  endfacet
  facet normal -2.5084e-05 -0.121869 0.992546
    outer loop
      vertex 10.5317 74.6829 7.7199
      vertex 10.5317 71.3731 7.31351
      vertex 10.6935 71.4133 7.31845
    endloop
  endfacet
  facet normal -2.19289e-05 -0.121869 0.992546
    outer loop
      vertex 10.3666 74.7072 7.72288
      vertex 10.5317 71.3731 7.31351
      vertex 10.5317 74.6829 7.7199
    endloop
  endfacet
  facet normal -3.80713e-05 -0.121869 0.992546
    outer loop
      vertex 10.3666 74.7072 7.72288
      vertex 10.3666 71.3488 7.31052
      vertex 10.5317 71.3731 7.31351
    endloop
  endfacet
  facet normal 3.2435e-05 -0.121869 0.992546
    outer loop
      vertex 10.2 74.7153 7.72388
      vertex 10.3666 71.3488 7.31052
      vertex 10.3666 74.7072 7.72288
    endloop
  endfacet
  facet normal 0.000100128 -0.121866 0.992547
    outer loop
      vertex 10.2 74.7153 7.72388
      vertex 10.2 71.3406 7.30953
      vertex 10.3666 71.3488 7.31052
    endloop
  endfacet
  facet normal -3.25979e-05 -0.121866 0.992547
    outer loop
      vertex 10.0334 74.7072 7.72288
      vertex 10.2 71.3406 7.30953
      vertex 10.2 74.7153 7.72388
    endloop
  endfacet
  facet normal -0.000100292 -0.121869 0.992546
    outer loop
      vertex 10.0334 74.7072 7.72288
      vertex 10.0334 71.3488 7.31052
      vertex 10.2 71.3406 7.30953
    endloop
  endfacet
  facet normal 2.20532e-05 -0.121869 0.992546
    outer loop
      vertex 9.86835 74.6829 7.7199
      vertex 10.0334 71.3488 7.31052
      vertex 10.0334 74.7072 7.72288
    endloop
  endfacet
  facet normal 3.82005e-05 -0.121869 0.992546
    outer loop
      vertex 9.86835 74.6829 7.7199
      vertex 9.86835 71.3731 7.31351
      vertex 10.0334 71.3488 7.31052
    endloop
  endfacet
  facet normal 5.02272e-05 -0.121869 0.992546
    outer loop
      vertex 9.70652 74.6426 7.71496
      vertex 9.86835 71.3731 7.31351
      vertex 9.86835 74.6829 7.7199
    endloop
  endfacet
  facet normal 2.47663e-05 -0.12187 0.992546
    outer loop
      vertex 9.70652 74.6426 7.71496
      vertex 9.70652 71.4133 7.31845
      vertex 9.86835 71.3731 7.31351
    endloop
  endfacet
  facet normal 8.9088e-06 -0.12187 0.992546
    outer loop
      vertex 9.54944 74.5868 7.70811
      vertex 9.70652 71.4133 7.31845
      vertex 9.70652 74.6426 7.71496
    endloop
  endfacet
  facet normal -9.22769e-06 -0.121871 0.992546
    outer loop
      vertex 9.54944 74.5868 7.70811
      vertex 9.54944 71.4691 7.3253
      vertex 9.70652 71.4133 7.31845
    endloop
  endfacet
  facet normal -5.9412e-05 -0.121871 0.992546
    outer loop
      vertex 9.39862 74.5161 7.69942
      vertex 9.54944 71.4691 7.3253
      vertex 9.54944 74.5868 7.70811
    endloop
  endfacet
  facet normal -2.04891e-05 -0.121869 0.992546
    outer loop
      vertex 9.39862 74.5161 7.69942
      vertex 9.39862 71.5399 7.33399
      vertex 9.54944 71.4691 7.3253
    endloop
  endfacet
  facet normal 8.35309e-06 -0.121869 0.992546
    outer loop
      vertex 9.25553 74.4309 7.68896
      vertex 9.39862 71.5399 7.33399
      vertex 9.39862 74.5161 7.69942
    endloop
  endfacet
  facet normal 7.42377e-06 -0.121869 0.992546
    outer loop
      vertex 9.25553 74.4309 7.68896
      vertex 9.25553 71.625 7.34444
      vertex 9.39862 71.5399 7.33399
    endloop
  endfacet
  facet normal -2.58095e-05 -0.121869 0.992546
    outer loop
      vertex 9.12153 74.3323 7.67685
      vertex 9.25553 71.625 7.34444
      vertex 9.25553 74.4309 7.68896
    endloop
  endfacet
  facet normal 2.77605e-05 -0.121866 0.992547
    outer loop
      vertex 9.12153 74.3323 7.67685
      vertex 9.12153 71.7236 7.35655
      vertex 9.25553 71.625 7.34444
    endloop
  endfacet
  facet normal 2.64865e-05 -0.121866 0.992547
    outer loop
      vertex 8.99792 74.2211 7.6632
      vertex 9.12153 71.7236 7.35655
      vertex 9.12153 74.3323 7.67685
    endloop
  endfacet
  facet normal 5.50834e-05 -0.121865 0.992547
    outer loop
      vertex 8.99792 74.2211 7.6632
      vertex 8.99792 71.8348 7.37021
      vertex 9.12153 71.7236 7.35655
    endloop
  endfacet
  facet normal 4.52725e-05 -0.121865 0.992547
    outer loop
      vertex 8.88588 74.0984 7.64814
      vertex 8.99792 71.8348 7.37021
      vertex 8.99792 74.2211 7.6632
    endloop
  endfacet
  facet normal -5.04618e-05 -0.12187 0.992546
    outer loop
      vertex 8.88588 74.0984 7.64814
      vertex 8.88588 71.9575 7.38527
      vertex 8.99792 71.8348 7.37021
    endloop
  endfacet
  facet normal -9.60812e-05 -0.12187 0.992546
    outer loop
      vertex 8.7865 73.9654 7.6318
      vertex 8.88588 71.9575 7.38527
      vertex 8.88588 74.0984 7.64814
    endloop
  endfacet
  facet normal 2.754e-06 -0.121865 0.992547
    outer loop
      vertex 8.7865 73.9654 7.6318
      vertex 8.7865 72.0905 7.4016
      vertex 8.88588 71.9575 7.38527
    endloop
  endfacet
  facet normal 5.48891e-05 -0.121865 0.992547
    outer loop
      vertex 8.70073 73.8234 7.61437
      vertex 8.7865 72.0905 7.4016
      vertex 8.7865 73.9654 7.6318
    endloop
  endfacet
  facet normal -9.34111e-05 -0.121872 0.992546
    outer loop
      vertex 8.70073 73.8234 7.61437
      vertex 8.70073 72.2326 7.41904
      vertex 8.7865 72.0905 7.4016
    endloop
  endfacet
  facet normal 1.74679e-05 -0.121872 0.992546
    outer loop
      vertex 8.6294 73.6737 7.59599
      vertex 8.70073 72.2326 7.41904
      vertex 8.70073 73.8234 7.61437
    endloop
  endfacet
  facet normal 0.000169133 -0.121865 0.992547
    outer loop
      vertex 8.6294 73.6737 7.59599
      vertex 8.6294 72.3822 7.43742
      vertex 8.70073 72.2326 7.41904
    endloop
  endfacet
  facet normal -0.000152638 -0.121865 0.992547
    outer loop
      vertex 8.5732 73.5178 7.57684
      vertex 8.6294 72.3822 7.43742
      vertex 8.6294 73.6737 7.59599
    endloop
  endfacet
  facet normal -0.000254854 -0.12187 0.992546
    outer loop
      vertex 8.5732 73.5178 7.57684
      vertex 8.5732 72.5382 7.45656
      vertex 8.6294 72.3822 7.43742
    endloop
  endfacet
  facet normal 0.000282021 -0.12187 0.992546
    outer loop
      vertex 8.53266 73.3571 7.55712
      vertex 8.5732 72.5382 7.45656
      vertex 8.5732 73.5178 7.57684
    endloop
  endfacet
  facet normal -4.5671e-05 -0.121886 0.992544
    outer loop
      vertex 8.53266 73.3571 7.55712
      vertex 8.53266 72.6988 7.47628
      vertex 8.5732 72.5382 7.45656
    endloop
  endfacet
  facet normal -0.000302225 -0.121886 0.992544
    outer loop
      vertex 8.50819 73.1934 7.53701
      vertex 8.53266 72.6988 7.47628
      vertex 8.53266 73.3571 7.55712
    endloop
  endfacet
  facet normal 0.000463249 -0.121848 0.992549
    outer loop
      vertex 8.50819 73.1934 7.53701
      vertex 8.50819 72.8626 7.4964
      vertex 8.53266 72.6988 7.47628
    endloop
  endfacet
  facet normal -0.000605952 -0.121848 0.992549
    outer loop
      vertex 8.50819 72.8626 7.4964
      vertex 8.50819 73.1934 7.53701
      vertex 8.5 73.028 7.5167
    endloop
  endfacet
  facet normal -0.74108 0.666412 0.0818207
    outer loop
      vertex 11.4021 71.8348 7.37021
      vertex 11.5141 70.5573 18.7896
      vertex 11.5141 71.9575 7.38527
    endloop
  endfacet
  facet normal -0.741061 0.666434 0.0818229
    outer loop
      vertex 11.5141 70.5573 18.7896
      vertex 11.4021 71.8348 7.37021
      vertex 11.4021 70.4346 18.7746
    endloop
  endfacet
  facet normal -0.146697 0.981808 0.120552
    outer loop
      vertex 10.5317 71.3731 7.31351
      vertex 10.3666 69.9485 18.7149
      vertex 10.5317 69.9728 18.7179
    endloop
  endfacet
  facet normal -0.146689 0.981809 0.120553
    outer loop
      vertex 10.3666 69.9485 18.7149
      vertex 10.5317 71.3731 7.31351
      vertex 10.3666 71.3488 7.31052
    endloop
  endfacet
  facet normal 0.514454 -0.851126 -0.104506
    outer loop
      vertex 9.25553 73.0306 19.0933
      vertex 9.39862 74.5161 7.69942
      vertex 9.39862 73.1158 19.1038
    endloop
  endfacet
  facet normal 0.514433 -0.851139 -0.104508
    outer loop
      vertex 9.39862 74.5161 7.69942
      vertex 9.25553 73.0306 19.0933
      vertex 9.25553 74.4309 7.68896
    endloop
  endfacet
  facet normal -0.0489299 -0.991357 -0.121726
    outer loop
      vertex 10.2 74.7153 7.72388
      vertex 10.3666 73.3069 19.1272
      vertex 10.2 73.315 19.1282
    endloop
  endfacet
  facet normal -0.0489299 -0.991357 -0.121726
    outer loop
      vertex 10.3666 73.3069 19.1272
      vertex 10.2 74.7153 7.72388
      vertex 10.3666 74.7072 7.72288
    endloop
  endfacet
  facet normal -0.242872 -0.962827 -0.118222
    outer loop
      vertex 10.5317 74.6829 7.7199
      vertex 10.6935 73.2424 19.1193
      vertex 10.5317 73.2826 19.1243
    endloop
  endfacet
  facet normal -0.243391 -0.962699 -0.118198
    outer loop
      vertex 10.6935 73.2424 19.1193
      vertex 10.5317 74.6829 7.7199
      vertex 10.6935 74.6426 7.71496
    endloop
  endfacet
  facet normal 0.941546 -0.334372 -0.0410566
    outer loop
      vertex 8.6294 72.2734 19.0003
      vertex 8.5732 73.5178 7.57684
      vertex 8.6294 73.6737 7.59599
    endloop
  endfacet
  facet normal 0.941542 -0.334384 -0.0410578
    outer loop
      vertex 8.5732 73.5178 7.57684
      vertex 8.6294 72.2734 19.0003
      vertex 8.5732 72.1175 18.9812
    endloop
  endfacet
  facet normal -0.671572 -0.735416 -0.0902991
    outer loop
      vertex 11.2785 74.3323 7.67685
      vertex 11.4021 72.8208 19.0676
      vertex 11.2785 72.932 19.0812
    endloop
  endfacet
  facet normal -0.671592 -0.735398 -0.0902965
    outer loop
      vertex 11.4021 72.8208 19.0676
      vertex 11.2785 74.3323 7.67685
      vertex 11.4021 74.2211 7.6632
    endloop
  endfacet
  facet normal 0.0489299 -0.991357 -0.121726
    outer loop
      vertex 10.0334 73.3069 19.1272
      vertex 10.2 74.7153 7.72388
      vertex 10.2 73.315 19.1282
    endloop
  endfacet
  facet normal 0.0489299 -0.991357 -0.121726
    outer loop
      vertex 10.2 74.7153 7.72388
      vertex 10.0334 73.3069 19.1272
      vertex 10.0334 74.7072 7.72288
    endloop
  endfacet
  facet normal -0.427542 0.897257 0.110171
    outer loop
      vertex 11.0014 71.5399 7.33399
      vertex 10.8506 70.0688 18.7297
      vertex 11.0014 70.1396 18.7383
    endloop
  endfacet
  facet normal -0.427595 0.897232 0.110167
    outer loop
      vertex 10.8506 70.0688 18.7297
      vertex 11.0014 71.5399 7.33399
      vertex 10.8506 71.4691 7.3253
    endloop
  endfacet
  facet normal -0.989159 0.145753 0.0178964
    outer loop
      vertex 11.8673 72.6988 7.47628
      vertex 11.8918 71.4623 18.9008
      vertex 11.8918 72.8626 7.4964
    endloop
  endfacet
  facet normal -0.98916 0.145744 0.0178955
    outer loop
      vertex 11.8918 71.4623 18.9008
      vertex 11.8673 72.6988 7.47628
      vertex 11.8673 71.2985 18.8806
    endloop
  endfacet
  facet normal -0.857597 -0.510488 -0.0626808
    outer loop
      vertex 11.6993 73.8234 7.61437
      vertex 11.6135 72.5651 19.0362
      vertex 11.6135 73.9654 7.6318
    endloop
  endfacet
  facet normal -0.857611 -0.510466 -0.0626784
    outer loop
      vertex 11.6135 72.5651 19.0362
      vertex 11.6993 73.8234 7.61437
      vertex 11.6993 72.4231 19.0187
    endloop
  endfacet
  facet normal 0.0489299 0.991357 0.121725
    outer loop
      vertex 10.2 69.9404 18.7139
      vertex 10.0334 71.3488 7.31052
      vertex 10.0334 69.9485 18.7149
    endloop
  endfacet
  facet normal 0.0495162 0.991329 0.121713
    outer loop
      vertex 10.0334 71.3488 7.31052
      vertex 10.2 69.9404 18.7139
      vertex 10.2 71.3406 7.30953
    endloop
  endfacet
  facet normal 0.671542 -0.735443 -0.0903024
    outer loop
      vertex 8.99792 72.8208 19.0676
      vertex 9.12153 74.3323 7.67685
      vertex 9.12153 72.932 19.0812
    endloop
  endfacet
  facet normal 0.671562 -0.735425 -0.0902998
    outer loop
      vertex 9.12153 74.3323 7.67685
      vertex 8.99792 72.8208 19.0676
      vertex 8.99792 74.2211 7.6632
    endloop
  endfacet
  facet normal 0.740961 -0.666542 -0.081842
    outer loop
      vertex 8.99792 72.8208 19.0676
      vertex 8.88588 74.0984 7.64814
      vertex 8.99792 74.2211 7.6632
    endloop
  endfacet
  facet normal 0.740974 -0.666528 -0.0818405
    outer loop
      vertex 8.88588 74.0984 7.64814
      vertex 8.99792 72.8208 19.0676
      vertex 8.88588 72.6981 19.0525
    endloop
  endfacet
  facet normal -0.90396 0.424429 0.0521103
    outer loop
      vertex 11.6993 72.2326 7.41904
      vertex 11.7706 70.982 18.8418
      vertex 11.7706 72.3822 7.43742
    endloop
  endfacet
  facet normal -0.904072 0.424195 0.0520853
    outer loop
      vertex 11.7706 70.982 18.8418
      vertex 11.6993 72.2326 7.41904
      vertex 11.6993 70.8323 18.8234
    endloop
  endfacet
  facet normal -0.0489299 0.991357 0.121725
    outer loop
      vertex 10.3666 71.3488 7.31052
      vertex 10.2 69.9404 18.7139
      vertex 10.3666 69.9485 18.7149
    endloop
  endfacet
  facet normal -0.0495162 0.991329 0.121713
    outer loop
      vertex 10.2 69.9404 18.7139
      vertex 10.3666 71.3488 7.31052
      vertex 10.2 71.3406 7.30953
    endloop
  endfacet
  facet normal -0.941613 0.334188 0.0410338
    outer loop
      vertex 11.7706 72.3822 7.43742
      vertex 11.8268 71.1379 18.8609
      vertex 11.8268 72.5382 7.45656
    endloop
  endfacet
  facet normal -0.941542 0.334384 0.0410548
    outer loop
      vertex 11.8268 71.1379 18.8609
      vertex 11.7706 72.3822 7.43742
      vertex 11.7706 70.982 18.8418
    endloop
  endfacet
  facet normal -0.74108 -0.666412 -0.081826
    outer loop
      vertex 11.5141 74.0984 7.64814
      vertex 11.4021 72.8208 19.0676
      vertex 11.4021 74.2211 7.6632
    endloop
  endfacet
  facet normal -0.741094 -0.666397 -0.0818245
    outer loop
      vertex 11.4021 72.8208 19.0676
      vertex 11.5141 74.0984 7.64814
      vertex 11.5141 72.6981 19.0525
    endloop
  endfacet
  facet normal 0.242761 0.962855 0.118226
    outer loop
      vertex 9.86835 69.9728 18.7179
      vertex 9.70652 71.4133 7.31845
      vertex 9.70652 70.013 18.7228
    endloop
  endfacet
  facet normal 0.242789 0.962848 0.118224
    outer loop
      vertex 9.70652 71.4133 7.31845
      vertex 9.86835 69.9728 18.7179
      vertex 9.86835 71.3731 7.31351
    endloop
  endfacet
  facet normal -0.595923 0.797057 0.0978608
    outer loop
      vertex 11.2785 71.7236 7.35655
      vertex 11.1445 70.2247 18.7488
      vertex 11.2785 70.3234 18.7609
    endloop
  endfacet
  facet normal -0.595543 0.797335 0.0979019
    outer loop
      vertex 11.1445 70.2247 18.7488
      vertex 11.2785 71.7236 7.35655
      vertex 11.1445 71.625 7.34444
    endloop
  endfacet
  facet normal -0.857756 0.510225 0.0626486
    outer loop
      vertex 11.6135 72.0905 7.4016
      vertex 11.6993 70.8323 18.8234
      vertex 11.6993 72.2326 7.41904
    endloop
  endfacet
  facet normal -0.857591 0.510498 0.0626775
    outer loop
      vertex 11.6993 70.8323 18.8234
      vertex 11.6135 72.0905 7.4016
      vertex 11.6135 70.6903 18.806
    endloop
  endfacet
  facet normal 0.803208 0.591259 0.0725931
    outer loop
      vertex 8.7865 70.6903 18.806
      vertex 8.88588 71.9575 7.38527
      vertex 8.7865 72.0905 7.4016
    endloop
  endfacet
  facet normal 0.803226 0.591234 0.0725905
    outer loop
      vertex 8.88588 71.9575 7.38527
      vertex 8.7865 70.6903 18.806
      vertex 8.88588 70.5573 18.7896
    endloop
  endfacet
  facet normal 0.857677 -0.510357 -0.0626646
    outer loop
      vertex 8.7865 72.5651 19.0362
      vertex 8.70073 73.8234 7.61437
      vertex 8.7865 73.9654 7.6318
    endloop
  endfacet
  facet normal 0.85769 -0.510334 -0.0626623
    outer loop
      vertex 8.70073 73.8234 7.61437
      vertex 8.7865 72.5651 19.0362
      vertex 8.70073 72.4231 19.0187
    endloop
  endfacet
  facet normal -0.336963 0.9345 0.114743
    outer loop
      vertex 10.8506 71.4691 7.3253
      vertex 10.6935 70.013 18.7228
      vertex 10.8506 70.0688 18.7297
    endloop
  endfacet
  facet normal -0.33693 0.934511 0.114745
    outer loop
      vertex 10.6935 70.013 18.7228
      vertex 10.8506 71.4691 7.3253
      vertex 10.6935 71.4133 7.31845
    endloop
  endfacet
  facet normal 0.857836 0.510093 0.0626325
    outer loop
      vertex 8.70073 70.8323 18.8234
      vertex 8.7865 72.0905 7.4016
      vertex 8.70073 72.2326 7.41904
    endloop
  endfacet
  facet normal 0.857671 0.510367 0.0626614
    outer loop
      vertex 8.7865 72.0905 7.4016
      vertex 8.70073 70.8323 18.8234
      vertex 8.7865 70.6903 18.806
    endloop
  endfacet
  facet normal 0.998794 -0.048722 -0.00598239
    outer loop
      vertex 8.50819 71.7931 18.9414
      vertex 8.5 73.028 7.5167
      vertex 8.50819 73.1934 7.53701
    endloop
  endfacet
  facet normal 0.998794 -0.0487224 -0.00598242
    outer loop
      vertex 8.5 73.028 7.5167
      vertex 8.50819 71.7931 18.9414
      vertex 8.5 71.6277 18.9211
    endloop
  endfacet
  facet normal 0.998794 0.0487224 0.00598242
    outer loop
      vertex 8.5 71.6277 18.9211
      vertex 8.50819 72.8626 7.4964
      vertex 8.5 73.028 7.5167
    endloop
  endfacet
  facet normal 0.998794 0.0487224 0.00598242
    outer loop
      vertex 8.50819 72.8626 7.4964
      vertex 8.5 71.6277 18.9211
      vertex 8.50819 71.4623 18.9008
    endloop
  endfacet
  facet normal -0.989136 -0.145908 -0.017916
    outer loop
      vertex 57.5387 47.0427 15.9024
      vertex 57.5048 46.7816 19.9004
      vertex 57.5048 47.2691 15.9302
    endloop
  endfacet
  facet normal -0.989136 -0.145908 -0.017916
    outer loop
      vertex 57.5048 46.7816 19.9004
      vertex 57.5387 47.0427 15.9024
      vertex 57.5387 46.5552 19.8726
    endloop
  endfacet
  facet normal -0.9988 -0.0486169 -0.00596966
    outer loop
      vertex 57.55 46.814 15.8743
      vertex 57.5387 46.5552 19.8726
      vertex 57.5387 47.0427 15.9024
    endloop
  endfacet
  facet normal -0.998799 -0.048638 -0.00597102
    outer loop
      vertex 57.5387 46.5552 19.8726
      vertex 57.55 46.814 15.8743
      vertex 57.55 46.3266 19.8445
    endloop
  endfacet
  facet normal -0.970059 -0.241059 -0.0296004
    outer loop
      vertex 57.5048 47.2691 15.9302
      vertex 57.4488 47.0036 19.9276
      vertex 57.4488 47.4911 15.9575
    endloop
  endfacet
  facet normal -0.970056 -0.241072 -0.0296012
    outer loop
      vertex 57.4488 47.0036 19.9276
      vertex 57.5048 47.2691 15.9302
      vertex 57.5048 46.7816 19.9004
    endloop
  endfacet
  facet normal 0.2429 -0.96282 -0.118224
    outer loop
      vertex 54.5178 48.5586 20.1186
      vertex 54.7415 49.1017 16.1552
      vertex 54.7415 48.6142 20.1254
    endloop
  endfacet
  facet normal 0.2429 -0.96282 -0.118224
    outer loop
      vertex 54.7415 49.1017 16.1552
      vertex 54.5178 48.5586 20.1186
      vertex 54.5178 49.0461 16.1484
    endloop
  endfacet
  facet normal 0.903974 0.424399 0.0521119
    outer loop
      vertex 53.0289 45.4339 19.7349
      vertex 53.1275 45.7145 15.7393
      vertex 53.0289 45.9214 15.7647
    endloop
  endfacet
  facet normal 0.903974 0.424399 0.0521119
    outer loop
      vertex 53.1275 45.7145 15.7393
      vertex 53.0289 45.4339 19.7349
      vertex 53.1275 45.227 19.7095
    endloop
  endfacet
  facet normal 0.2429 0.96282 0.118227
    outer loop
      vertex 54.7415 44.0389 19.5636
      vertex 54.5178 44.582 15.6003
      vertex 54.5178 44.0945 19.5704
    endloop
  endfacet
  facet normal 0.24295 0.962808 0.118223
    outer loop
      vertex 54.5178 44.582 15.6003
      vertex 54.7415 44.0389 19.5636
      vertex 54.7415 44.5264 15.5934
    endloop
  endfacet
  facet normal -0.514208 0.851275 0.104506
    outer loop
      vertex 56.5056 44.8746 15.6362
      vertex 56.3078 44.2695 19.5919
      vertex 56.5056 44.3872 19.6064
    endloop
  endfacet
  facet normal -0.513891 0.85146 0.104551
    outer loop
      vertex 56.3078 44.2695 19.5919
      vertex 56.5056 44.8746 15.6362
      vertex 56.3078 44.757 15.6217
    endloop
  endfacet
  facet normal 0.336903 0.934521 0.11475
    outer loop
      vertex 54.5178 44.0945 19.5704
      vertex 54.3007 44.6591 15.6097
      vertex 54.3007 44.1716 19.5799
    endloop
  endfacet
  facet normal 0.336856 0.934537 0.114754
    outer loop
      vertex 54.3007 44.6591 15.6097
      vertex 54.5178 44.0945 19.5704
      vertex 54.5178 44.582 15.6003
    endloop
  endfacet
  facet normal -0.336903 0.934521 0.11475
    outer loop
      vertex 56.0993 44.6591 15.6097
      vertex 55.8822 44.0945 19.5704
      vertex 56.0993 44.1716 19.5799
    endloop
  endfacet
  facet normal -0.336856 0.934537 0.114754
    outer loop
      vertex 55.8822 44.0945 19.5704
      vertex 56.0993 44.6591 15.6097
      vertex 55.8822 44.582 15.6003
    endloop
  endfacet
  facet normal 0.671471 -0.735507 -0.0903128
    outer loop
      vertex 53.5383 47.9759 20.047
      vertex 53.7092 48.6171 16.0957
      vertex 53.7092 48.1296 20.0659
    endloop
  endfacet
  facet normal 0.671707 -0.735297 -0.0902684
    outer loop
      vertex 53.7092 48.6171 16.0957
      vertex 53.5383 47.9759 20.047
      vertex 53.5383 48.4633 16.0768
    endloop
  endfacet
  facet normal -0.2429 0.96282 0.118227
    outer loop
      vertex 55.8822 44.582 15.6003
      vertex 55.6585 44.0389 19.5636
      vertex 55.8822 44.0945 19.5704
    endloop
  endfacet
  facet normal -0.24295 0.962808 0.118223
    outer loop
      vertex 55.6585 44.0389 19.5636
      vertex 55.8822 44.582 15.6003
      vertex 55.6585 44.5264 15.5934
    endloop
  endfacet
  facet normal 0.857807 -0.51014 -0.06264
    outer loop
      vertex 53.246 47.6224 20.0036
      vertex 53.1275 47.9136 16.0093
      vertex 53.246 48.1099 16.0334
    endloop
  endfacet
  facet normal 0.857807 -0.51014 -0.06264
    outer loop
      vertex 53.1275 47.9136 16.0093
      vertex 53.246 47.6224 20.0036
      vertex 53.1275 47.4261 19.9795
    endloop
  endfacet
  facet normal 0.989136 -0.145908 -0.017916
    outer loop
      vertex 52.8952 46.7816 19.9004
      vertex 52.8613 47.0427 15.9024
      vertex 52.8952 47.2691 15.9302
    endloop
  endfacet
  facet normal 0.989136 -0.145908 -0.017916
    outer loop
      vertex 52.8613 47.0427 15.9024
      vertex 52.8952 46.7816 19.9004
      vertex 52.8613 46.5552 19.8726
    endloop
  endfacet
  facet normal -0.904053 -0.424234 -0.0520916
    outer loop
      vertex 57.3711 47.7066 15.9839
      vertex 57.2725 47.4261 19.9795
      vertex 57.2725 47.9136 16.0093
    endloop
  endfacet
  facet normal -0.903974 -0.424401 -0.0521014
    outer loop
      vertex 57.2725 47.4261 19.9795
      vertex 57.3711 47.7066 15.9839
      vertex 57.3711 47.2192 19.9541
    endloop
  endfacet
  facet normal -0.80324 0.591215 0.0725952
    outer loop
      vertex 57.0166 45.3343 15.6926
      vertex 57.154 45.0307 19.6854
      vertex 57.154 45.5182 15.7152
    endloop
  endfacet
  facet normal -0.80324 0.591215 0.0725952
    outer loop
      vertex 57.154 45.0307 19.6854
      vertex 57.0166 45.3343 15.6926
      vertex 57.0166 44.8468 19.6628
    endloop
  endfacet
  facet normal 0.595603 -0.797291 -0.0979016
    outer loop
      vertex 53.7092 48.1296 20.0659
      vertex 53.8944 48.7534 16.1125
      vertex 53.8944 48.2659 20.0826
    endloop
  endfacet
  facet normal 0.595637 -0.797266 -0.0978961
    outer loop
      vertex 53.8944 48.7534 16.1125
      vertex 53.7092 48.1296 20.0659
      vertex 53.7092 48.6171 16.0957
    endloop
  endfacet
  facet normal -0.595603 -0.797291 -0.0979016
    outer loop
      vertex 56.5056 48.7534 16.1125
      vertex 56.6908 48.1296 20.0659
      vertex 56.5056 48.2659 20.0826
    endloop
  endfacet
  facet normal -0.595637 -0.797266 -0.0978961
    outer loop
      vertex 56.6908 48.1296 20.0659
      vertex 56.5056 48.7534 16.1125
      vertex 56.6908 48.6171 16.0957
    endloop
  endfacet
  facet normal -0.146726 -0.981803 -0.120555
    outer loop
      vertex 55.4303 49.1353 16.1593
      vertex 55.6585 48.6142 20.1254
      vertex 55.4303 48.6478 20.1295
    endloop
  endfacet
  facet normal -0.146726 -0.981803 -0.120555
    outer loop
      vertex 55.6585 48.6142 20.1254
      vertex 55.4303 49.1353 16.1593
      vertex 55.6585 49.1017 16.1552
    endloop
  endfacet
  facet normal -0.803087 -0.591422 -0.0726056
    outer loop
      vertex 57.154 48.1099 16.0334
      vertex 57.0166 47.8063 20.0262
      vertex 57.0166 48.2937 16.056
    endloop
  endfacet
  facet normal -0.80324 -0.591215 -0.0725952
    outer loop
      vertex 57.0166 47.8063 20.0262
      vertex 57.154 48.1099 16.0334
      vertex 57.154 47.6224 20.0036
    endloop
  endfacet
  facet normal 0.514208 -0.851272 -0.104528
    outer loop
      vertex 53.8944 48.2659 20.0826
      vertex 54.0922 48.8711 16.1269
      vertex 54.0922 48.3836 20.0971
    endloop
  endfacet
  facet normal 0.514169 -0.851295 -0.104533
    outer loop
      vertex 54.0922 48.8711 16.1269
      vertex 53.8944 48.2659 20.0826
      vertex 53.8944 48.7534 16.1125
    endloop
  endfacet
  facet normal 0.146726 -0.981803 -0.120555
    outer loop
      vertex 54.7415 48.6142 20.1254
      vertex 54.9697 49.1353 16.1593
      vertex 54.9697 48.6478 20.1295
    endloop
  endfacet
  facet normal 0.146726 -0.981803 -0.120555
    outer loop
      vertex 54.9697 49.1353 16.1593
      vertex 54.7415 48.6142 20.1254
      vertex 54.7415 49.1017 16.1552
    endloop
  endfacet
  facet normal -0.514208 -0.851272 -0.104528
    outer loop
      vertex 56.3078 48.8711 16.1269
      vertex 56.5056 48.2659 20.0826
      vertex 56.3078 48.3836 20.0971
    endloop
  endfacet
  facet normal -0.514169 -0.851295 -0.104533
    outer loop
      vertex 56.5056 48.2659 20.0826
      vertex 56.3078 48.8711 16.1269
      vertex 56.5056 48.7534 16.1125
    endloop
  endfacet
  facet normal 0.941527 0.334426 0.0410556
    outer loop
      vertex 52.9512 45.6495 19.7614
      vertex 53.0289 45.9214 15.7647
      vertex 52.9512 46.1369 15.7912
    endloop
  endfacet
  facet normal 0.941576 0.334289 0.0410473
    outer loop
      vertex 53.0289 45.9214 15.7647
      vertex 52.9512 45.6495 19.7614
      vertex 53.0289 45.4339 19.7349
    endloop
  endfacet
  facet normal -0.998798 0.0486405 0.00597134
    outer loop
      vertex 57.5387 46.5854 15.8463
      vertex 57.55 46.3266 19.8445
      vertex 57.55 46.814 15.8743
    endloop
  endfacet
  facet normal -0.9988 0.0486169 0.00596981
    outer loop
      vertex 57.55 46.3266 19.8445
      vertex 57.5387 46.5854 15.8463
      vertex 57.5387 46.0979 19.8164
    endloop
  endfacet
  facet normal 0.427624 -0.897218 -0.110169
    outer loop
      vertex 54.0922 48.3836 20.0971
      vertex 54.3007 48.969 16.1389
      vertex 54.3007 48.4815 20.1091
    endloop
  endfacet
  facet normal 0.427624 -0.897218 -0.110169
    outer loop
      vertex 54.3007 48.969 16.1389
      vertex 54.0922 48.3836 20.0971
      vertex 54.0922 48.8711 16.1269
    endloop
  endfacet
  facet normal -0.903974 0.424399 0.0521119
    outer loop
      vertex 57.2725 45.7145 15.7393
      vertex 57.3711 45.4339 19.7349
      vertex 57.3711 45.9214 15.7647
    endloop
  endfacet
  facet normal -0.903974 0.424399 0.0521119
    outer loop
      vertex 57.3711 45.4339 19.7349
      vertex 57.2725 45.7145 15.7393
      vertex 57.2725 45.227 19.7095
    endloop
  endfacet
  facet normal 0.595603 0.797291 0.0978992
    outer loop
      vertex 53.8944 44.3872 19.6064
      vertex 53.7092 45.011 15.6529
      vertex 53.7092 44.5235 19.6231
    endloop
  endfacet
  facet normal 0.595881 0.797089 0.0978543
    outer loop
      vertex 53.7092 45.011 15.6529
      vertex 53.8944 44.3872 19.6064
      vertex 53.8944 44.8746 15.6362
    endloop
  endfacet
  facet normal 0.803087 -0.591422 -0.0726056
    outer loop
      vertex 53.3834 47.8063 20.0262
      vertex 53.246 48.1099 16.0334
      vertex 53.3834 48.2937 16.056
    endloop
  endfacet
  facet normal 0.80324 -0.591215 -0.0725952
    outer loop
      vertex 53.246 48.1099 16.0334
      vertex 53.3834 47.8063 20.0262
      vertex 53.246 47.6224 20.0036
    endloop
  endfacet
  facet normal 0.941521 -0.334442 -0.0410577
    outer loop
      vertex 53.0289 47.2192 19.9541
      vertex 52.9512 47.4911 15.9575
      vertex 53.0289 47.7066 15.9839
    endloop
  endfacet
  facet normal 0.941576 -0.334289 -0.0410483
    outer loop
      vertex 52.9512 47.4911 15.9575
      vertex 53.0289 47.2192 19.9541
      vertex 52.9512 47.0036 19.9276
    endloop
  endfacet
  facet normal -0.941521 -0.334442 -0.0410577
    outer loop
      vertex 57.4488 47.4911 15.9575
      vertex 57.3711 47.2192 19.9541
      vertex 57.3711 47.7066 15.9839
    endloop
  endfacet
  facet normal -0.941576 -0.334289 -0.0410483
    outer loop
      vertex 57.3711 47.2192 19.9541
      vertex 57.4488 47.4911 15.9575
      vertex 57.4488 47.0036 19.9276
    endloop
  endfacet
  facet normal -0.857807 -0.51014 -0.06264
    outer loop
      vertex 57.2725 47.9136 16.0093
      vertex 57.154 47.6224 20.0036
      vertex 57.154 48.1099 16.0334
    endloop
  endfacet
  facet normal -0.857807 -0.51014 -0.06264
    outer loop
      vertex 57.154 47.6224 20.0036
      vertex 57.2725 47.9136 16.0093
      vertex 57.2725 47.4261 19.9795
    endloop
  endfacet
  facet normal -0.970084 0.240959 0.029588
    outer loop
      vertex 57.4488 46.1369 15.7912
      vertex 57.5048 45.8715 19.7886
      vertex 57.5048 46.359 15.8185
    endloop
  endfacet
  facet normal -0.970056 0.241073 0.0295952
    outer loop
      vertex 57.5048 45.8715 19.7886
      vertex 57.4488 46.1369 15.7912
      vertex 57.4488 45.6495 19.7614
    endloop
  endfacet
  facet normal -0.989136 0.145908 0.0179165
    outer loop
      vertex 57.5048 46.359 15.8185
      vertex 57.5387 46.0979 19.8164
      vertex 57.5387 46.5854 15.8463
    endloop
  endfacet
  facet normal -0.989136 0.145908 0.0179165
    outer loop
      vertex 57.5387 46.0979 19.8164
      vertex 57.5048 46.359 15.8185
      vertex 57.5048 45.8715 19.7886
    endloop
  endfacet
  facet normal 0.514208 0.851275 0.104506
    outer loop
      vertex 54.0922 44.2695 19.5919
      vertex 53.8944 44.8746 15.6362
      vertex 53.8944 44.3872 19.6064
    endloop
  endfacet
  facet normal 0.513891 0.85146 0.104551
    outer loop
      vertex 53.8944 44.8746 15.6362
      vertex 54.0922 44.2695 19.5919
      vertex 54.0922 44.757 15.6217
    endloop
  endfacet
  facet normal -0.336903 -0.934521 -0.11475
    outer loop
      vertex 55.8822 49.0461 16.1484
      vertex 56.0993 48.4815 20.1091
      vertex 55.8822 48.5586 20.1186
    endloop
  endfacet
  facet normal -0.336903 -0.934521 -0.11475
    outer loop
      vertex 56.0993 48.4815 20.1091
      vertex 55.8822 49.0461 16.1484
      vertex 56.0993 48.969 16.1389
    endloop
  endfacet
  facet normal 0.336903 -0.934521 -0.11475
    outer loop
      vertex 54.3007 48.4815 20.1091
      vertex 54.5178 49.0461 16.1484
      vertex 54.5178 48.5586 20.1186
    endloop
  endfacet
  facet normal 0.336903 -0.934521 -0.11475
    outer loop
      vertex 54.5178 49.0461 16.1484
      vertex 54.3007 48.4815 20.1091
      vertex 54.3007 48.969 16.1389
    endloop
  endfacet
  facet normal -0.146726 0.981803 0.120555
    outer loop
      vertex 55.6585 44.5264 15.5934
      vertex 55.4303 44.0053 19.5595
      vertex 55.6585 44.0389 19.5636
    endloop
  endfacet
  facet normal -0.146726 0.981803 0.120555
    outer loop
      vertex 55.4303 44.0053 19.5595
      vertex 55.6585 44.5264 15.5934
      vertex 55.4303 44.4928 15.5893
    endloop
  endfacet
  facet normal -0.857807 0.51014 0.06264
    outer loop
      vertex 57.154 45.5182 15.7152
      vertex 57.2725 45.227 19.7095
      vertex 57.2725 45.7145 15.7393
    endloop
  endfacet
  facet normal -0.857807 0.51014 0.06264
    outer loop
      vertex 57.2725 45.227 19.7095
      vertex 57.154 45.5182 15.7152
      vertex 57.154 45.0307 19.6854
    endloop
  endfacet
  facet normal 0.0489518 -0.991356 -0.121728
    outer loop
      vertex 54.9697 48.6478 20.1295
      vertex 55.2 49.1465 16.1607
      vertex 55.2 48.659 20.1309
    endloop
  endfacet
  facet normal 0.0489518 -0.991356 -0.121728
    outer loop
      vertex 55.2 49.1465 16.1607
      vertex 54.9697 48.6478 20.1295
      vertex 54.9697 49.1353 16.1593
    endloop
  endfacet
  facet normal 0.998798 0.0486405 0.00597134
    outer loop
      vertex 52.85 46.3266 19.8445
      vertex 52.8613 46.5854 15.8463
      vertex 52.85 46.814 15.8743
    endloop
  endfacet
  facet normal 0.9988 0.0486169 0.00596981
    outer loop
      vertex 52.8613 46.5854 15.8463
      vertex 52.85 46.3266 19.8445
      vertex 52.8613 46.0979 19.8164
    endloop
  endfacet
  facet normal -0.941527 0.334426 0.0410556
    outer loop
      vertex 57.3711 45.9214 15.7647
      vertex 57.4488 45.6495 19.7614
      vertex 57.4488 46.1369 15.7912
    endloop
  endfacet
  facet normal -0.941576 0.334289 0.0410473
    outer loop
      vertex 57.4488 45.6495 19.7614
      vertex 57.3711 45.9214 15.7647
      vertex 57.3711 45.4339 19.7349
    endloop
  endfacet
  facet normal -0.427624 -0.897218 -0.110169
    outer loop
      vertex 56.0993 48.969 16.1389
      vertex 56.3078 48.3836 20.0971
      vertex 56.0993 48.4815 20.1091
    endloop
  endfacet
  facet normal -0.427624 -0.897218 -0.110169
    outer loop
      vertex 56.3078 48.3836 20.0971
      vertex 56.0993 48.969 16.1389
      vertex 56.3078 48.8711 16.1269
    endloop
  endfacet
  facet normal -0.740882 -0.66663 -0.0818386
    outer loop
      vertex 57.0166 48.2937 16.056
      vertex 56.8617 47.9759 20.047
      vertex 56.8617 48.4633 16.0768
    endloop
  endfacet
  facet normal -0.740882 -0.66663 -0.0818386
    outer loop
      vertex 56.8617 47.9759 20.047
      vertex 57.0166 48.2937 16.056
      vertex 57.0166 47.8063 20.0262
    endloop
  endfacet
  facet normal -0.0489518 -0.991356 -0.121728
    outer loop
      vertex 55.2 49.1465 16.1607
      vertex 55.4303 48.6478 20.1295
      vertex 55.2 48.659 20.1309
    endloop
  endfacet
  facet normal -0.0489518 -0.991356 -0.121728
    outer loop
      vertex 55.4303 48.6478 20.1295
      vertex 55.2 49.1465 16.1607
      vertex 55.4303 49.1353 16.1593
    endloop
  endfacet
  facet normal 0.857807 0.51014 0.06264
    outer loop
      vertex 53.1275 45.227 19.7095
      vertex 53.246 45.5182 15.7152
      vertex 53.1275 45.7145 15.7393
    endloop
  endfacet
  facet normal 0.857807 0.51014 0.06264
    outer loop
      vertex 53.246 45.5182 15.7152
      vertex 53.1275 45.227 19.7095
      vertex 53.246 45.0307 19.6854
    endloop
  endfacet
  facet normal 0.146726 0.981803 0.120555
    outer loop
      vertex 54.9697 44.0053 19.5595
      vertex 54.7415 44.5264 15.5934
      vertex 54.7415 44.0389 19.5636
    endloop
  endfacet
  facet normal 0.146726 0.981803 0.120555
    outer loop
      vertex 54.7415 44.5264 15.5934
      vertex 54.9697 44.0053 19.5595
      vertex 54.9697 44.4928 15.5893
    endloop
  endfacet
  facet normal -0.671471 0.735507 0.0903128
    outer loop
      vertex 56.8617 45.1647 15.6718
      vertex 56.6908 44.5235 19.6231
      vertex 56.8617 44.6772 19.642
    endloop
  endfacet
  facet normal -0.671471 0.735507 0.0903128
    outer loop
      vertex 56.6908 44.5235 19.6231
      vertex 56.8617 45.1647 15.6718
      vertex 56.6908 45.011 15.6529
    endloop
  endfacet
  facet normal 0.0489518 0.991356 0.121728
    outer loop
      vertex 55.2 43.9941 19.5581
      vertex 54.9697 44.4928 15.5893
      vertex 54.9697 44.0053 19.5595
    endloop
  endfacet
  facet normal 0.0493812 0.991338 0.121701
    outer loop
      vertex 54.9697 44.4928 15.5893
      vertex 55.2 43.9941 19.5581
      vertex 55.2 44.4815 15.5879
    endloop
  endfacet
  facet normal 0.740882 -0.66663 -0.0818386
    outer loop
      vertex 53.5383 47.9759 20.047
      vertex 53.3834 48.2937 16.056
      vertex 53.5383 48.4633 16.0768
    endloop
  endfacet
  facet normal 0.740882 -0.66663 -0.0818386
    outer loop
      vertex 53.3834 48.2937 16.056
      vertex 53.5383 47.9759 20.047
      vertex 53.3834 47.8063 20.0262
    endloop
  endfacet
  facet normal -0.671471 -0.735507 -0.0903128
    outer loop
      vertex 56.6908 48.6171 16.0957
      vertex 56.8617 47.9759 20.047
      vertex 56.6908 48.1296 20.0659
    endloop
  endfacet
  facet normal -0.671707 -0.735297 -0.0902684
    outer loop
      vertex 56.8617 47.9759 20.047
      vertex 56.6908 48.6171 16.0957
      vertex 56.8617 48.4633 16.0768
    endloop
  endfacet
  facet normal 0.904053 -0.424234 -0.0520916
    outer loop
      vertex 53.1275 47.4261 19.9795
      vertex 53.0289 47.7066 15.9839
      vertex 53.1275 47.9136 16.0093
    endloop
  endfacet
  facet normal 0.903974 -0.424401 -0.0521014
    outer loop
      vertex 53.0289 47.7066 15.9839
      vertex 53.1275 47.4261 19.9795
      vertex 53.0289 47.2192 19.9541
    endloop
  endfacet
  facet normal 0.671471 0.735507 0.0903128
    outer loop
      vertex 53.7092 44.5235 19.6231
      vertex 53.5383 45.1647 15.6718
      vertex 53.5383 44.6772 19.642
    endloop
  endfacet
  facet normal 0.671471 0.735507 0.0903128
    outer loop
      vertex 53.5383 45.1647 15.6718
      vertex 53.7092 44.5235 19.6231
      vertex 53.7092 45.011 15.6529
    endloop
  endfacet
  facet normal 0.970059 -0.241059 -0.0296004
    outer loop
      vertex 52.9512 47.0036 19.9276
      vertex 52.8952 47.2691 15.9302
      vertex 52.9512 47.4911 15.9575
    endloop
  endfacet
  facet normal 0.970056 -0.241072 -0.0296012
    outer loop
      vertex 52.8952 47.2691 15.9302
      vertex 52.9512 47.0036 19.9276
      vertex 52.8952 46.7816 19.9004
    endloop
  endfacet
  facet normal -0.2429 -0.96282 -0.118224
    outer loop
      vertex 55.6585 49.1017 16.1552
      vertex 55.8822 48.5586 20.1186
      vertex 55.6585 48.6142 20.1254
    endloop
  endfacet
  facet normal -0.2429 -0.96282 -0.118224
    outer loop
      vertex 55.8822 48.5586 20.1186
      vertex 55.6585 49.1017 16.1552
      vertex 55.8822 49.0461 16.1484
    endloop
  endfacet
  facet normal 0.970084 0.240959 0.029588
    outer loop
      vertex 52.8952 45.8715 19.7886
      vertex 52.9512 46.1369 15.7912
      vertex 52.8952 46.359 15.8185
    endloop
  endfacet
  facet normal 0.970056 0.241073 0.0295952
    outer loop
      vertex 52.9512 46.1369 15.7912
      vertex 52.8952 45.8715 19.7886
      vertex 52.9512 45.6495 19.7614
    endloop
  endfacet
  facet normal 0.427624 0.897218 0.110169
    outer loop
      vertex 54.3007 44.1716 19.5799
      vertex 54.0922 44.757 15.6217
      vertex 54.0922 44.2695 19.5919
    endloop
  endfacet
  facet normal 0.427624 0.897218 0.110169
    outer loop
      vertex 54.0922 44.757 15.6217
      vertex 54.3007 44.1716 19.5799
      vertex 54.3007 44.6591 15.6097
    endloop
  endfacet
  facet normal 0.740882 0.666628 0.0818551
    outer loop
      vertex 53.3834 44.8468 19.6628
      vertex 53.5383 45.1647 15.6718
      vertex 53.3834 45.3343 15.6926
    endloop
  endfacet
  facet normal 0.740882 0.666628 0.0818551
    outer loop
      vertex 53.5383 45.1647 15.6718
      vertex 53.3834 44.8468 19.6628
      vertex 53.5383 44.6772 19.642
    endloop
  endfacet
  facet normal -0.427624 0.897218 0.110169
    outer loop
      vertex 56.3078 44.757 15.6217
      vertex 56.0993 44.1716 19.5799
      vertex 56.3078 44.2695 19.5919
    endloop
  endfacet
  facet normal -0.427624 0.897218 0.110169
    outer loop
      vertex 56.0993 44.1716 19.5799
      vertex 56.3078 44.757 15.6217
      vertex 56.0993 44.6591 15.6097
    endloop
  endfacet
  facet normal -0.0489518 0.991356 0.121728
    outer loop
      vertex 55.4303 44.4928 15.5893
      vertex 55.2 43.9941 19.5581
      vertex 55.4303 44.0053 19.5595
    endloop
  endfacet
  facet normal -0.0493812 0.991338 0.121701
    outer loop
      vertex 55.2 43.9941 19.5581
      vertex 55.4303 44.4928 15.5893
      vertex 55.2 44.4815 15.5879
    endloop
  endfacet
  facet normal 0.989136 0.145908 0.0179165
    outer loop
      vertex 52.8613 46.0979 19.8164
      vertex 52.8952 46.359 15.8185
      vertex 52.8613 46.5854 15.8463
    endloop
  endfacet
  facet normal 0.989136 0.145908 0.0179165
    outer loop
      vertex 52.8952 46.359 15.8185
      vertex 52.8613 46.0979 19.8164
      vertex 52.8952 45.8715 19.7886
    endloop
  endfacet
  facet normal -0.595603 0.797291 0.0978992
    outer loop
      vertex 56.6908 45.011 15.6529
      vertex 56.5056 44.3872 19.6064
      vertex 56.6908 44.5235 19.6231
    endloop
  endfacet
  facet normal -0.595881 0.797089 0.0978543
    outer loop
      vertex 56.5056 44.3872 19.6064
      vertex 56.6908 45.011 15.6529
      vertex 56.5056 44.8746 15.6362
    endloop
  endfacet
  facet normal 0 -0.121951 0.992536
    outer loop
      vertex 56.9 46.814 15.8743
      vertex 57.55 46.814 15.8743
      vertex 57.5387 47.0427 15.9024
    endloop
  endfacet
  facet normal -4.1277e-05 -0.121882 0.992545
    outer loop
      vertex 56.8918 46.9794 15.8946
      vertex 57.5387 47.0427 15.9024
      vertex 57.5048 47.2691 15.9302
    endloop
  endfacet
  facet normal 0 -0.121576 0.992582
    outer loop
      vertex 57.55 46.814 15.8743
      vertex 56.9 46.814 15.8743
      vertex 57.5387 46.5854 15.8463
    endloop
  endfacet
  facet normal -2.62534e-05 -0.12206 0.992523
    outer loop
      vertex 56.8673 47.1432 15.9147
      vertex 57.5048 47.2691 15.9302
      vertex 57.4488 47.4911 15.9575
    endloop
  endfacet
  facet normal -8.65935e-05 -0.121814 0.992553
    outer loop
      vertex 56.8918 46.6486 15.854
      vertex 57.5387 46.5854 15.8463
      vertex 56.9 46.814 15.8743
    endloop
  endfacet
  facet normal -7.86878e-05 -0.121625 0.992576
    outer loop
      vertex 56.8268 47.3038 15.9345
      vertex 57.4488 47.4911 15.9575
      vertex 57.3711 47.7066 15.9839
    endloop
  endfacet
  facet normal -9.13727e-05 -0.121863 0.992547
    outer loop
      vertex 57.5387 46.5854 15.8463
      vertex 56.8918 46.6486 15.854
      vertex 57.5048 46.359 15.8185
    endloop
  endfacet
  facet normal -5.60887e-06 -0.121794 0.992555
    outer loop
      vertex 56.7706 47.4597 15.9536
      vertex 57.3711 47.7066 15.9839
      vertex 57.2725 47.9136 16.0093
    endloop
  endfacet
  facet normal -5.59501e-05 -0.121789 0.992556
    outer loop
      vertex 56.8673 46.4848 15.8339
      vertex 57.5048 46.359 15.8185
      vertex 56.8918 46.6486 15.854
    endloop
  endfacet
  facet normal 6.16642e-05 -0.12182 0.992552
    outer loop
      vertex 56.6993 47.6094 15.972
      vertex 57.2725 47.9136 16.0093
      vertex 57.154 48.1099 16.0334
    endloop
  endfacet
  facet normal -9.34881e-05 -0.121976 0.992533
    outer loop
      vertex 57.5048 46.359 15.8185
      vertex 56.8673 46.4848 15.8339
      vertex 57.4488 46.1369 15.7912
    endloop
  endfacet
  facet normal 8.44322e-05 -0.121978 0.992533
    outer loop
      vertex 56.6135 47.7515 15.9894
      vertex 57.154 48.1099 16.0334
      vertex 57.0166 48.2937 16.056
    endloop
  endfacet
  facet normal 3.68474e-05 -0.121762 0.992559
    outer loop
      vertex 56.8268 46.3242 15.8142
      vertex 57.4488 46.1369 15.7912
      vertex 56.8673 46.4848 15.8339
    endloop
  endfacet
  facet normal -4.64221e-05 -0.122034 0.992526
    outer loop
      vertex 57.4488 46.1369 15.7912
      vertex 56.8268 46.3242 15.8142
      vertex 57.3711 45.9214 15.7647
    endloop
  endfacet
  facet normal -4.73583e-05 -0.121821 0.992552
    outer loop
      vertex 57.5387 47.0427 15.9024
      vertex 56.8918 46.9794 15.8946
      vertex 56.9 46.814 15.8743
    endloop
  endfacet
  facet normal -7.67217e-05 -0.121808 0.992554
    outer loop
      vertex 57.5048 47.2691 15.9302
      vertex 56.8673 47.1432 15.9147
      vertex 56.8918 46.9794 15.8946
    endloop
  endfacet
  facet normal -1.70983e-05 -0.121745 0.992561
    outer loop
      vertex 56.5141 47.8845 16.0058
      vertex 57.0166 48.2937 16.056
      vertex 56.8617 48.4633 16.0768
    endloop
  endfacet
  facet normal 0.000136113 -0.122327 0.99249
    outer loop
      vertex 57.4488 47.4911 15.9575
      vertex 56.8268 47.3038 15.9345
      vertex 56.8673 47.1432 15.9147
    endloop
  endfacet
  facet normal -7.36857e-05 -0.121631 0.992575
    outer loop
      vertex 57.3711 47.7066 15.9839
      vertex 56.7706 47.4597 15.9536
      vertex 56.8268 47.3038 15.9345
    endloop
  endfacet
  facet normal 0.00012437 -0.121936 0.992538
    outer loop
      vertex 57.2725 47.9136 16.0093
      vertex 56.6993 47.6094 15.972
      vertex 56.7706 47.4597 15.9536
    endloop
  endfacet
  facet normal 6.26302e-05 -0.121901 0.992542
    outer loop
      vertex 56.4021 48.0071 16.0208
      vertex 56.8617 48.4633 16.0768
      vertex 56.6908 48.6171 16.0957
    endloop
  endfacet
  facet normal -0.00014987 -0.12163 0.992575
    outer loop
      vertex 57.154 48.1099 16.0334
      vertex 56.6135 47.7515 15.9894
      vertex 56.6993 47.6094 15.972
    endloop
  endfacet
  facet normal 0.000316475 -0.122148 0.992512
    outer loop
      vertex 57.0166 48.2937 16.056
      vertex 56.5141 47.8845 16.0058
      vertex 56.6135 47.7515 15.9894
    endloop
  endfacet
  facet normal 0.000244532 -0.122004 0.99253
    outer loop
      vertex 56.2785 48.1184 16.0345
      vertex 56.6908 48.6171 16.0957
      vertex 56.5056 48.7534 16.1125
    endloop
  endfacet
  facet normal -0.000208786 -0.121631 0.992575
    outer loop
      vertex 56.8617 48.4633 16.0768
      vertex 56.4021 48.0071 16.0208
      vertex 56.5141 47.8845 16.0058
    endloop
  endfacet
  facet normal -0.000215541 -0.121796 0.992555
    outer loop
      vertex 56.1445 48.217 16.0466
      vertex 56.5056 48.7534 16.1125
      vertex 56.3078 48.8711 16.1269
    endloop
  endfacet
  facet normal 0.000190424 -0.12196 0.992535
    outer loop
      vertex 56.6908 48.6171 16.0957
      vertex 56.2785 48.1184 16.0345
      vertex 56.4021 48.0071 16.0208
    endloop
  endfacet
  facet normal -6.74118e-05 -0.121895 0.992543
    outer loop
      vertex 56.5056 48.7534 16.1125
      vertex 56.1445 48.217 16.0466
      vertex 56.2785 48.1184 16.0345
    endloop
  endfacet
  facet normal -0.00010157 -0.121877 0.992545
    outer loop
      vertex 56.0014 48.3021 16.057
      vertex 56.3078 48.8711 16.1269
      vertex 56.0993 48.969 16.1389
    endloop
  endfacet
  facet normal -0.000285214 -0.121779 0.992557
    outer loop
      vertex 56.3078 48.8711 16.1269
      vertex 56.0014 48.3021 16.057
      vertex 56.1445 48.217 16.0466
    endloop
  endfacet
  facet normal 0.000128452 -0.121935 0.992538
    outer loop
      vertex 55.8506 48.3729 16.0657
      vertex 56.0993 48.969 16.1389
      vertex 55.8822 49.0461 16.1484
    endloop
  endfacet
  facet normal 3.24077e-05 -0.121896 0.992543
    outer loop
      vertex 56.0993 48.969 16.1389
      vertex 55.8506 48.3729 16.0657
      vertex 56.0014 48.3021 16.057
    endloop
  endfacet
  facet normal 0.000280805 -0.121943 0.992537
    outer loop
      vertex 55.8822 49.0461 16.1484
      vertex 55.6935 48.4287 16.0726
      vertex 55.8506 48.3729 16.0657
    endloop
  endfacet
  facet normal -0.000107935 -0.121825 0.992552
    outer loop
      vertex 55.6585 49.1017 16.1552
      vertex 55.6935 48.4287 16.0726
      vertex 55.8822 49.0461 16.1484
    endloop
  endfacet
  facet normal -0.000210728 -0.121831 0.992551
    outer loop
      vertex 55.6585 49.1017 16.1552
      vertex 55.5317 48.4689 16.0775
      vertex 55.6935 48.4287 16.0726
    endloop
  endfacet
  facet normal -0.000108425 -0.121851 0.992548
    outer loop
      vertex 55.4303 49.1353 16.1593
      vertex 55.5317 48.4689 16.0775
      vertex 55.6585 49.1017 16.1552
    endloop
  endfacet
  facet normal 0.000105753 -0.121819 0.992552
    outer loop
      vertex 55.4303 49.1353 16.1593
      vertex 55.3666 48.4932 16.0805
      vertex 55.5317 48.4689 16.0775
    endloop
  endfacet
  facet normal 0.000109416 -0.121819 0.992552
    outer loop
      vertex 55.2 49.1465 16.1607
      vertex 55.3666 48.4932 16.0805
      vertex 55.4303 49.1353 16.1593
    endloop
  endfacet
  facet normal -4.0081e-05 -0.121857 0.992548
    outer loop
      vertex 55.2 49.1465 16.1607
      vertex 55.2 48.5014 16.0815
      vertex 55.3666 48.4932 16.0805
    endloop
  endfacet
  facet normal 4.0081e-05 -0.121857 0.992548
    outer loop
      vertex 55.2 49.1465 16.1607
      vertex 55.0334 48.4932 16.0805
      vertex 55.2 48.5014 16.0815
    endloop
  endfacet
  facet normal -0.000109416 -0.121819 0.992552
    outer loop
      vertex 54.9697 49.1353 16.1593
      vertex 55.0334 48.4932 16.0805
      vertex 55.2 49.1465 16.1607
    endloop
  endfacet
  facet normal -0.000105753 -0.121819 0.992552
    outer loop
      vertex 54.9697 49.1353 16.1593
      vertex 54.8683 48.4689 16.0775
      vertex 55.0334 48.4932 16.0805
    endloop
  endfacet
  facet normal 0.000108425 -0.121851 0.992548
    outer loop
      vertex 54.7415 49.1017 16.1552
      vertex 54.8683 48.4689 16.0775
      vertex 54.9697 49.1353 16.1593
    endloop
  endfacet
  facet normal 0.000210728 -0.121831 0.992551
    outer loop
      vertex 54.7415 49.1017 16.1552
      vertex 54.7065 48.4287 16.0726
      vertex 54.8683 48.4689 16.0775
    endloop
  endfacet
  facet normal 0.000107935 -0.121825 0.992552
    outer loop
      vertex 54.5178 49.0461 16.1484
      vertex 54.7065 48.4287 16.0726
      vertex 54.7415 49.1017 16.1552
    endloop
  endfacet
  facet normal -0.000280805 -0.121943 0.992537
    outer loop
      vertex 54.7065 48.4287 16.0726
      vertex 54.5178 49.0461 16.1484
      vertex 54.5494 48.3729 16.0657
    endloop
  endfacet
  facet normal -0.000128452 -0.121935 0.992538
    outer loop
      vertex 54.3007 48.969 16.1389
      vertex 54.5494 48.3729 16.0657
      vertex 54.5178 49.0461 16.1484
    endloop
  endfacet
  facet normal -3.24077e-05 -0.121896 0.992543
    outer loop
      vertex 54.5494 48.3729 16.0657
      vertex 54.3007 48.969 16.1389
      vertex 54.3986 48.3021 16.057
    endloop
  endfacet
  facet normal 0.00010157 -0.121877 0.992545
    outer loop
      vertex 54.0922 48.8711 16.1269
      vertex 54.3986 48.3021 16.057
      vertex 54.3007 48.969 16.1389
    endloop
  endfacet
  facet normal 0.000285214 -0.121779 0.992557
    outer loop
      vertex 54.3986 48.3021 16.057
      vertex 54.0922 48.8711 16.1269
      vertex 54.2555 48.217 16.0466
    endloop
  endfacet
  facet normal 0.000215541 -0.121796 0.992555
    outer loop
      vertex 53.8944 48.7534 16.1125
      vertex 54.2555 48.217 16.0466
      vertex 54.0922 48.8711 16.1269
    endloop
  endfacet
  facet normal 6.74118e-05 -0.121895 0.992543
    outer loop
      vertex 54.2555 48.217 16.0466
      vertex 53.8944 48.7534 16.1125
      vertex 54.1215 48.1184 16.0345
    endloop
  endfacet
  facet normal -0.000244532 -0.122004 0.99253
    outer loop
      vertex 53.7092 48.6171 16.0957
      vertex 54.1215 48.1184 16.0345
      vertex 53.8944 48.7534 16.1125
    endloop
  endfacet
  facet normal -0.000190424 -0.12196 0.992535
    outer loop
      vertex 54.1215 48.1184 16.0345
      vertex 53.7092 48.6171 16.0957
      vertex 53.9979 48.0071 16.0208
    endloop
  endfacet
  facet normal -6.26302e-05 -0.121901 0.992542
    outer loop
      vertex 53.5383 48.4633 16.0768
      vertex 53.9979 48.0071 16.0208
      vertex 53.7092 48.6171 16.0957
    endloop
  endfacet
  facet normal 0.000208786 -0.121631 0.992575
    outer loop
      vertex 53.9979 48.0071 16.0208
      vertex 53.5383 48.4633 16.0768
      vertex 53.8859 47.8845 16.0058
    endloop
  endfacet
  facet normal 1.70983e-05 -0.121745 0.992561
    outer loop
      vertex 53.3834 48.2937 16.056
      vertex 53.8859 47.8845 16.0058
      vertex 53.5383 48.4633 16.0768
    endloop
  endfacet
  facet normal -0.000316475 -0.122148 0.992512
    outer loop
      vertex 53.8859 47.8845 16.0058
      vertex 53.3834 48.2937 16.056
      vertex 53.7865 47.7515 15.9894
    endloop
  endfacet
  facet normal -8.44322e-05 -0.121978 0.992533
    outer loop
      vertex 53.246 48.1099 16.0334
      vertex 53.7865 47.7515 15.9894
      vertex 53.3834 48.2937 16.056
    endloop
  endfacet
  facet normal 0.00014987 -0.12163 0.992575
    outer loop
      vertex 53.7865 47.7515 15.9894
      vertex 53.246 48.1099 16.0334
      vertex 53.7007 47.6094 15.972
    endloop
  endfacet
  facet normal -6.16642e-05 -0.12182 0.992552
    outer loop
      vertex 53.1275 47.9136 16.0093
      vertex 53.7007 47.6094 15.972
      vertex 53.246 48.1099 16.0334
    endloop
  endfacet
  facet normal -0.00012437 -0.121936 0.992538
    outer loop
      vertex 53.7007 47.6094 15.972
      vertex 53.1275 47.9136 16.0093
      vertex 53.6294 47.4597 15.9536
    endloop
  endfacet
  facet normal 5.60887e-06 -0.121794 0.992555
    outer loop
      vertex 53.0289 47.7066 15.9839
      vertex 53.6294 47.4597 15.9536
      vertex 53.1275 47.9136 16.0093
    endloop
  endfacet
  facet normal 7.36857e-05 -0.121631 0.992575
    outer loop
      vertex 53.6294 47.4597 15.9536
      vertex 53.0289 47.7066 15.9839
      vertex 53.5732 47.3038 15.9345
    endloop
  endfacet
  facet normal -0.000154286 -0.122178 0.992508
    outer loop
      vertex 56.7706 46.1683 15.795
      vertex 57.3711 45.9214 15.7647
      vertex 56.8268 46.3242 15.8142
    endloop
  endfacet
  facet normal -1.46289e-05 -0.121843 0.992549
    outer loop
      vertex 57.3711 45.9214 15.7647
      vertex 56.7706 46.1683 15.795
      vertex 57.2725 45.7145 15.7393
    endloop
  endfacet
  facet normal 0.000311656 -0.121487 0.992593
    outer loop
      vertex 56.6993 46.0186 15.7767
      vertex 57.2725 45.7145 15.7393
      vertex 56.7706 46.1683 15.795
    endloop
  endfacet
  facet normal 8.55875e-05 -0.121907 0.992541
    outer loop
      vertex 57.2725 45.7145 15.7393
      vertex 56.6993 46.0186 15.7767
      vertex 57.154 45.5182 15.7152
    endloop
  endfacet
  facet normal -0.00022158 -0.122182 0.992508
    outer loop
      vertex 56.6135 45.8766 15.7592
      vertex 57.154 45.5182 15.7152
      vertex 56.6993 46.0186 15.7767
    endloop
  endfacet
  facet normal -5.50215e-05 -0.121935 0.992538
    outer loop
      vertex 57.154 45.5182 15.7152
      vertex 56.6135 45.8766 15.7592
      vertex 57.0166 45.3343 15.6926
    endloop
  endfacet
  facet normal 0.000169031 -0.121771 0.992558
    outer loop
      vertex 56.5141 45.7436 15.7429
      vertex 57.0166 45.3343 15.6926
      vertex 56.6135 45.8766 15.7592
    endloop
  endfacet
  facet normal 0.000116468 -0.121834 0.99255
    outer loop
      vertex 57.0166 45.3343 15.6926
      vertex 56.5141 45.7436 15.7429
      vertex 56.8617 45.1647 15.6718
    endloop
  endfacet
  facet normal -0.000160855 -0.121998 0.99253
    outer loop
      vertex 56.4021 45.6209 15.7278
      vertex 56.8617 45.1647 15.6718
      vertex 56.5141 45.7436 15.7429
    endloop
  endfacet
  facet normal -0.000100052 -0.121938 0.992538
    outer loop
      vertex 56.8617 45.1647 15.6718
      vertex 56.4021 45.6209 15.7278
      vertex 56.6908 45.011 15.6529
    endloop
  endfacet
  facet normal 0.00031618 -0.121744 0.992562
    outer loop
      vertex 56.2785 45.5097 15.7142
      vertex 56.6908 45.011 15.6529
      vertex 56.4021 45.6209 15.7278
    endloop
  endfacet
  facet normal 0.000220624 -0.121822 0.992552
    outer loop
      vertex 56.6908 45.011 15.6529
      vertex 56.2785 45.5097 15.7142
      vertex 56.5056 44.8746 15.6362
    endloop
  endfacet
  facet normal 5.62312e-05 -0.12188 0.992545
    outer loop
      vertex 56.1445 45.4111 15.7021
      vertex 56.5056 44.8746 15.6362
      vertex 56.2785 45.5097 15.7142
    endloop
  endfacet
  facet normal -0.000196454 -0.122047 0.992524
    outer loop
      vertex 56.5056 44.8746 15.6362
      vertex 56.1445 45.4111 15.7021
      vertex 56.3078 44.757 15.6217
    endloop
  endfacet
  facet normal -0.00016589 -0.12204 0.992525
    outer loop
      vertex 56.0014 45.3259 15.6916
      vertex 56.3078 44.757 15.6217
      vertex 56.1445 45.4111 15.7021
    endloop
  endfacet
  facet normal 0.000109598 -0.121893 0.992543
    outer loop
      vertex 56.3078 44.757 15.6217
      vertex 56.0014 45.3259 15.6916
      vertex 56.0993 44.6591 15.6097
    endloop
  endfacet
  facet normal -2.43784e-05 -0.121913 0.992541
    outer loop
      vertex 55.8506 45.2551 15.6829
      vertex 56.0993 44.6591 15.6097
      vertex 56.0014 45.3259 15.6916
    endloop
  endfacet
  facet normal 0.000276054 -0.121789 0.992556
    outer loop
      vertex 56.0993 44.6591 15.6097
      vertex 55.8506 45.2551 15.6829
      vertex 55.8822 44.582 15.6003
    endloop
  endfacet
  facet normal 0.000219185 -0.121792 0.992556
    outer loop
      vertex 55.6935 45.1994 15.6761
      vertex 55.8822 44.582 15.6003
      vertex 55.8506 45.2551 15.6829
    endloop
  endfacet
  facet normal -0.000304432 -0.12195 0.992536
    outer loop
      vertex 55.6935 45.1994 15.6761
      vertex 55.6585 44.5264 15.5934
      vertex 55.8822 44.582 15.6003
    endloop
  endfacet
  facet normal -0.00029726 -0.12195 0.992536
    outer loop
      vertex 55.5317 45.1591 15.6711
      vertex 55.6585 44.5264 15.5934
      vertex 55.6935 45.1994 15.6761
    endloop
  endfacet
  facet normal 0.000111179 -0.121869 0.992546
    outer loop
      vertex 55.5317 45.1591 15.6711
      vertex 55.4303 44.4928 15.5893
      vertex 55.6585 44.5264 15.5934
    endloop
  endfacet
  facet normal -0.000103 -0.121837 0.99255
    outer loop
      vertex 55.3666 45.1348 15.6681
      vertex 55.4303 44.4928 15.5893
      vertex 55.5317 45.1591 15.6711
    endloop
  endfacet
  facet normal -3.43555e-05 -0.121831 0.992551
    outer loop
      vertex 55.2 45.1267 15.6671
      vertex 55.4303 44.4928 15.5893
      vertex 55.3666 45.1348 15.6681
    endloop
  endfacet
  facet normal -5.5576e-05 -0.121838 0.99255
    outer loop
      vertex 55.2 45.1267 15.6671
      vertex 55.2 44.4815 15.5879
      vertex 55.4303 44.4928 15.5893
    endloop
  endfacet
  facet normal 3.39806e-05 -0.121838 0.99255
    outer loop
      vertex 55.0334 45.1348 15.6681
      vertex 55.2 44.4815 15.5879
      vertex 55.2 45.1267 15.6671
    endloop
  endfacet
  facet normal 5.58497e-05 -0.121833 0.992551
    outer loop
      vertex 55.0334 45.1348 15.6681
      vertex 54.9697 44.4928 15.5893
      vertex 55.2 44.4815 15.5879
    endloop
  endfacet
  facet normal 0.000103 -0.121837 0.99255
    outer loop
      vertex 54.8683 45.1591 15.6711
      vertex 54.9697 44.4928 15.5893
      vertex 55.0334 45.1348 15.6681
    endloop
  endfacet
  facet normal -0.000111179 -0.121869 0.992546
    outer loop
      vertex 54.8683 45.1591 15.6711
      vertex 54.7415 44.5264 15.5934
      vertex 54.9697 44.4928 15.5893
    endloop
  endfacet
  facet normal 0.00029726 -0.12195 0.992536
    outer loop
      vertex 54.7065 45.1994 15.6761
      vertex 54.7415 44.5264 15.5934
      vertex 54.8683 45.1591 15.6711
    endloop
  endfacet
  facet normal -0.000219185 -0.121792 0.992556
    outer loop
      vertex 54.5178 44.582 15.6003
      vertex 54.7065 45.1994 15.6761
      vertex 54.5494 45.2551 15.6829
    endloop
  endfacet
  facet normal 0.000304432 -0.12195 0.992536
    outer loop
      vertex 54.7065 45.1994 15.6761
      vertex 54.5178 44.582 15.6003
      vertex 54.7415 44.5264 15.5934
    endloop
  endfacet
  facet normal 2.43784e-05 -0.121913 0.992541
    outer loop
      vertex 54.3007 44.6591 15.6097
      vertex 54.5494 45.2551 15.6829
      vertex 54.3986 45.3259 15.6916
    endloop
  endfacet
  facet normal -0.000276054 -0.121789 0.992556
    outer loop
      vertex 54.5494 45.2551 15.6829
      vertex 54.3007 44.6591 15.6097
      vertex 54.5178 44.582 15.6003
    endloop
  endfacet
  facet normal 0.00016589 -0.12204 0.992525
    outer loop
      vertex 54.0922 44.757 15.6217
      vertex 54.3986 45.3259 15.6916
      vertex 54.2555 45.4111 15.7021
    endloop
  endfacet
  facet normal -5.62312e-05 -0.12188 0.992545
    outer loop
      vertex 53.8944 44.8746 15.6362
      vertex 54.2555 45.4111 15.7021
      vertex 54.1215 45.5097 15.7142
    endloop
  endfacet
  facet normal -0.000109598 -0.121893 0.992543
    outer loop
      vertex 54.3986 45.3259 15.6916
      vertex 54.0922 44.757 15.6217
      vertex 54.3007 44.6591 15.6097
    endloop
  endfacet
  facet normal -0.00031618 -0.121744 0.992562
    outer loop
      vertex 53.7092 45.011 15.6529
      vertex 54.1215 45.5097 15.7142
      vertex 53.9979 45.6209 15.7278
    endloop
  endfacet
  facet normal 0.000196454 -0.122047 0.992524
    outer loop
      vertex 54.2555 45.4111 15.7021
      vertex 53.8944 44.8746 15.6362
      vertex 54.0922 44.757 15.6217
    endloop
  endfacet
  facet normal 0.000160855 -0.121998 0.99253
    outer loop
      vertex 53.5383 45.1647 15.6718
      vertex 53.9979 45.6209 15.7278
      vertex 53.8859 45.7436 15.7429
    endloop
  endfacet
  facet normal -0.000169031 -0.121771 0.992558
    outer loop
      vertex 53.3834 45.3343 15.6926
      vertex 53.8859 45.7436 15.7429
      vertex 53.7865 45.8766 15.7592
    endloop
  endfacet
  facet normal -0.000220624 -0.121822 0.992552
    outer loop
      vertex 54.1215 45.5097 15.7142
      vertex 53.7092 45.011 15.6529
      vertex 53.8944 44.8746 15.6362
    endloop
  endfacet
  facet normal 0.00022158 -0.122182 0.992508
    outer loop
      vertex 53.246 45.5182 15.7152
      vertex 53.7865 45.8766 15.7592
      vertex 53.7007 46.0186 15.7767
    endloop
  endfacet
  facet normal -0.000311656 -0.121487 0.992593
    outer loop
      vertex 53.1275 45.7145 15.7393
      vertex 53.7007 46.0186 15.7767
      vertex 53.6294 46.1683 15.795
    endloop
  endfacet
  facet normal 0.000154286 -0.122178 0.992508
    outer loop
      vertex 53.0289 45.9214 15.7647
      vertex 53.6294 46.1683 15.795
      vertex 53.5732 46.3242 15.8142
    endloop
  endfacet
  facet normal 0.000100052 -0.121938 0.992538
    outer loop
      vertex 53.9979 45.6209 15.7278
      vertex 53.5383 45.1647 15.6718
      vertex 53.7092 45.011 15.6529
    endloop
  endfacet
  facet normal -3.68474e-05 -0.121762 0.992559
    outer loop
      vertex 52.9512 46.1369 15.7912
      vertex 53.5732 46.3242 15.8142
      vertex 53.5327 46.4848 15.8339
    endloop
  endfacet
  facet normal 5.59501e-05 -0.121789 0.992556
    outer loop
      vertex 52.8952 46.359 15.8185
      vertex 53.5327 46.4848 15.8339
      vertex 53.5082 46.6486 15.854
    endloop
  endfacet
  facet normal 8.65935e-05 -0.121814 0.992553
    outer loop
      vertex 52.8613 46.5854 15.8463
      vertex 53.5082 46.6486 15.854
      vertex 53.5 46.814 15.8743
    endloop
  endfacet
  facet normal 7.86878e-05 -0.121625 0.992576
    outer loop
      vertex 52.9512 47.4911 15.9575
      vertex 53.5732 47.3038 15.9345
      vertex 53.0289 47.7066 15.9839
    endloop
  endfacet
  facet normal -0.000116468 -0.121834 0.99255
    outer loop
      vertex 53.8859 45.7436 15.7429
      vertex 53.3834 45.3343 15.6926
      vertex 53.5383 45.1647 15.6718
    endloop
  endfacet
  facet normal -0.000136113 -0.122327 0.99249
    outer loop
      vertex 53.5732 47.3038 15.9345
      vertex 52.9512 47.4911 15.9575
      vertex 53.5327 47.1432 15.9147
    endloop
  endfacet
  facet normal 5.50215e-05 -0.121935 0.992538
    outer loop
      vertex 53.7865 45.8766 15.7592
      vertex 53.246 45.5182 15.7152
      vertex 53.3834 45.3343 15.6926
    endloop
  endfacet
  facet normal 2.62534e-05 -0.12206 0.992523
    outer loop
      vertex 52.8952 47.2691 15.9302
      vertex 53.5327 47.1432 15.9147
      vertex 52.9512 47.4911 15.9575
    endloop
  endfacet
  facet normal -8.55875e-05 -0.121907 0.992541
    outer loop
      vertex 53.7007 46.0186 15.7767
      vertex 53.1275 45.7145 15.7393
      vertex 53.246 45.5182 15.7152
    endloop
  endfacet
  facet normal 7.67217e-05 -0.121808 0.992554
    outer loop
      vertex 53.5327 47.1432 15.9147
      vertex 52.8952 47.2691 15.9302
      vertex 53.5082 46.9794 15.8946
    endloop
  endfacet
  facet normal 1.46289e-05 -0.121843 0.992549
    outer loop
      vertex 53.6294 46.1683 15.795
      vertex 53.0289 45.9214 15.7647
      vertex 53.1275 45.7145 15.7393
    endloop
  endfacet
  facet normal 4.1277e-05 -0.121882 0.992545
    outer loop
      vertex 52.8613 47.0427 15.9024
      vertex 53.5082 46.9794 15.8946
      vertex 52.8952 47.2691 15.9302
    endloop
  endfacet
  facet normal 4.64221e-05 -0.122034 0.992526
    outer loop
      vertex 53.5732 46.3242 15.8142
      vertex 52.9512 46.1369 15.7912
      vertex 53.0289 45.9214 15.7647
    endloop
  endfacet
  facet normal 4.73583e-05 -0.121821 0.992552
    outer loop
      vertex 53.5082 46.9794 15.8946
      vertex 52.8613 47.0427 15.9024
      vertex 53.5 46.814 15.8743
    endloop
  endfacet
  facet normal 9.34881e-05 -0.121976 0.992533
    outer loop
      vertex 53.5327 46.4848 15.8339
      vertex 52.8952 46.359 15.8185
      vertex 52.9512 46.1369 15.7912
    endloop
  endfacet
  facet normal 0 -0.121951 0.992536
    outer loop
      vertex 52.85 46.814 15.8743
      vertex 53.5 46.814 15.8743
      vertex 52.8613 47.0427 15.9024
    endloop
  endfacet
  facet normal 9.13727e-05 -0.121863 0.992547
    outer loop
      vertex 53.5082 46.6486 15.854
      vertex 52.8613 46.5854 15.8463
      vertex 52.8952 46.359 15.8185
    endloop
  endfacet
  facet normal 0 -0.121576 0.992582
    outer loop
      vertex 53.5 46.814 15.8743
      vertex 52.85 46.814 15.8743
      vertex 52.8613 46.5854 15.8463
    endloop
  endfacet
  facet normal 0.80324 0.591215 0.0725952
    outer loop
      vertex 53.246 45.0307 19.6854
      vertex 53.3834 45.3343 15.6926
      vertex 53.246 45.5182 15.7152
    endloop
  endfacet
  facet normal 0.80324 0.591215 0.0725952
    outer loop
      vertex 53.3834 45.3343 15.6926
      vertex 53.246 45.0307 19.6854
      vertex 53.3834 44.8468 19.6628
    endloop
  endfacet
  facet normal 0.9988 -0.0486169 -0.00596966
    outer loop
      vertex 52.8613 46.5552 19.8726
      vertex 52.85 46.814 15.8743
      vertex 52.8613 47.0427 15.9024
    endloop
  endfacet
  facet normal 0.998799 -0.048638 -0.00597102
    outer loop
      vertex 52.85 46.814 15.8743
      vertex 52.8613 46.5552 19.8726
      vertex 52.85 46.3266 19.8445
    endloop
  endfacet
  facet normal -0.740882 0.666628 0.0818551
    outer loop
      vertex 56.8617 45.1647 15.6718
      vertex 57.0166 44.8468 19.6628
      vertex 57.0166 45.3343 15.6926
    endloop
  endfacet
  facet normal -0.740882 0.666628 0.0818551
    outer loop
      vertex 57.0166 44.8468 19.6628
      vertex 56.8617 45.1647 15.6718
      vertex 56.8617 44.6772 19.642
    endloop
  endfacet
  facet normal 0.904069 -0.4242 -0.052086
    outer loop
      vertex 53.7007 47.6094 15.972
      vertex 53.6294 48.86 4.54925
      vertex 53.7007 49.0097 4.56763
    endloop
  endfacet
  facet normal 0.904072 -0.424195 -0.0520854
    outer loop
      vertex 53.6294 48.86 4.54925
      vertex 53.7007 47.6094 15.972
      vertex 53.6294 47.4597 15.9536
    endloop
  endfacet
  facet normal -0.989159 -0.145754 -0.0178967
    outer loop
      vertex 56.8918 48.3797 4.49028
      vertex 56.8673 47.1432 15.9147
      vertex 56.8673 48.5435 4.51039
    endloop
  endfacet
  facet normal -0.989159 -0.145755 -0.0178968
    outer loop
      vertex 56.8673 47.1432 15.9147
      vertex 56.8918 48.3797 4.49028
      vertex 56.8918 46.9794 15.8946
    endloop
  endfacet
  facet normal -0.998792 -0.0487814 -0.00598971
    outer loop
      vertex 56.9 48.2143 4.46997
      vertex 56.8918 46.9794 15.8946
      vertex 56.8918 48.3797 4.49028
    endloop
  endfacet
  facet normal -0.998792 -0.0487817 -0.00598975
    outer loop
      vertex 56.8918 46.9794 15.8946
      vertex 56.9 48.2143 4.46997
      vertex 56.9 46.814 15.8743
    endloop
  endfacet
  facet normal -0.970074 -0.240999 -0.0295913
    outer loop
      vertex 56.8673 48.5435 4.51039
      vertex 56.8268 47.3038 15.9345
      vertex 56.8268 48.7041 4.53011
    endloop
  endfacet
  facet normal -0.970078 -0.240985 -0.0295899
    outer loop
      vertex 56.8268 47.3038 15.9345
      vertex 56.8673 48.5435 4.51039
      vertex 56.8673 47.1432 15.9147
    endloop
  endfacet
  facet normal -0.146697 -0.981808 -0.120553
    outer loop
      vertex 55.3666 49.8935 4.67615
      vertex 55.5317 48.4689 16.0775
      vertex 55.3666 48.4932 16.0805
    endloop
  endfacet
  facet normal -0.146682 -0.98181 -0.120553
    outer loop
      vertex 55.5317 48.4689 16.0775
      vertex 55.3666 49.8935 4.67615
      vertex 55.5317 49.8692 4.67317
    endloop
  endfacet
  facet normal 0.146697 -0.981808 -0.120553
    outer loop
      vertex 54.8683 48.4689 16.0775
      vertex 55.0334 49.8935 4.67615
      vertex 55.0334 48.4932 16.0805
    endloop
  endfacet
  facet normal 0.146682 -0.98181 -0.120553
    outer loop
      vertex 55.0334 49.8935 4.67615
      vertex 54.8683 48.4689 16.0775
      vertex 54.8683 49.8692 4.67317
    endloop
  endfacet
  facet normal -0.803151 -0.591335 -0.0726025
    outer loop
      vertex 56.6135 49.1517 4.58507
      vertex 56.5141 47.8845 16.0058
      vertex 56.5141 49.2847 4.6014
    endloop
  endfacet
  facet normal -0.803169 -0.591311 -0.0725999
    outer loop
      vertex 56.5141 47.8845 16.0058
      vertex 56.6135 49.1517 4.58507
      vertex 56.6135 47.7515 15.9894
    endloop
  endfacet
  facet normal -0.514428 0.851143 0.104501
    outer loop
      vertex 56.1445 46.8113 4.29771
      vertex 56.0014 45.3259 15.6916
      vertex 56.1445 45.4111 15.7021
    endloop
  endfacet
  facet normal -0.513969 0.851415 0.104542
    outer loop
      vertex 56.0014 45.3259 15.6916
      vertex 56.1445 46.8113 4.29771
      vertex 56.0014 46.7262 4.28725
    endloop
  endfacet
  facet normal -0.595539 -0.797339 -0.0979022
    outer loop
      vertex 56.1445 49.6173 4.64223
      vertex 56.2785 48.1184 16.0345
      vertex 56.1445 48.217 16.0466
    endloop
  endfacet
  facet normal -0.595927 -0.797053 -0.0978601
    outer loop
      vertex 56.2785 48.1184 16.0345
      vertex 56.1445 49.6173 4.64223
      vertex 56.2785 49.5186 4.63012
    endloop
  endfacet
  facet normal -0.998792 0.0487814 0.0059897
    outer loop
      vertex 56.8918 48.0489 4.44966
      vertex 56.9 46.814 15.8743
      vertex 56.9 48.2143 4.46997
    endloop
  endfacet
  facet normal -0.998792 0.0487817 0.00598974
    outer loop
      vertex 56.9 46.814 15.8743
      vertex 56.8918 48.0489 4.44966
      vertex 56.8918 46.6486 15.854
    endloop
  endfacet
  facet normal 0.242804 -0.962844 -0.118224
    outer loop
      vertex 54.7065 48.4287 16.0726
      vertex 54.8683 49.8692 4.67317
      vertex 54.8683 48.4689 16.0775
    endloop
  endfacet
  facet normal 0.242831 -0.962838 -0.118223
    outer loop
      vertex 54.8683 49.8692 4.67317
      vertex 54.7065 48.4287 16.0726
      vertex 54.7065 49.829 4.66823
    endloop
  endfacet
  facet normal 0.803151 -0.591335 -0.0726025
    outer loop
      vertex 53.8859 47.8845 16.0058
      vertex 53.7865 49.1517 4.58507
      vertex 53.8859 49.2847 4.6014
    endloop
  endfacet
  facet normal 0.803169 -0.591311 -0.0725999
    outer loop
      vertex 53.7865 49.1517 4.58507
      vertex 53.8859 47.8845 16.0058
      vertex 53.7865 47.7515 15.9894
    endloop
  endfacet
  facet normal 0.427601 0.897229 0.110168
    outer loop
      vertex 54.5494 45.2551 15.6829
      vertex 54.3986 46.7262 4.28725
      vertex 54.3986 45.3259 15.6916
    endloop
  endfacet
  facet normal 0.427595 0.897232 0.110168
    outer loop
      vertex 54.3986 46.7262 4.28725
      vertex 54.5494 45.2551 15.6829
      vertex 54.5494 46.6554 4.27856
    endloop
  endfacet
  facet normal -0.427601 -0.897229 -0.110168
    outer loop
      vertex 55.8506 49.7732 4.66138
      vertex 56.0014 48.3021 16.057
      vertex 55.8506 48.3729 16.0657
    endloop
  endfacet
  facet normal -0.427601 -0.897229 -0.110168
    outer loop
      vertex 56.0014 48.3021 16.057
      vertex 55.8506 49.7732 4.66138
      vertex 56.0014 49.7024 4.65268
    endloop
  endfacet
  facet normal 0.989159 0.145754 0.0178966
    outer loop
      vertex 53.5082 46.6486 15.854
      vertex 53.5327 47.8851 4.42955
      vertex 53.5082 48.0489 4.44966
    endloop
  endfacet
  facet normal 0.989159 0.145755 0.0178967
    outer loop
      vertex 53.5327 47.8851 4.42955
      vertex 53.5082 46.6486 15.854
      vertex 53.5327 46.4848 15.8339
    endloop
  endfacet
  facet normal -0.671572 0.735416 0.0902993
    outer loop
      vertex 56.4021 47.0212 4.32347
      vertex 56.2785 45.5097 15.7142
      vertex 56.4021 45.6209 15.7278
    endloop
  endfacet
  facet normal -0.671592 0.735398 0.0902967
    outer loop
      vertex 56.2785 45.5097 15.7142
      vertex 56.4021 47.0212 4.32347
      vertex 56.2785 46.91 4.30982
    endloop
  endfacet
  facet normal 0.427601 -0.897229 -0.110168
    outer loop
      vertex 54.3986 48.3021 16.057
      vertex 54.5494 49.7732 4.66138
      vertex 54.5494 48.3729 16.0657
    endloop
  endfacet
  facet normal 0.427601 -0.897229 -0.110168
    outer loop
      vertex 54.5494 49.7732 4.66138
      vertex 54.3986 48.3021 16.057
      vertex 54.3986 49.7024 4.65268
    endloop
  endfacet
  facet normal -0.970074 0.240999 0.0295914
    outer loop
      vertex 56.8268 47.7245 4.40983
      vertex 56.8673 46.4848 15.8339
      vertex 56.8673 47.8851 4.42955
    endloop
  endfacet
  facet normal -0.970073 0.241003 0.0295918
    outer loop
      vertex 56.8673 46.4848 15.8339
      vertex 56.8268 47.7245 4.40983
      vertex 56.8268 46.3242 15.8142
    endloop
  endfacet
  facet normal -0.243432 0.962689 0.118196
    outer loop
      vertex 55.6935 46.5996 4.27171
      vertex 55.5317 45.1591 15.6711
      vertex 55.6935 45.1994 15.6761
    endloop
  endfacet
  facet normal -0.242831 0.962838 0.118224
    outer loop
      vertex 55.5317 45.1591 15.6711
      vertex 55.6935 46.5996 4.27171
      vertex 55.5317 46.5594 4.26677
    endloop
  endfacet
  facet normal 0.989159 -0.145754 -0.0178967
    outer loop
      vertex 53.5327 47.1432 15.9147
      vertex 53.5082 48.3797 4.49028
      vertex 53.5327 48.5435 4.51039
    endloop
  endfacet
  facet normal 0.989159 -0.145755 -0.0178968
    outer loop
      vertex 53.5082 48.3797 4.49028
      vertex 53.5327 47.1432 15.9147
      vertex 53.5082 46.9794 15.8946
    endloop
  endfacet
  facet normal 0.514428 0.851143 0.104501
    outer loop
      vertex 54.3986 45.3259 15.6916
      vertex 54.2555 46.8113 4.29771
      vertex 54.2555 45.4111 15.7021
    endloop
  endfacet
  facet normal 0.513969 0.851415 0.104542
    outer loop
      vertex 54.2555 46.8113 4.29771
      vertex 54.3986 45.3259 15.6916
      vertex 54.3986 46.7262 4.28725
    endloop
  endfacet
  facet normal 0.970074 -0.240999 -0.0295913
    outer loop
      vertex 53.5732 47.3038 15.9345
      vertex 53.5327 48.5435 4.51039
      vertex 53.5732 48.7041 4.53011
    endloop
  endfacet
  facet normal 0.970078 -0.240985 -0.0295899
    outer loop
      vertex 53.5327 48.5435 4.51039
      vertex 53.5732 47.3038 15.9345
      vertex 53.5327 47.1432 15.9147
    endloop
  endfacet
  facet normal -0.803151 0.591335 0.072608
    outer loop
      vertex 56.5141 47.1439 4.33854
      vertex 56.6135 45.8766 15.7592
      vertex 56.6135 47.2769 4.35487
    endloop
  endfacet
  facet normal -0.803143 0.591345 0.0726091
    outer loop
      vertex 56.6135 45.8766 15.7592
      vertex 56.5141 47.1439 4.33854
      vertex 56.5141 45.7436 15.7429
    endloop
  endfacet
  facet normal 0.595539 0.797339 0.0979021
    outer loop
      vertex 54.2555 45.4111 15.7021
      vertex 54.1215 46.91 4.30982
      vertex 54.1215 45.5097 15.7142
    endloop
  endfacet
  facet normal 0.595927 0.797053 0.09786
    outer loop
      vertex 54.1215 46.91 4.30982
      vertex 54.2555 45.4111 15.7021
      vertex 54.2555 46.8113 4.29771
    endloop
  endfacet
  facet normal 0.33637 0.93471 0.11477
    outer loop
      vertex 54.7065 45.1994 15.6761
      vertex 54.5494 46.6554 4.27856
      vertex 54.5494 45.2551 15.6829
    endloop
  endfacet
  facet normal 0.33693 0.934512 0.114737
    outer loop
      vertex 54.5494 46.6554 4.27856
      vertex 54.7065 45.1994 15.6761
      vertex 54.7065 46.5996 4.27171
    endloop
  endfacet
  facet normal -0.336963 -0.9345 -0.114744
    outer loop
      vertex 55.6935 49.829 4.66823
      vertex 55.8506 48.3729 16.0657
      vertex 55.6935 48.4287 16.0726
    endloop
  endfacet
  facet normal -0.33693 -0.934511 -0.114746
    outer loop
      vertex 55.8506 48.3729 16.0657
      vertex 55.6935 49.829 4.66823
      vertex 55.8506 49.7732 4.66138
    endloop
  endfacet
  facet normal 0.741084 0.666408 0.0818258
    outer loop
      vertex 53.8859 45.7436 15.7429
      vertex 53.9979 47.0212 4.32347
      vertex 53.8859 47.1439 4.33854
    endloop
  endfacet
  facet normal 0.741094 0.666397 0.0818247
    outer loop
      vertex 53.9979 47.0212 4.32347
      vertex 53.8859 45.7436 15.7429
      vertex 53.9979 45.6209 15.7278
    endloop
  endfacet
  facet normal -0.513936 -0.851434 -0.104545
    outer loop
      vertex 56.0014 49.7024 4.65268
      vertex 56.1445 48.217 16.0466
      vertex 56.0014 48.3021 16.057
    endloop
  endfacet
  facet normal -0.513963 -0.851418 -0.104542
    outer loop
      vertex 56.1445 48.217 16.0466
      vertex 56.0014 49.7024 4.65268
      vertex 56.1445 49.6173 4.64223
    endloop
  endfacet
  facet normal 0.336963 -0.9345 -0.114744
    outer loop
      vertex 54.5494 48.3729 16.0657
      vertex 54.7065 49.829 4.66823
      vertex 54.7065 48.4287 16.0726
    endloop
  endfacet
  facet normal 0.33693 -0.934511 -0.114746
    outer loop
      vertex 54.7065 49.829 4.66823
      vertex 54.5494 48.3729 16.0657
      vertex 54.5494 49.7732 4.66138
    endloop
  endfacet
  facet normal 0.904069 0.4242 0.0520862
    outer loop
      vertex 53.6294 46.1683 15.795
      vertex 53.7007 47.4189 4.37231
      vertex 53.6294 47.5686 4.39069
    endloop
  endfacet
  facet normal 0.904059 0.424223 0.0520886
    outer loop
      vertex 53.7007 47.4189 4.37231
      vertex 53.6294 46.1683 15.795
      vertex 53.7007 46.0186 15.7767
    endloop
  endfacet
  facet normal 0.941545 0.334375 0.0410566
    outer loop
      vertex 53.5732 46.3242 15.8142
      vertex 53.6294 47.5686 4.39069
      vertex 53.5732 47.7245 4.40983
    endloop
  endfacet
  facet normal 0.94155 0.334361 0.0410552
    outer loop
      vertex 53.6294 47.5686 4.39069
      vertex 53.5732 46.3242 15.8142
      vertex 53.6294 46.1683 15.795
    endloop
  endfacet
  facet normal -0.904069 -0.4242 -0.052086
    outer loop
      vertex 56.7706 48.86 4.54925
      vertex 56.6993 47.6094 15.972
      vertex 56.6993 49.0097 4.56763
    endloop
  endfacet
  facet normal -0.904072 -0.424195 -0.0520854
    outer loop
      vertex 56.6993 47.6094 15.972
      vertex 56.7706 48.86 4.54925
      vertex 56.7706 47.4597 15.9536
    endloop
  endfacet
  facet normal 0.970074 0.240999 0.0295914
    outer loop
      vertex 53.5327 46.4848 15.8339
      vertex 53.5732 47.7245 4.40983
      vertex 53.5327 47.8851 4.42955
    endloop
  endfacet
  facet normal 0.970073 0.241003 0.0295918
    outer loop
      vertex 53.5732 47.7245 4.40983
      vertex 53.5327 46.4848 15.8339
      vertex 53.5732 46.3242 15.8142
    endloop
  endfacet
  facet normal 0.595539 -0.797339 -0.0979022
    outer loop
      vertex 54.1215 48.1184 16.0345
      vertex 54.2555 49.6173 4.64223
      vertex 54.2555 48.217 16.0466
    endloop
  endfacet
  facet normal 0.595927 -0.797053 -0.0978601
    outer loop
      vertex 54.2555 49.6173 4.64223
      vertex 54.1215 48.1184 16.0345
      vertex 54.1215 49.5186 4.63012
    endloop
  endfacet
  facet normal 0.146697 0.981808 0.120553
    outer loop
      vertex 55.0334 45.1348 15.6681
      vertex 54.8683 46.5594 4.26677
      vertex 54.8683 45.1591 15.6711
    endloop
  endfacet
  facet normal 0.146682 0.98181 0.120553
    outer loop
      vertex 54.8683 46.5594 4.26677
      vertex 55.0334 45.1348 15.6681
      vertex 55.0334 46.5351 4.26379
    endloop
  endfacet
  facet normal 0 -0.121878 0.992545
    outer loop
      vertex 56.8918 48.3797 4.49028
      vertex 56.8918 48.0489 4.44966
      vertex 56.9 48.2143 4.46997
    endloop
  endfacet
  facet normal -0.000143041 -0.121878 0.992545
    outer loop
      vertex 56.8673 48.5435 4.51039
      vertex 56.8918 48.0489 4.44966
      vertex 56.8918 48.3797 4.49028
    endloop
  endfacet
  facet normal 7.18684e-05 -0.121867 0.992546
    outer loop
      vertex 56.8673 48.5435 4.51039
      vertex 56.8673 47.8851 4.42955
      vertex 56.8918 48.0489 4.44966
    endloop
  endfacet
  facet normal 2.76936e-05 -0.121867 0.992546
    outer loop
      vertex 56.8268 48.7041 4.53011
      vertex 56.8673 47.8851 4.42955
      vertex 56.8673 48.5435 4.51039
    endloop
  endfacet
  facet normal -1.86131e-05 -0.12187 0.992546
    outer loop
      vertex 56.8268 48.7041 4.53011
      vertex 56.8268 47.7245 4.40983
      vertex 56.8673 47.8851 4.42955
    endloop
  endfacet
  facet normal -3.80046e-05 -0.12187 0.992546
    outer loop
      vertex 56.7706 48.86 4.54925
      vertex 56.8268 47.7245 4.40983
      vertex 56.8268 48.7041 4.53011
    endloop
  endfacet
  facet normal 2.88287e-05 -0.121866 0.992547
    outer loop
      vertex 56.7706 48.86 4.54925
      vertex 56.7706 47.5686 4.39069
      vertex 56.8268 47.7245 4.40983
    endloop
  endfacet
  facet normal -5.38977e-06 -0.121866 0.992547
    outer loop
      vertex 56.6993 49.0097 4.56763
      vertex 56.7706 47.5686 4.39069
      vertex 56.7706 48.86 4.54925
    endloop
  endfacet
  facet normal 4.37538e-06 -0.121866 0.992547
    outer loop
      vertex 56.6993 49.0097 4.56763
      vertex 56.6993 47.4189 4.37231
      vertex 56.7706 47.5686 4.39069
    endloop
  endfacet
  facet normal 5.89897e-05 -0.121866 0.992547
    outer loop
      vertex 56.6135 49.1517 4.58507
      vertex 56.6993 47.4189 4.37231
      vertex 56.6993 49.0097 4.56763
    endloop
  endfacet
  facet normal -5.00537e-05 -0.121871 0.992546
    outer loop
      vertex 56.6135 49.1517 4.58507
      vertex 56.6135 47.2769 4.35487
      vertex 56.6993 47.4189 4.37231
    endloop
  endfacet
  facet normal -5.94393e-06 -0.121871 0.992546
    outer loop
      vertex 56.5141 49.2847 4.6014
      vertex 56.6135 47.2769 4.35487
      vertex 56.6135 49.1517 4.58507
    endloop
  endfacet
  facet normal 5.20538e-06 -0.121871 0.992546
    outer loop
      vertex 56.5141 49.2847 4.6014
      vertex 56.5141 47.1439 4.33854
      vertex 56.6135 47.2769 4.35487
    endloop
  endfacet
  facet normal 3.6983e-05 -0.121871 0.992546
    outer loop
      vertex 56.4021 49.4074 4.61647
      vertex 56.5141 47.1439 4.33854
      vertex 56.5141 49.2847 4.6014
    endloop
  endfacet
  facet normal -3.31796e-05 -0.121874 0.992546
    outer loop
      vertex 56.4021 49.4074 4.61647
      vertex 56.4021 47.0212 4.32347
      vertex 56.5141 47.1439 4.33854
    endloop
  endfacet
  facet normal -3.35521e-05 -0.121874 0.992546
    outer loop
      vertex 56.2785 49.5186 4.63012
      vertex 56.4021 47.0212 4.32347
      vertex 56.4021 49.4074 4.61647
    endloop
  endfacet
  facet normal 3.06916e-05 -0.121871 0.992546
    outer loop
      vertex 56.2785 49.5186 4.63012
      vertex 56.2785 46.91 4.30982
      vertex 56.4021 47.0212 4.32347
    endloop
  endfacet
  facet normal -6.66255e-05 -0.121871 0.992546
    outer loop
      vertex 56.1445 49.6173 4.64223
      vertex 56.2785 46.91 4.30982
      vertex 56.2785 49.5186 4.63012
    endloop
  endfacet
  facet normal 6.19385e-05 -0.121865 0.992547
    outer loop
      vertex 56.1445 49.6173 4.64223
      vertex 56.1445 46.8113 4.29771
      vertex 56.2785 46.91 4.30982
    endloop
  endfacet
  facet normal 1.00061e-05 -0.121865 0.992547
    outer loop
      vertex 56.0014 49.7024 4.65268
      vertex 56.1445 46.8113 4.29771
      vertex 56.1445 49.6173 4.64223
    endloop
  endfacet
  facet normal -7.68109e-05 -0.121869 0.992546
    outer loop
      vertex 56.0014 49.7024 4.65268
      vertex 56.0014 46.7262 4.28725
      vertex 56.1445 46.8113 4.29771
    endloop
  endfacet
  facet normal 4.53269e-05 -0.121869 0.992546
    outer loop
      vertex 55.8506 49.7732 4.66138
      vertex 56.0014 46.7262 4.28725
      vertex 56.0014 49.7024 4.65268
    endloop
  endfacet
  facet normal 2.10557e-05 -0.12187 0.992546
    outer loop
      vertex 55.8506 49.7732 4.66138
      vertex 55.8506 46.6554 4.27856
      vertex 56.0014 46.7262 4.28725
    endloop
  endfacet
  facet normal -8.96887e-06 -0.12187 0.992546
    outer loop
      vertex 55.6935 49.829 4.66823
      vertex 55.8506 46.6554 4.27856
      vertex 55.8506 49.7732 4.66138
    endloop
  endfacet
  facet normal 8.65893e-06 -0.121869 0.992546
    outer loop
      vertex 55.6935 49.829 4.66823
      vertex 55.6935 46.5996 4.27171
      vertex 55.8506 46.6554 4.27856
    endloop
  endfacet
  facet normal 2.49449e-05 -0.121869 0.992546
    outer loop
      vertex 55.5317 49.8692 4.67317
      vertex 55.6935 46.5996 4.27171
      vertex 55.6935 49.829 4.66823
    endloop
  endfacet
  facet normal -2.43389e-05 -0.121872 0.992546
    outer loop
      vertex 55.5317 49.8692 4.67317
      vertex 55.5317 46.5594 4.26677
      vertex 55.6935 46.5996 4.27171
    endloop
  endfacet
  facet normal -2.23703e-05 -0.121872 0.992546
    outer loop
      vertex 55.3666 49.8935 4.67615
      vertex 55.5317 46.5594 4.26677
      vertex 55.5317 49.8692 4.67317
    endloop
  endfacet
  facet normal 2.20466e-05 -0.121869 0.992546
    outer loop
      vertex 55.3666 49.8935 4.67615
      vertex 55.3666 46.5351 4.26379
      vertex 55.5317 46.5594 4.26677
    endloop
  endfacet
  facet normal 3.2435e-05 -0.121869 0.992546
    outer loop
      vertex 55.2 49.9016 4.67715
      vertex 55.3666 46.5351 4.26379
      vertex 55.3666 49.8935 4.67615
    endloop
  endfacet
  facet normal -3.22793e-05 -0.121873 0.992546
    outer loop
      vertex 55.2 49.9016 4.67715
      vertex 55.2 46.527 4.26279
      vertex 55.3666 46.5351 4.26379
    endloop
  endfacet
  facet normal -3.22793e-05 -0.121873 0.992546
    outer loop
      vertex 55.0334 49.8935 4.67615
      vertex 55.2 46.527 4.26279
      vertex 55.2 49.9016 4.67715
    endloop
  endfacet
  facet normal 3.2435e-05 -0.121869 0.992546
    outer loop
      vertex 55.0334 49.8935 4.67615
      vertex 55.0334 46.5351 4.26379
      vertex 55.2 46.527 4.26279
    endloop
  endfacet
  facet normal 2.20466e-05 -0.121869 0.992546
    outer loop
      vertex 54.8683 49.8692 4.67317
      vertex 55.0334 46.5351 4.26379
      vertex 55.0334 49.8935 4.67615
    endloop
  endfacet
  facet normal -2.23703e-05 -0.121872 0.992546
    outer loop
      vertex 54.8683 49.8692 4.67317
      vertex 54.8683 46.5594 4.26677
      vertex 55.0334 46.5351 4.26379
    endloop
  endfacet
  facet normal -2.43389e-05 -0.121872 0.992546
    outer loop
      vertex 54.7065 49.829 4.66823
      vertex 54.8683 46.5594 4.26677
      vertex 54.8683 49.8692 4.67317
    endloop
  endfacet
  facet normal 2.49449e-05 -0.121869 0.992546
    outer loop
      vertex 54.7065 49.829 4.66823
      vertex 54.7065 46.5996 4.27171
      vertex 54.8683 46.5594 4.26677
    endloop
  endfacet
  facet normal 8.65893e-06 -0.121869 0.992546
    outer loop
      vertex 54.5494 49.7732 4.66138
      vertex 54.7065 46.5996 4.27171
      vertex 54.7065 49.829 4.66823
    endloop
  endfacet
  facet normal -8.96887e-06 -0.12187 0.992546
    outer loop
      vertex 54.5494 49.7732 4.66138
      vertex 54.5494 46.6554 4.27856
      vertex 54.7065 46.5996 4.27171
    endloop
  endfacet
  facet normal -4.4763e-05 -0.12187 0.992546
    outer loop
      vertex 54.3986 49.7024 4.65268
      vertex 54.5494 46.6554 4.27856
      vertex 54.5494 49.7732 4.66138
    endloop
  endfacet
  facet normal -2.04918e-05 -0.121869 0.992546
    outer loop
      vertex 54.3986 49.7024 4.65268
      vertex 54.3986 46.7262 4.28725
      vertex 54.5494 46.6554 4.27856
    endloop
  endfacet
  facet normal -7.45061e-06 -0.121869 0.992546
    outer loop
      vertex 54.2555 49.6173 4.64223
      vertex 54.3986 46.7262 4.28725
      vertex 54.3986 49.7024 4.65268
    endloop
  endfacet
  facet normal 7.93664e-05 -0.121865 0.992547
    outer loop
      vertex 54.2555 49.6173 4.64223
      vertex 54.2555 46.8113 4.29771
      vertex 54.3986 46.7262 4.28725
    endloop
  endfacet
  facet normal 6.19385e-05 -0.121865 0.992547
    outer loop
      vertex 54.1215 49.5186 4.63012
      vertex 54.2555 46.8113 4.29771
      vertex 54.2555 49.6173 4.64223
    endloop
  endfacet
  facet normal -6.66255e-05 -0.121871 0.992546
    outer loop
      vertex 54.1215 49.5186 4.63012
      vertex 54.1215 46.91 4.30982
      vertex 54.2555 46.8113 4.29771
    endloop
  endfacet
  facet normal 3.06916e-05 -0.121871 0.992546
    outer loop
      vertex 53.9979 49.4074 4.61647
      vertex 54.1215 46.91 4.30982
      vertex 54.1215 49.5186 4.63012
    endloop
  endfacet
  facet normal -3.35521e-05 -0.121874 0.992546
    outer loop
      vertex 53.9979 49.4074 4.61647
      vertex 53.9979 47.0212 4.32347
      vertex 54.1215 46.91 4.30982
    endloop
  endfacet
  facet normal -3.31796e-05 -0.121874 0.992546
    outer loop
      vertex 53.8859 49.2847 4.6014
      vertex 53.9979 47.0212 4.32347
      vertex 53.9979 49.4074 4.61647
    endloop
  endfacet
  facet normal 3.6983e-05 -0.121871 0.992546
    outer loop
      vertex 53.8859 49.2847 4.6014
      vertex 53.8859 47.1439 4.33854
      vertex 53.9979 47.0212 4.32347
    endloop
  endfacet
  facet normal 5.20538e-06 -0.121871 0.992546
    outer loop
      vertex 53.7865 49.1517 4.58507
      vertex 53.8859 47.1439 4.33854
      vertex 53.8859 49.2847 4.6014
    endloop
  endfacet
  facet normal -5.94393e-06 -0.121871 0.992546
    outer loop
      vertex 53.7865 49.1517 4.58507
      vertex 53.7865 47.2769 4.35487
      vertex 53.8859 47.1439 4.33854
    endloop
  endfacet
  facet normal -5.00537e-05 -0.121871 0.992546
    outer loop
      vertex 53.7007 49.0097 4.56763
      vertex 53.7865 47.2769 4.35487
      vertex 53.7865 49.1517 4.58507
    endloop
  endfacet
  facet normal 5.89897e-05 -0.121866 0.992547
    outer loop
      vertex 53.7007 49.0097 4.56763
      vertex 53.7007 47.4189 4.37231
      vertex 53.7865 47.2769 4.35487
    endloop
  endfacet
  facet normal 4.37538e-06 -0.121866 0.992547
    outer loop
      vertex 53.6294 48.86 4.54925
      vertex 53.7007 47.4189 4.37231
      vertex 53.7007 49.0097 4.56763
    endloop
  endfacet
  facet normal -5.38977e-06 -0.121866 0.992547
    outer loop
      vertex 53.6294 48.86 4.54925
      vertex 53.6294 47.5686 4.39069
      vertex 53.7007 47.4189 4.37231
    endloop
  endfacet
  facet normal 2.88287e-05 -0.121866 0.992547
    outer loop
      vertex 53.5732 48.7041 4.53011
      vertex 53.6294 47.5686 4.39069
      vertex 53.6294 48.86 4.54925
    endloop
  endfacet
  facet normal -3.80046e-05 -0.12187 0.992546
    outer loop
      vertex 53.5732 48.7041 4.53011
      vertex 53.5732 47.7245 4.40983
      vertex 53.6294 47.5686 4.39069
    endloop
  endfacet
  facet normal -1.86131e-05 -0.12187 0.992546
    outer loop
      vertex 53.5327 48.5435 4.51039
      vertex 53.5732 47.7245 4.40983
      vertex 53.5732 48.7041 4.53011
    endloop
  endfacet
  facet normal 2.76936e-05 -0.121867 0.992546
    outer loop
      vertex 53.5327 48.5435 4.51039
      vertex 53.5327 47.8851 4.42955
      vertex 53.5732 47.7245 4.40983
    endloop
  endfacet
  facet normal 7.18684e-05 -0.121867 0.992546
    outer loop
      vertex 53.5082 48.3797 4.49028
      vertex 53.5327 47.8851 4.42955
      vertex 53.5327 48.5435 4.51039
    endloop
  endfacet
  facet normal -0.000143041 -0.121878 0.992545
    outer loop
      vertex 53.5082 48.3797 4.49028
      vertex 53.5082 48.0489 4.44966
      vertex 53.5327 47.8851 4.42955
    endloop
  endfacet
  facet normal 0 -0.121878 0.992545
    outer loop
      vertex 53.5082 48.0489 4.44966
      vertex 53.5082 48.3797 4.49028
      vertex 53.5 48.2143 4.46997
    endloop
  endfacet
  facet normal -0.741084 0.666408 0.0818258
    outer loop
      vertex 56.4021 47.0212 4.32347
      vertex 56.5141 45.7436 15.7429
      vertex 56.5141 47.1439 4.33854
    endloop
  endfacet
  facet normal -0.741094 0.666397 0.0818247
    outer loop
      vertex 56.5141 45.7436 15.7429
      vertex 56.4021 47.0212 4.32347
      vertex 56.4021 45.6209 15.7278
    endloop
  endfacet
  facet normal -0.146697 0.981808 0.120553
    outer loop
      vertex 55.5317 46.5594 4.26677
      vertex 55.3666 45.1348 15.6681
      vertex 55.5317 45.1591 15.6711
    endloop
  endfacet
  facet normal -0.146682 0.98181 0.120553
    outer loop
      vertex 55.3666 45.1348 15.6681
      vertex 55.5317 46.5594 4.26677
      vertex 55.3666 46.5351 4.26379
    endloop
  endfacet
  facet normal 0.513936 -0.851434 -0.104545
    outer loop
      vertex 54.2555 48.217 16.0466
      vertex 54.3986 49.7024 4.65268
      vertex 54.3986 48.3021 16.057
    endloop
  endfacet
  facet normal 0.513963 -0.851418 -0.104542
    outer loop
      vertex 54.3986 49.7024 4.65268
      vertex 54.2555 48.217 16.0466
      vertex 54.2555 49.6173 4.64223
    endloop
  endfacet
  facet normal -0.0495235 -0.991329 -0.121713
    outer loop
      vertex 55.2 49.9016 4.67715
      vertex 55.3666 48.4932 16.0805
      vertex 55.2 48.5014 16.0815
    endloop
  endfacet
  facet normal -0.0489299 -0.991357 -0.121725
    outer loop
      vertex 55.3666 48.4932 16.0805
      vertex 55.2 49.9016 4.67715
      vertex 55.3666 49.8935 4.67615
    endloop
  endfacet
  facet normal 0.857599 0.510485 0.0626804
    outer loop
      vertex 53.7007 46.0186 15.7767
      vertex 53.7865 47.2769 4.35487
      vertex 53.7007 47.4189 4.37231
    endloop
  endfacet
  facet normal 0.857611 0.510466 0.0626784
    outer loop
      vertex 53.7865 47.2769 4.35487
      vertex 53.7007 46.0186 15.7767
      vertex 53.7865 45.8766 15.7592
    endloop
  endfacet
  facet normal -0.941545 -0.334375 -0.0410567
    outer loop
      vertex 56.8268 48.7041 4.53011
      vertex 56.7706 47.4597 15.9536
      vertex 56.7706 48.86 4.54925
    endloop
  endfacet
  facet normal -0.941542 -0.334384 -0.0410577
    outer loop
      vertex 56.7706 47.4597 15.9536
      vertex 56.8268 48.7041 4.53011
      vertex 56.8268 47.3038 15.9345
    endloop
  endfacet
  facet normal -0.242804 -0.962844 -0.118224
    outer loop
      vertex 55.5317 49.8692 4.67317
      vertex 55.6935 48.4287 16.0726
      vertex 55.5317 48.4689 16.0775
    endloop
  endfacet
  facet normal -0.242831 -0.962838 -0.118223
    outer loop
      vertex 55.6935 48.4287 16.0726
      vertex 55.5317 49.8692 4.67317
      vertex 55.6935 49.829 4.66823
    endloop
  endfacet
  facet normal 0.941545 -0.334375 -0.0410567
    outer loop
      vertex 53.6294 47.4597 15.9536
      vertex 53.5732 48.7041 4.53011
      vertex 53.6294 48.86 4.54925
    endloop
  endfacet
  facet normal 0.941542 -0.334384 -0.0410577
    outer loop
      vertex 53.5732 48.7041 4.53011
      vertex 53.6294 47.4597 15.9536
      vertex 53.5732 47.3038 15.9345
    endloop
  endfacet
  facet normal -0.671939 -0.735087 -0.0902521
    outer loop
      vertex 56.2785 49.5186 4.63012
      vertex 56.4021 48.0071 16.0208
      vertex 56.2785 48.1184 16.0345
    endloop
  endfacet
  facet normal -0.671592 -0.735398 -0.0902971
    outer loop
      vertex 56.4021 48.0071 16.0208
      vertex 56.2785 49.5186 4.63012
      vertex 56.4021 49.4074 4.61647
    endloop
  endfacet
  facet normal 0.0495235 -0.991329 -0.121713
    outer loop
      vertex 55.0334 48.4932 16.0805
      vertex 55.2 49.9016 4.67715
      vertex 55.2 48.5014 16.0815
    endloop
  endfacet
  facet normal 0.0489299 -0.991357 -0.121725
    outer loop
      vertex 55.2 49.9016 4.67715
      vertex 55.0334 48.4932 16.0805
      vertex 55.0334 49.8935 4.67615
    endloop
  endfacet
  facet normal -0.427601 0.897229 0.110168
    outer loop
      vertex 56.0014 46.7262 4.28725
      vertex 55.8506 45.2551 15.6829
      vertex 56.0014 45.3259 15.6916
    endloop
  endfacet
  facet normal -0.427595 0.897232 0.110168
    outer loop
      vertex 55.8506 45.2551 15.6829
      vertex 56.0014 46.7262 4.28725
      vertex 55.8506 46.6554 4.27856
    endloop
  endfacet
  facet normal -0.989159 0.145754 0.0178966
    outer loop
      vertex 56.8673 47.8851 4.42955
      vertex 56.8918 46.6486 15.854
      vertex 56.8918 48.0489 4.44966
    endloop
  endfacet
  facet normal -0.989159 0.145755 0.0178967
    outer loop
      vertex 56.8918 46.6486 15.854
      vertex 56.8673 47.8851 4.42955
      vertex 56.8673 46.4848 15.8339
    endloop
  endfacet
  facet normal -0.857599 -0.510485 -0.0626763
    outer loop
      vertex 56.6993 49.0097 4.56763
      vertex 56.6135 47.7515 15.9894
      vertex 56.6135 49.1517 4.58507
    endloop
  endfacet
  facet normal -0.857749 -0.510237 -0.0626501
    outer loop
      vertex 56.6135 47.7515 15.9894
      vertex 56.6993 49.0097 4.56763
      vertex 56.6993 47.6094 15.972
    endloop
  endfacet
  facet normal 0.0489299 0.991357 0.121726
    outer loop
      vertex 55.2 45.1267 15.6671
      vertex 55.0334 46.5351 4.26379
      vertex 55.0334 45.1348 15.6681
    endloop
  endfacet
  facet normal 0.0489299 0.991357 0.121726
    outer loop
      vertex 55.0334 46.5351 4.26379
      vertex 55.2 45.1267 15.6671
      vertex 55.2 46.527 4.26279
    endloop
  endfacet
  facet normal 0.671939 -0.735087 -0.0902521
    outer loop
      vertex 53.9979 48.0071 16.0208
      vertex 54.1215 49.5186 4.63012
      vertex 54.1215 48.1184 16.0345
    endloop
  endfacet
  facet normal 0.671592 -0.735398 -0.0902971
    outer loop
      vertex 54.1215 49.5186 4.63012
      vertex 53.9979 48.0071 16.0208
      vertex 53.9979 49.4074 4.61647
    endloop
  endfacet
  facet normal 0.741084 -0.666408 -0.081826
    outer loop
      vertex 53.9979 48.0071 16.0208
      vertex 53.8859 49.2847 4.6014
      vertex 53.9979 49.4074 4.61647
    endloop
  endfacet
  facet normal 0.740792 -0.666728 -0.081859
    outer loop
      vertex 53.8859 49.2847 4.6014
      vertex 53.9979 48.0071 16.0208
      vertex 53.8859 47.8845 16.0058
    endloop
  endfacet
  facet normal -0.904069 0.4242 0.0520862
    outer loop
      vertex 56.6993 47.4189 4.37231
      vertex 56.7706 46.1683 15.795
      vertex 56.7706 47.5686 4.39069
    endloop
  endfacet
  facet normal -0.904059 0.424223 0.0520886
    outer loop
      vertex 56.7706 46.1683 15.795
      vertex 56.6993 47.4189 4.37231
      vertex 56.6993 46.0186 15.7767
    endloop
  endfacet
  facet normal -0.0489299 0.991357 0.121726
    outer loop
      vertex 55.3666 46.5351 4.26379
      vertex 55.2 45.1267 15.6671
      vertex 55.3666 45.1348 15.6681
    endloop
  endfacet
  facet normal -0.0489299 0.991357 0.121726
    outer loop
      vertex 55.2 45.1267 15.6671
      vertex 55.3666 46.5351 4.26379
      vertex 55.2 46.527 4.26279
    endloop
  endfacet
  facet normal 0.671572 0.735416 0.0902993
    outer loop
      vertex 54.1215 45.5097 15.7142
      vertex 53.9979 47.0212 4.32347
      vertex 53.9979 45.6209 15.7278
    endloop
  endfacet
  facet normal 0.671592 0.735398 0.0902967
    outer loop
      vertex 53.9979 47.0212 4.32347
      vertex 54.1215 45.5097 15.7142
      vertex 54.1215 46.91 4.30982
    endloop
  endfacet
  facet normal -0.941545 0.334375 0.0410566
    outer loop
      vertex 56.7706 47.5686 4.39069
      vertex 56.8268 46.3242 15.8142
      vertex 56.8268 47.7245 4.40983
    endloop
  endfacet
  facet normal -0.94155 0.334361 0.0410552
    outer loop
      vertex 56.8268 46.3242 15.8142
      vertex 56.7706 47.5686 4.39069
      vertex 56.7706 46.1683 15.795
    endloop
  endfacet
  facet normal -0.741084 -0.666408 -0.081826
    outer loop
      vertex 56.5141 49.2847 4.6014
      vertex 56.4021 48.0071 16.0208
      vertex 56.4021 49.4074 4.61647
    endloop
  endfacet
  facet normal -0.740792 -0.666728 -0.081859
    outer loop
      vertex 56.4021 48.0071 16.0208
      vertex 56.5141 49.2847 4.6014
      vertex 56.5141 47.8845 16.0058
    endloop
  endfacet
  facet normal 0.243432 0.962689 0.118196
    outer loop
      vertex 54.8683 45.1591 15.6711
      vertex 54.7065 46.5996 4.27171
      vertex 54.7065 45.1994 15.6761
    endloop
  endfacet
  facet normal 0.242831 0.962838 0.118224
    outer loop
      vertex 54.7065 46.5996 4.27171
      vertex 54.8683 45.1591 15.6711
      vertex 54.8683 46.5594 4.26677
    endloop
  endfacet
  facet normal -0.595539 0.797339 0.0979021
    outer loop
      vertex 56.2785 46.91 4.30982
      vertex 56.1445 45.4111 15.7021
      vertex 56.2785 45.5097 15.7142
    endloop
  endfacet
  facet normal -0.595927 0.797053 0.09786
    outer loop
      vertex 56.1445 45.4111 15.7021
      vertex 56.2785 46.91 4.30982
      vertex 56.1445 46.8113 4.29771
    endloop
  endfacet
  facet normal -0.857599 0.510485 0.0626804
    outer loop
      vertex 56.6135 47.2769 4.35487
      vertex 56.6993 46.0186 15.7767
      vertex 56.6993 47.4189 4.37231
    endloop
  endfacet
  facet normal -0.857611 0.510466 0.0626784
    outer loop
      vertex 56.6993 46.0186 15.7767
      vertex 56.6135 47.2769 4.35487
      vertex 56.6135 45.8766 15.7592
    endloop
  endfacet
  facet normal 0.803151 0.591335 0.072608
    outer loop
      vertex 53.7865 45.8766 15.7592
      vertex 53.8859 47.1439 4.33854
      vertex 53.7865 47.2769 4.35487
    endloop
  endfacet
  facet normal 0.803143 0.591345 0.0726091
    outer loop
      vertex 53.8859 47.1439 4.33854
      vertex 53.7865 45.8766 15.7592
      vertex 53.8859 45.7436 15.7429
    endloop
  endfacet
  facet normal 0.857599 -0.510485 -0.0626763
    outer loop
      vertex 53.7865 47.7515 15.9894
      vertex 53.7007 49.0097 4.56763
      vertex 53.7865 49.1517 4.58507
    endloop
  endfacet
  facet normal 0.857749 -0.510237 -0.0626501
    outer loop
      vertex 53.7007 49.0097 4.56763
      vertex 53.7865 47.7515 15.9894
      vertex 53.7007 47.6094 15.972
    endloop
  endfacet
  facet normal -0.33637 0.93471 0.11477
    outer loop
      vertex 55.8506 46.6554 4.27856
      vertex 55.6935 45.1994 15.6761
      vertex 55.8506 45.2551 15.6829
    endloop
  endfacet
  facet normal -0.33693 0.934512 0.114737
    outer loop
      vertex 55.6935 45.1994 15.6761
      vertex 55.8506 46.6554 4.27856
      vertex 55.6935 46.5996 4.27171
    endloop
  endfacet
  facet normal 0.998792 -0.0487814 -0.00598971
    outer loop
      vertex 53.5082 46.9794 15.8946
      vertex 53.5 48.2143 4.46997
      vertex 53.5082 48.3797 4.49028
    endloop
  endfacet
  facet normal 0.998792 -0.0487817 -0.00598975
    outer loop
      vertex 53.5 48.2143 4.46997
      vertex 53.5082 46.9794 15.8946
      vertex 53.5 46.814 15.8743
    endloop
  endfacet
  facet normal 0.998792 0.0487814 0.0059897
    outer loop
      vertex 53.5 46.814 15.8743
      vertex 53.5082 48.0489 4.44966
      vertex 53.5 48.2143 4.46997
    endloop
  endfacet
  facet normal 0.998792 0.0487817 0.00598974
    outer loop
      vertex 53.5082 48.0489 4.44966
      vertex 53.5 46.814 15.8743
      vertex 53.5082 46.6486 15.854
    endloop
  endfacet
  facet normal -0.989136 -0.145908 -0.017916
    outer loop
      vertex 98.5387 11.311 11.5151
      vertex 98.5048 11.0499 15.5131
      vertex 98.5048 11.5374 11.5429
    endloop
  endfacet
  facet normal -0.989136 -0.145908 -0.017916
    outer loop
      vertex 98.5048 11.0499 15.5131
      vertex 98.5387 11.311 11.5151
      vertex 98.5387 10.8235 15.4853
    endloop
  endfacet
  facet normal -0.998799 -0.0486378 -0.00597223
    outer loop
      vertex 98.55 11.0824 11.487
      vertex 98.5387 10.8235 15.4853
      vertex 98.5387 11.311 11.5151
    endloop
  endfacet
  facet normal -0.998799 -0.0486378 -0.00597223
    outer loop
      vertex 98.5387 10.8235 15.4853
      vertex 98.55 11.0824 11.487
      vertex 98.55 10.5949 15.4572
    endloop
  endfacet
  facet normal -0.970084 -0.240959 -0.029588
    outer loop
      vertex 98.5048 11.5374 11.5429
      vertex 98.4488 11.272 15.5403
      vertex 98.4488 11.7595 11.5702
    endloop
  endfacet
  facet normal -0.970081 -0.240971 -0.0295888
    outer loop
      vertex 98.4488 11.272 15.5403
      vertex 98.5048 11.5374 11.5429
      vertex 98.5048 11.0499 15.5131
    endloop
  endfacet
  facet normal 0.243305 -0.962722 -0.118188
    outer loop
      vertex 95.5178 12.8269 15.7313
      vertex 95.7415 13.37 11.7679
      vertex 95.7415 12.8826 15.7381
    endloop
  endfacet
  facet normal 0.2429 -0.96282 -0.118224
    outer loop
      vertex 95.7415 13.37 11.7679
      vertex 95.5178 12.8269 15.7313
      vertex 95.5178 13.3144 11.7611
    endloop
  endfacet
  facet normal 0.904022 0.4243 0.0521008
    outer loop
      vertex 94.0289 9.70229 15.3476
      vertex 94.1275 9.98284 11.352
      vertex 94.0289 10.1898 11.3774
    endloop
  endfacet
  facet normal 0.90399 0.424367 0.0521047
    outer loop
      vertex 94.1275 9.98284 11.352
      vertex 94.0289 9.70229 15.3476
      vertex 94.1275 9.49537 15.3222
    endloop
  endfacet
  facet normal 0.243031 0.962788 0.118216
    outer loop
      vertex 95.7415 8.30722 15.1763
      vertex 95.5178 8.85032 11.213
      vertex 95.5178 8.36284 15.1832
    endloop
  endfacet
  facet normal 0.243031 0.962788 0.118216
    outer loop
      vertex 95.5178 8.85032 11.213
      vertex 95.7415 8.30722 15.1763
      vertex 95.7415 8.7947 11.2061
    endloop
  endfacet
  facet normal -0.514145 0.85131 0.104528
    outer loop
      vertex 97.5056 9.14298 11.2489
      vertex 97.3078 8.53782 15.2046
      vertex 97.5056 8.6555 15.2191
    endloop
  endfacet
  facet normal -0.514106 0.851333 0.104533
    outer loop
      vertex 97.3078 8.53782 15.2046
      vertex 97.5056 9.14298 11.2489
      vertex 97.3078 9.0253 11.2345
    endloop
  endfacet
  facet normal 0.336933 0.934511 0.114741
    outer loop
      vertex 95.5178 8.36284 15.1832
      vertex 95.3007 8.92743 11.2224
      vertex 95.3007 8.43996 15.1926
    endloop
  endfacet
  facet normal 0.336894 0.934524 0.114745
    outer loop
      vertex 95.3007 8.92743 11.2224
      vertex 95.5178 8.36284 15.1832
      vertex 95.5178 8.85032 11.213
    endloop
  endfacet
  facet normal -0.336933 0.934511 0.114741
    outer loop
      vertex 97.0993 8.92743 11.2224
      vertex 96.8822 8.36284 15.1832
      vertex 97.0993 8.43996 15.1926
    endloop
  endfacet
  facet normal -0.336894 0.934524 0.114745
    outer loop
      vertex 96.8822 8.36284 15.1832
      vertex 97.0993 8.92743 11.2224
      vertex 96.8822 8.85032 11.213
    endloop
  endfacet
  facet normal 0.671471 -0.735507 -0.0903128
    outer loop
      vertex 94.5383 12.2442 15.6597
      vertex 94.7092 12.8854 11.7084
      vertex 94.7092 12.3979 15.6786
    endloop
  endfacet
  facet normal 0.671471 -0.735507 -0.0903128
    outer loop
      vertex 94.7092 12.8854 11.7084
      vertex 94.5383 12.2442 15.6597
      vertex 94.5383 12.7317 11.6895
    endloop
  endfacet
  facet normal -0.243031 0.962788 0.118216
    outer loop
      vertex 96.8822 8.85032 11.213
      vertex 96.6585 8.30722 15.1763
      vertex 96.8822 8.36284 15.1832
    endloop
  endfacet
  facet normal -0.243031 0.962788 0.118216
    outer loop
      vertex 96.6585 8.30722 15.1763
      vertex 96.8822 8.85032 11.213
      vertex 96.6585 8.7947 11.2061
    endloop
  endfacet
  facet normal 0.857807 -0.51014 -0.06264
    outer loop
      vertex 94.246 11.8907 15.6163
      vertex 94.1275 12.1819 11.622
      vertex 94.246 12.3782 11.6461
    endloop
  endfacet
  facet normal 0.857807 -0.51014 -0.06264
    outer loop
      vertex 94.1275 12.1819 11.622
      vertex 94.246 11.8907 15.6163
      vertex 94.1275 11.6944 15.5922
    endloop
  endfacet
  facet normal 0.989136 -0.145908 -0.017916
    outer loop
      vertex 93.8952 11.0499 15.5131
      vertex 93.8613 11.311 11.5151
      vertex 93.8952 11.5374 11.5429
    endloop
  endfacet
  facet normal 0.989136 -0.145908 -0.017916
    outer loop
      vertex 93.8613 11.311 11.5151
      vertex 93.8952 11.0499 15.5131
      vertex 93.8613 10.8235 15.4853
    endloop
  endfacet
  facet normal -0.903974 -0.424399 -0.0521119
    outer loop
      vertex 98.3711 11.975 11.5966
      vertex 98.2725 11.6944 15.5922
      vertex 98.2725 12.1819 11.622
    endloop
  endfacet
  facet normal -0.903974 -0.424399 -0.0521119
    outer loop
      vertex 98.2725 11.6944 15.5922
      vertex 98.3711 11.975 11.5966
      vertex 98.3711 11.4875 15.5668
    endloop
  endfacet
  facet normal -0.803164 0.591318 0.0726048
    outer loop
      vertex 98.0166 9.60266 11.3053
      vertex 98.154 9.29903 15.2981
      vertex 98.154 9.78651 11.3279
    endloop
  endfacet
  facet normal -0.803164 0.591318 0.0726048
    outer loop
      vertex 98.154 9.29903 15.2981
      vertex 98.0166 9.60266 11.3053
      vertex 98.0166 9.11518 15.2755
    endloop
  endfacet
  facet normal 0.595881 -0.797086 -0.0978765
    outer loop
      vertex 94.7092 12.3979 15.6786
      vertex 94.8944 13.0218 11.7252
      vertex 94.8944 12.5343 15.6953
    endloop
  endfacet
  facet normal 0.595915 -0.797061 -0.097871
    outer loop
      vertex 94.8944 13.0218 11.7252
      vertex 94.7092 12.3979 15.6786
      vertex 94.7092 12.8854 11.7084
    endloop
  endfacet
  facet normal -0.595881 -0.797086 -0.0978765
    outer loop
      vertex 97.5056 13.0218 11.7252
      vertex 97.6908 12.3979 15.6786
      vertex 97.5056 12.5343 15.6953
    endloop
  endfacet
  facet normal -0.595915 -0.797061 -0.097871
    outer loop
      vertex 97.6908 12.3979 15.6786
      vertex 97.5056 13.0218 11.7252
      vertex 97.6908 12.8854 11.7084
    endloop
  endfacet
  facet normal -0.146305 -0.981865 -0.120563
    outer loop
      vertex 96.4303 13.4036 11.772
      vertex 96.6585 12.8826 15.7381
      vertex 96.4303 12.9161 15.7422
    endloop
  endfacet
  facet normal -0.146726 -0.981806 -0.120531
    outer loop
      vertex 96.6585 12.8826 15.7381
      vertex 96.4303 13.4036 11.772
      vertex 96.6585 13.37 11.7679
    endloop
  endfacet
  facet normal -0.80324 -0.591215 -0.0725952
    outer loop
      vertex 98.154 12.3782 11.6461
      vertex 98.0166 12.0746 15.6389
      vertex 98.0166 12.5621 11.6687
    endloop
  endfacet
  facet normal -0.80324 -0.591215 -0.0725952
    outer loop
      vertex 98.0166 12.0746 15.6389
      vertex 98.154 12.3782 11.6461
      vertex 98.154 11.8907 15.6163
    endloop
  endfacet
  facet normal 0.514208 -0.851275 -0.104506
    outer loop
      vertex 94.8944 12.5343 15.6953
      vertex 95.0922 13.1394 11.7396
      vertex 95.0922 12.652 15.7098
    endloop
  endfacet
  facet normal 0.513853 -0.851483 -0.104556
    outer loop
      vertex 95.0922 13.1394 11.7396
      vertex 94.8944 12.5343 15.6953
      vertex 94.8944 13.0218 11.7252
    endloop
  endfacet
  facet normal 0.146305 -0.981865 -0.120563
    outer loop
      vertex 95.7415 12.8826 15.7381
      vertex 95.9697 13.4036 11.772
      vertex 95.9697 12.9161 15.7422
    endloop
  endfacet
  facet normal 0.146726 -0.981806 -0.120531
    outer loop
      vertex 95.9697 13.4036 11.772
      vertex 95.7415 12.8826 15.7381
      vertex 95.7415 13.37 11.7679
    endloop
  endfacet
  facet normal -0.514208 -0.851275 -0.104506
    outer loop
      vertex 97.3078 13.1394 11.7396
      vertex 97.5056 12.5343 15.6953
      vertex 97.3078 12.652 15.7098
    endloop
  endfacet
  facet normal -0.513853 -0.851483 -0.104556
    outer loop
      vertex 97.5056 12.5343 15.6953
      vertex 97.3078 13.1394 11.7396
      vertex 97.5056 13.0218 11.7252
    endloop
  endfacet
  facet normal -0.671471 -0.735507 -0.0903128
    outer loop
      vertex 97.6908 12.8854 11.7084
      vertex 97.8617 12.2442 15.6597
      vertex 97.6908 12.3979 15.6786
    endloop
  endfacet
  facet normal -0.671471 -0.735507 -0.0903128
    outer loop
      vertex 97.8617 12.2442 15.6597
      vertex 97.6908 12.8854 11.7084
      vertex 97.8617 12.7317 11.6895
    endloop
  endfacet
  facet normal 0.941527 0.334425 0.0410639
    outer loop
      vertex 93.9512 9.9178 15.3741
      vertex 94.0289 10.1898 11.3774
      vertex 93.9512 10.4053 11.4039
    endloop
  endfacet
  facet normal 0.941532 0.334411 0.0410631
    outer loop
      vertex 94.0289 10.1898 11.3774
      vertex 93.9512 9.9178 15.3741
      vertex 94.0289 9.70229 15.3476
    endloop
  endfacet
  facet normal -0.9988 0.0486195 0.00596998
    outer loop
      vertex 98.5387 10.8537 11.459
      vertex 98.55 10.5949 15.4572
      vertex 98.55 11.0824 11.487
    endloop
  endfacet
  facet normal -0.998799 0.0486379 0.00597117
    outer loop
      vertex 98.55 10.5949 15.4572
      vertex 98.5387 10.8537 11.459
      vertex 98.5387 10.3663 15.4291
    endloop
  endfacet
  facet normal 0.427273 -0.897383 -0.110189
    outer loop
      vertex 95.0922 12.652 15.7098
      vertex 95.3007 13.2373 11.7516
      vertex 95.3007 12.7498 15.7218
    endloop
  endfacet
  facet normal 0.427624 -0.897221 -0.110147
    outer loop
      vertex 95.3007 13.2373 11.7516
      vertex 95.0922 12.652 15.7098
      vertex 95.0922 13.1394 11.7396
    endloop
  endfacet
  facet normal -0.904022 0.4243 0.0521008
    outer loop
      vertex 98.2725 9.98284 11.352
      vertex 98.3711 9.70229 15.3476
      vertex 98.3711 10.1898 11.3774
    endloop
  endfacet
  facet normal -0.90399 0.424367 0.0521047
    outer loop
      vertex 98.3711 9.70229 15.3476
      vertex 98.2725 9.98284 11.352
      vertex 98.2725 9.49537 15.3222
    endloop
  endfacet
  facet normal 0.59577 0.797169 0.0978782
    outer loop
      vertex 94.8944 8.6555 15.2191
      vertex 94.7092 9.27933 11.2656
      vertex 94.7092 8.79186 15.2358
    endloop
  endfacet
  facet normal 0.595742 0.797189 0.0978827
    outer loop
      vertex 94.7092 9.27933 11.2656
      vertex 94.8944 8.6555 15.2191
      vertex 94.8944 9.14298 11.2489
    endloop
  endfacet
  facet normal 0.80324 -0.591215 -0.0725952
    outer loop
      vertex 94.3834 12.0746 15.6389
      vertex 94.246 12.3782 11.6461
      vertex 94.3834 12.5621 11.6687
    endloop
  endfacet
  facet normal 0.80324 -0.591215 -0.0725952
    outer loop
      vertex 94.246 12.3782 11.6461
      vertex 94.3834 12.0746 15.6389
      vertex 94.246 11.8907 15.6163
    endloop
  endfacet
  facet normal 0.941521 -0.334441 -0.041066
    outer loop
      vertex 94.0289 11.4875 15.5668
      vertex 93.9512 11.7595 11.5702
      vertex 94.0289 11.975 11.5966
    endloop
  endfacet
  facet normal 0.941527 -0.334424 -0.0410649
    outer loop
      vertex 93.9512 11.7595 11.5702
      vertex 94.0289 11.4875 15.5668
      vertex 93.9512 11.272 15.5403
    endloop
  endfacet
  facet normal -0.941521 -0.334441 -0.041066
    outer loop
      vertex 98.4488 11.7595 11.5702
      vertex 98.3711 11.4875 15.5668
      vertex 98.3711 11.975 11.5966
    endloop
  endfacet
  facet normal -0.941527 -0.334424 -0.0410649
    outer loop
      vertex 98.3711 11.4875 15.5668
      vertex 98.4488 11.7595 11.5702
      vertex 98.4488 11.272 15.5403
    endloop
  endfacet
  facet normal -0.857807 -0.51014 -0.06264
    outer loop
      vertex 98.2725 12.1819 11.622
      vertex 98.154 11.8907 15.6163
      vertex 98.154 12.3782 11.6461
    endloop
  endfacet
  facet normal -0.857807 -0.51014 -0.06264
    outer loop
      vertex 98.154 11.8907 15.6163
      vertex 98.2725 12.1819 11.622
      vertex 98.2725 11.6944 15.5922
    endloop
  endfacet
  facet normal 0.671494 0.735486 0.0903065
    outer loop
      vertex 94.7092 8.79186 15.2358
      vertex 94.5383 9.43305 11.2845
      vertex 94.5383 8.94557 15.2547
    endloop
  endfacet
  facet normal 0.671518 0.735465 0.0903021
    outer loop
      vertex 94.5383 9.43305 11.2845
      vertex 94.7092 8.79186 15.2358
      vertex 94.7092 9.27933 11.2656
    endloop
  endfacet
  facet normal -0.970059 0.241059 0.0296004
    outer loop
      vertex 98.4488 10.4053 11.4039
      vertex 98.5048 10.1398 15.4013
      vertex 98.5048 10.6273 11.4312
    endloop
  endfacet
  facet normal -0.970056 0.241072 0.0296012
    outer loop
      vertex 98.5048 10.1398 15.4013
      vertex 98.4488 10.4053 11.4039
      vertex 98.4488 9.9178 15.3741
    endloop
  endfacet
  facet normal -0.989136 0.145909 0.0179129
    outer loop
      vertex 98.5048 10.6273 11.4312
      vertex 98.5387 10.3663 15.4291
      vertex 98.5387 10.8537 11.459
    endloop
  endfacet
  facet normal -0.989145 0.145846 0.0179089
    outer loop
      vertex 98.5387 10.3663 15.4291
      vertex 98.5048 10.6273 11.4312
      vertex 98.5048 10.1398 15.4013
    endloop
  endfacet
  facet normal 0.514145 0.85131 0.104528
    outer loop
      vertex 95.0922 8.53782 15.2046
      vertex 94.8944 9.14298 11.2489
      vertex 94.8944 8.6555 15.2191
    endloop
  endfacet
  facet normal 0.514106 0.851333 0.104533
    outer loop
      vertex 94.8944 9.14298 11.2489
      vertex 95.0922 8.53782 15.2046
      vertex 95.0922 9.0253 11.2345
    endloop
  endfacet
  facet normal -0.336903 -0.934521 -0.11475
    outer loop
      vertex 96.8822 13.3144 11.7611
      vertex 97.0993 12.7498 15.7218
      vertex 96.8822 12.8269 15.7313
    endloop
  endfacet
  facet normal -0.336903 -0.934521 -0.11475
    outer loop
      vertex 97.0993 12.7498 15.7218
      vertex 96.8822 13.3144 11.7611
      vertex 97.0993 13.2373 11.7516
    endloop
  endfacet
  facet normal 0.336903 -0.934521 -0.11475
    outer loop
      vertex 95.3007 12.7498 15.7218
      vertex 95.5178 13.3144 11.7611
      vertex 95.5178 12.8269 15.7313
    endloop
  endfacet
  facet normal 0.336903 -0.934521 -0.11475
    outer loop
      vertex 95.5178 13.3144 11.7611
      vertex 95.3007 12.7498 15.7218
      vertex 95.3007 13.2373 11.7516
    endloop
  endfacet
  facet normal -0.146642 0.981816 0.120552
    outer loop
      vertex 96.6585 8.7947 11.2061
      vertex 96.4303 8.27364 15.1722
      vertex 96.6585 8.30722 15.1763
    endloop
  endfacet
  facet normal -0.146684 0.98181 0.120549
    outer loop
      vertex 96.4303 8.27364 15.1722
      vertex 96.6585 8.7947 11.2061
      vertex 96.4303 8.76111 11.202
    endloop
  endfacet
  facet normal -0.857841 0.510084 0.0626293
    outer loop
      vertex 98.154 9.78651 11.3279
      vertex 98.2725 9.49537 15.3222
      vertex 98.2725 9.98284 11.352
    endloop
  endfacet
  facet normal -0.857853 0.510065 0.0626282
    outer loop
      vertex 98.2725 9.49537 15.3222
      vertex 98.154 9.78651 11.3279
      vertex 98.154 9.29903 15.2981
    endloop
  endfacet
  facet normal 0.0493812 -0.991335 -0.121726
    outer loop
      vertex 95.9697 12.9161 15.7422
      vertex 96.2 13.4149 11.7734
      vertex 96.2 12.9274 15.7436
    endloop
  endfacet
  facet normal 0.0493812 -0.991335 -0.121726
    outer loop
      vertex 96.2 13.4149 11.7734
      vertex 95.9697 12.9161 15.7422
      vertex 95.9697 13.4036 11.772
    endloop
  endfacet
  facet normal 0.9988 0.0486195 0.00596998
    outer loop
      vertex 93.85 10.5949 15.4572
      vertex 93.8613 10.8537 11.459
      vertex 93.85 11.0824 11.487
    endloop
  endfacet
  facet normal 0.998799 0.0486379 0.00597117
    outer loop
      vertex 93.8613 10.8537 11.459
      vertex 93.85 10.5949 15.4572
      vertex 93.8613 10.3663 15.4291
    endloop
  endfacet
  facet normal -0.941527 0.334425 0.0410639
    outer loop
      vertex 98.3711 10.1898 11.3774
      vertex 98.4488 9.9178 15.3741
      vertex 98.4488 10.4053 11.4039
    endloop
  endfacet
  facet normal -0.941532 0.334411 0.0410631
    outer loop
      vertex 98.4488 9.9178 15.3741
      vertex 98.3711 10.1898 11.3774
      vertex 98.3711 9.70229 15.3476
    endloop
  endfacet
  facet normal -0.427273 -0.897383 -0.110189
    outer loop
      vertex 97.0993 13.2373 11.7516
      vertex 97.3078 12.652 15.7098
      vertex 97.0993 12.7498 15.7218
    endloop
  endfacet
  facet normal -0.427624 -0.897221 -0.110147
    outer loop
      vertex 97.3078 12.652 15.7098
      vertex 97.0993 13.2373 11.7516
      vertex 97.3078 13.1394 11.7396
    endloop
  endfacet
  facet normal -0.740882 -0.666628 -0.0818551
    outer loop
      vertex 98.0166 12.5621 11.6687
      vertex 97.8617 12.2442 15.6597
      vertex 97.8617 12.7317 11.6895
    endloop
  endfacet
  facet normal -0.740882 -0.666628 -0.0818551
    outer loop
      vertex 97.8617 12.2442 15.6597
      vertex 98.0166 12.5621 11.6687
      vertex 98.0166 12.0746 15.6389
    endloop
  endfacet
  facet normal -0.0493812 -0.991335 -0.121726
    outer loop
      vertex 96.2 13.4149 11.7734
      vertex 96.4303 12.9161 15.7422
      vertex 96.2 12.9274 15.7436
    endloop
  endfacet
  facet normal -0.0493812 -0.991335 -0.121726
    outer loop
      vertex 96.4303 12.9161 15.7422
      vertex 96.2 13.4149 11.7734
      vertex 96.4303 13.4036 11.772
    endloop
  endfacet
  facet normal 0.857841 0.510084 0.0626293
    outer loop
      vertex 94.1275 9.49537 15.3222
      vertex 94.246 9.78651 11.3279
      vertex 94.1275 9.98284 11.352
    endloop
  endfacet
  facet normal 0.857853 0.510065 0.0626282
    outer loop
      vertex 94.246 9.78651 11.3279
      vertex 94.1275 9.49537 15.3222
      vertex 94.246 9.29903 15.2981
    endloop
  endfacet
  facet normal 0.146642 0.981816 0.120552
    outer loop
      vertex 95.9697 8.27364 15.1722
      vertex 95.7415 8.7947 11.2061
      vertex 95.7415 8.30722 15.1763
    endloop
  endfacet
  facet normal 0.146684 0.98181 0.120549
    outer loop
      vertex 95.7415 8.7947 11.2061
      vertex 95.9697 8.27364 15.1722
      vertex 95.9697 8.76111 11.202
    endloop
  endfacet
  facet normal -0.671494 0.735486 0.0903065
    outer loop
      vertex 97.8617 9.43305 11.2845
      vertex 97.6908 8.79186 15.2358
      vertex 97.8617 8.94557 15.2547
    endloop
  endfacet
  facet normal -0.671518 0.735465 0.0903021
    outer loop
      vertex 97.6908 8.79186 15.2358
      vertex 97.8617 9.43305 11.2845
      vertex 97.6908 9.27933 11.2656
    endloop
  endfacet
  facet normal 0.0490806 0.99135 0.12172
    outer loop
      vertex 96.2 8.26241 15.1708
      vertex 95.9697 8.76111 11.202
      vertex 95.9697 8.27364 15.1722
    endloop
  endfacet
  facet normal 0.0490806 0.99135 0.12172
    outer loop
      vertex 95.9697 8.76111 11.202
      vertex 96.2 8.26241 15.1708
      vertex 96.2 8.74988 11.2006
    endloop
  endfacet
  facet normal 0.740882 -0.666628 -0.0818551
    outer loop
      vertex 94.5383 12.2442 15.6597
      vertex 94.3834 12.5621 11.6687
      vertex 94.5383 12.7317 11.6895
    endloop
  endfacet
  facet normal 0.740882 -0.666628 -0.0818551
    outer loop
      vertex 94.3834 12.5621 11.6687
      vertex 94.5383 12.2442 15.6597
      vertex 94.3834 12.0746 15.6389
    endloop
  endfacet
  facet normal 0.903974 -0.424399 -0.0521119
    outer loop
      vertex 94.1275 11.6944 15.5922
      vertex 94.0289 11.975 11.5966
      vertex 94.1275 12.1819 11.622
    endloop
  endfacet
  facet normal 0.903974 -0.424399 -0.0521119
    outer loop
      vertex 94.0289 11.975 11.5966
      vertex 94.1275 11.6944 15.5922
      vertex 94.0289 11.4875 15.5668
    endloop
  endfacet
  facet normal 0.970084 -0.240959 -0.029588
    outer loop
      vertex 93.9512 11.272 15.5403
      vertex 93.8952 11.5374 11.5429
      vertex 93.9512 11.7595 11.5702
    endloop
  endfacet
  facet normal 0.970081 -0.240971 -0.0295888
    outer loop
      vertex 93.8952 11.5374 11.5429
      vertex 93.9512 11.272 15.5403
      vertex 93.8952 11.0499 15.5131
    endloop
  endfacet
  facet normal -0.243305 -0.962722 -0.118188
    outer loop
      vertex 96.6585 13.37 11.7679
      vertex 96.8822 12.8269 15.7313
      vertex 96.6585 12.8826 15.7381
    endloop
  endfacet
  facet normal -0.2429 -0.96282 -0.118224
    outer loop
      vertex 96.8822 12.8269 15.7313
      vertex 96.6585 13.37 11.7679
      vertex 96.8822 13.3144 11.7611
    endloop
  endfacet
  facet normal 0.970059 0.241059 0.0296004
    outer loop
      vertex 93.8952 10.1398 15.4013
      vertex 93.9512 10.4053 11.4039
      vertex 93.8952 10.6273 11.4312
    endloop
  endfacet
  facet normal 0.970056 0.241072 0.0296012
    outer loop
      vertex 93.9512 10.4053 11.4039
      vertex 93.8952 10.1398 15.4013
      vertex 93.9512 9.9178 15.3741
    endloop
  endfacet
  facet normal 0.427484 0.897284 0.110176
    outer loop
      vertex 95.3007 8.43996 15.1926
      vertex 95.0922 9.0253 11.2345
      vertex 95.0922 8.53782 15.2046
    endloop
  endfacet
  facet normal 0.427562 0.897248 0.110166
    outer loop
      vertex 95.0922 9.0253 11.2345
      vertex 95.3007 8.43996 15.1926
      vertex 95.3007 8.92743 11.2224
    endloop
  endfacet
  facet normal 0.740902 0.666607 0.0818492
    outer loop
      vertex 94.3834 9.11518 15.2755
      vertex 94.5383 9.43305 11.2845
      vertex 94.3834 9.60266 11.3053
    endloop
  endfacet
  facet normal 0.740902 0.666607 0.0818492
    outer loop
      vertex 94.5383 9.43305 11.2845
      vertex 94.3834 9.11518 15.2755
      vertex 94.5383 8.94557 15.2547
    endloop
  endfacet
  facet normal -0.427484 0.897284 0.110176
    outer loop
      vertex 97.3078 9.0253 11.2345
      vertex 97.0993 8.43996 15.1926
      vertex 97.3078 8.53782 15.2046
    endloop
  endfacet
  facet normal -0.427562 0.897248 0.110166
    outer loop
      vertex 97.0993 8.43996 15.1926
      vertex 97.3078 9.0253 11.2345
      vertex 97.0993 8.92743 11.2224
    endloop
  endfacet
  facet normal -0.0490806 0.99135 0.12172
    outer loop
      vertex 96.4303 8.76111 11.202
      vertex 96.2 8.26241 15.1708
      vertex 96.4303 8.27364 15.1722
    endloop
  endfacet
  facet normal -0.0490806 0.99135 0.12172
    outer loop
      vertex 96.2 8.26241 15.1708
      vertex 96.4303 8.76111 11.202
      vertex 96.2 8.74988 11.2006
    endloop
  endfacet
  facet normal 0.989136 0.145909 0.0179129
    outer loop
      vertex 93.8613 10.3663 15.4291
      vertex 93.8952 10.6273 11.4312
      vertex 93.8613 10.8537 11.459
    endloop
  endfacet
  facet normal 0.989145 0.145846 0.0179089
    outer loop
      vertex 93.8952 10.6273 11.4312
      vertex 93.8613 10.3663 15.4291
      vertex 93.8952 10.1398 15.4013
    endloop
  endfacet
  facet normal -0.59577 0.797169 0.0978782
    outer loop
      vertex 97.6908 9.27933 11.2656
      vertex 97.5056 8.6555 15.2191
      vertex 97.6908 8.79186 15.2358
    endloop
  endfacet
  facet normal -0.595742 0.797189 0.0978827
    outer loop
      vertex 97.5056 8.6555 15.2191
      vertex 97.6908 9.27933 11.2656
      vertex 97.5056 9.14298 11.2489
    endloop
  endfacet
  facet normal 0 -0.122004 0.99253
    outer loop
      vertex 97.9 11.0824 11.487
      vertex 98.55 11.0824 11.487
      vertex 98.5387 11.311 11.5151
    endloop
  endfacet
  facet normal -5.98463e-05 -0.121885 0.992544
    outer loop
      vertex 97.8918 11.2478 11.5073
      vertex 98.5387 11.311 11.5151
      vertex 98.5048 11.5374 11.5429
    endloop
  endfacet
  facet normal 0 -0.121524 0.992589
    outer loop
      vertex 98.55 11.0824 11.487
      vertex 97.9 11.0824 11.487
      vertex 98.5387 10.8537 11.459
    endloop
  endfacet
  facet normal -3.65924e-05 -0.122009 0.992529
    outer loop
      vertex 97.8673 11.4115 11.5274
      vertex 98.5048 11.5374 11.5429
      vertex 98.4488 11.7595 11.5702
    endloop
  endfacet
  facet normal -0.000105333 -0.121814 0.992553
    outer loop
      vertex 97.8918 10.917 11.4667
      vertex 98.5387 10.8537 11.459
      vertex 97.9 11.0824 11.487
    endloop
  endfacet
  facet normal -7.86878e-05 -0.121625 0.992576
    outer loop
      vertex 97.8268 11.5722 11.5472
      vertex 98.4488 11.7595 11.5702
      vertex 98.3711 11.975 11.5966
    endloop
  endfacet
  facet normal -0.000109939 -0.12186 0.992547
    outer loop
      vertex 98.5387 10.8537 11.459
      vertex 97.8918 10.917 11.4667
      vertex 98.5048 10.6273 11.4312
    endloop
  endfacet
  facet normal 1.46289e-05 -0.121843 0.992549
    outer loop
      vertex 97.7706 11.7281 11.5663
      vertex 98.3711 11.975 11.5966
      vertex 98.2725 12.1819 11.622
    endloop
  endfacet
  facet normal -7.45061e-05 -0.121786 0.992556
    outer loop
      vertex 97.8673 10.7532 11.4466
      vertex 98.5048 10.6273 11.4312
      vertex 97.8918 10.917 11.4667
    endloop
  endfacet
  facet normal 4.55669e-05 -0.121829 0.992551
    outer loop
      vertex 97.6993 11.8778 11.5847
      vertex 98.2725 12.1819 11.622
      vertex 98.154 12.3782 11.6461
    endloop
  endfacet
  facet normal -0.000122049 -0.122023 0.992527
    outer loop
      vertex 98.5048 10.6273 11.4312
      vertex 97.8673 10.7532 11.4466
      vertex 98.4488 10.4053 11.4039
    endloop
  endfacet
  facet normal 5.50215e-05 -0.121935 0.992538
    outer loop
      vertex 97.6135 12.0198 11.6021
      vertex 98.154 12.3782 11.6461
      vertex 98.0166 12.5621 11.6687
    endloop
  endfacet
  facet normal 3.68474e-05 -0.121762 0.992559
    outer loop
      vertex 97.8268 10.5926 11.4269
      vertex 98.4488 10.4053 11.4039
      vertex 97.8673 10.7532 11.4466
    endloop
  endfacet
  facet normal -4.64221e-05 -0.122034 0.992526
    outer loop
      vertex 98.4488 10.4053 11.4039
      vertex 97.8268 10.5926 11.4269
      vertex 98.3711 10.1898 11.3774
    endloop
  endfacet
  facet normal -6.6099e-05 -0.121822 0.992552
    outer loop
      vertex 98.5387 11.311 11.5151
      vertex 97.8918 11.2478 11.5073
      vertex 97.9 11.0824 11.487
    endloop
  endfacet
  facet normal -6.24479e-05 -0.12188 0.992545
    outer loop
      vertex 98.5048 11.5374 11.5429
      vertex 97.8673 11.4115 11.5274
      vertex 97.8918 11.2478 11.5073
    endloop
  endfacet
  facet normal -3.2056e-06 -0.121732 0.992563
    outer loop
      vertex 97.5141 12.1528 11.6185
      vertex 98.0166 12.5621 11.6687
      vertex 97.8617 12.7317 11.6895
    endloop
  endfacet
  facet normal 0.000114809 -0.122258 0.992498
    outer loop
      vertex 98.4488 11.7595 11.5702
      vertex 97.8268 11.5722 11.5472
      vertex 97.8673 11.4115 11.5274
    endloop
  endfacet
  facet normal -7.36857e-05 -0.121631 0.992575
    outer loop
      vertex 98.3711 11.975 11.5966
      vertex 97.7706 11.7281 11.5663
      vertex 97.8268 11.5722 11.5472
    endloop
  endfacet
  facet normal 0.000107388 -0.121944 0.992537
    outer loop
      vertex 98.2725 12.1819 11.622
      vertex 97.6993 11.8778 11.5847
      vertex 97.7706 11.7281 11.5663
    endloop
  endfacet
  facet normal 0.000100052 -0.121938 0.992538
    outer loop
      vertex 97.4021 12.2755 11.6335
      vertex 97.8617 12.7317 11.6895
      vertex 97.6908 12.8854 11.7084
    endloop
  endfacet
  facet normal -0.000109319 -0.121691 0.992568
    outer loop
      vertex 98.154 12.3782 11.6461
      vertex 97.6135 12.0198 11.6021
      vertex 97.6993 11.8778 11.5847
    endloop
  endfacet
  facet normal 0.000331586 -0.122137 0.992513
    outer loop
      vertex 98.0166 12.5621 11.6687
      vertex 97.5141 12.1528 11.6185
      vertex 97.6135 12.0198 11.6021
    endloop
  endfacet
  facet normal 0.000203587 -0.121971 0.992534
    outer loop
      vertex 97.2785 12.3867 11.6472
      vertex 97.6908 12.8854 11.7084
      vertex 97.5056 13.0218 11.7252
    endloop
  endfacet
  facet normal -0.00026041 -0.12158 0.992582
    outer loop
      vertex 97.8617 12.7317 11.6895
      vertex 97.4021 12.2755 11.6335
      vertex 97.5141 12.1528 11.6185
    endloop
  endfacet
  facet normal -0.000161924 -0.12181 0.992553
    outer loop
      vertex 97.1445 12.4853 11.6593
      vertex 97.5056 13.0218 11.7252
      vertex 97.3078 13.1394 11.7396
    endloop
  endfacet
  facet normal 0.000247008 -0.122006 0.992529
    outer loop
      vertex 97.6908 12.8854 11.7084
      vertex 97.2785 12.3867 11.6472
      vertex 97.4021 12.2755 11.6335
    endloop
  endfacet
  facet normal -5.62312e-05 -0.12188 0.992545
    outer loop
      vertex 97.5056 13.0218 11.7252
      vertex 97.1445 12.4853 11.6593
      vertex 97.2785 12.3867 11.6472
    endloop
  endfacet
  facet normal -0.000109598 -0.121893 0.992543
    outer loop
      vertex 97.0014 12.5705 11.6697
      vertex 97.3078 13.1394 11.7396
      vertex 97.0993 13.2373 11.7516
    endloop
  endfacet
  facet normal -0.000359303 -0.121761 0.992559
    outer loop
      vertex 97.3078 13.1394 11.7396
      vertex 97.0014 12.5705 11.6697
      vertex 97.1445 12.4853 11.6593
    endloop
  endfacet
  facet normal 0.000122124 -0.121953 0.992536
    outer loop
      vertex 96.8506 12.6413 11.6784
      vertex 97.0993 13.2373 11.7516
      vertex 96.8822 13.3144 11.7611
    endloop
  endfacet
  facet normal 2.43784e-05 -0.121913 0.992541
    outer loop
      vertex 97.0993 13.2373 11.7516
      vertex 96.8506 12.6413 11.6784
      vertex 97.0014 12.5705 11.6697
    endloop
  endfacet
  facet normal 0.000350836 -0.121964 0.992535
    outer loop
      vertex 96.8822 13.3144 11.7611
      vertex 96.6935 12.697 11.6853
      vertex 96.8506 12.6413 11.6784
    endloop
  endfacet
  facet normal -0.000107935 -0.121825 0.992552
    outer loop
      vertex 96.6585 13.37 11.7679
      vertex 96.6935 12.697 11.6853
      vertex 96.8822 13.3144 11.7611
    endloop
  endfacet
  facet normal -0.000287013 -0.121835 0.99255
    outer loop
      vertex 96.6585 13.37 11.7679
      vertex 96.5317 12.7373 11.6902
      vertex 96.6935 12.697 11.6853
    endloop
  endfacet
  facet normal -0.000111179 -0.121869 0.992546
    outer loop
      vertex 96.4303 13.4036 11.772
      vertex 96.5317 12.7373 11.6902
      vertex 96.6585 13.37 11.7679
    endloop
  endfacet
  facet normal 0.000103 -0.121837 0.99255
    outer loop
      vertex 96.4303 13.4036 11.772
      vertex 96.3666 12.7616 11.6932
      vertex 96.5317 12.7373 11.6902
    endloop
  endfacet
  facet normal 5.58497e-05 -0.121833 0.992551
    outer loop
      vertex 96.2 13.4149 11.7734
      vertex 96.3666 12.7616 11.6932
      vertex 96.4303 13.4036 11.772
    endloop
  endfacet
  facet normal 3.39806e-05 -0.121838 0.99255
    outer loop
      vertex 96.2 13.4149 11.7734
      vertex 96.2 12.7697 11.6942
      vertex 96.3666 12.7616 11.6932
    endloop
  endfacet
  facet normal -3.39806e-05 -0.121838 0.99255
    outer loop
      vertex 96.2 13.4149 11.7734
      vertex 96.0334 12.7616 11.6932
      vertex 96.2 12.7697 11.6942
    endloop
  endfacet
  facet normal -5.58497e-05 -0.121833 0.992551
    outer loop
      vertex 95.9697 13.4036 11.772
      vertex 96.0334 12.7616 11.6932
      vertex 96.2 13.4149 11.7734
    endloop
  endfacet
  facet normal -0.000103 -0.121837 0.99255
    outer loop
      vertex 95.9697 13.4036 11.772
      vertex 95.8683 12.7373 11.6902
      vertex 96.0334 12.7616 11.6932
    endloop
  endfacet
  facet normal 0.000111179 -0.121869 0.992546
    outer loop
      vertex 95.7415 13.37 11.7679
      vertex 95.8683 12.7373 11.6902
      vertex 95.9697 13.4036 11.772
    endloop
  endfacet
  facet normal 0.000287013 -0.121835 0.99255
    outer loop
      vertex 95.7415 13.37 11.7679
      vertex 95.7065 12.697 11.6853
      vertex 95.8683 12.7373 11.6902
    endloop
  endfacet
  facet normal 0.000107935 -0.121825 0.992552
    outer loop
      vertex 95.5178 13.3144 11.7611
      vertex 95.7065 12.697 11.6853
      vertex 95.7415 13.37 11.7679
    endloop
  endfacet
  facet normal -0.000350836 -0.121964 0.992535
    outer loop
      vertex 95.7065 12.697 11.6853
      vertex 95.5178 13.3144 11.7611
      vertex 95.5494 12.6413 11.6784
    endloop
  endfacet
  facet normal -0.000122124 -0.121953 0.992536
    outer loop
      vertex 95.3007 13.2373 11.7516
      vertex 95.5494 12.6413 11.6784
      vertex 95.5178 13.3144 11.7611
    endloop
  endfacet
  facet normal -2.43784e-05 -0.121913 0.992541
    outer loop
      vertex 95.5494 12.6413 11.6784
      vertex 95.3007 13.2373 11.7516
      vertex 95.3986 12.5705 11.6697
    endloop
  endfacet
  facet normal 0.000109598 -0.121893 0.992543
    outer loop
      vertex 95.0922 13.1394 11.7396
      vertex 95.3986 12.5705 11.6697
      vertex 95.3007 13.2373 11.7516
    endloop
  endfacet
  facet normal 0.000359303 -0.121761 0.992559
    outer loop
      vertex 95.3986 12.5705 11.6697
      vertex 95.0922 13.1394 11.7396
      vertex 95.2555 12.4853 11.6593
    endloop
  endfacet
  facet normal 0.000161924 -0.12181 0.992553
    outer loop
      vertex 94.8944 13.0218 11.7252
      vertex 95.2555 12.4853 11.6593
      vertex 95.0922 13.1394 11.7396
    endloop
  endfacet
  facet normal 5.62312e-05 -0.12188 0.992545
    outer loop
      vertex 95.2555 12.4853 11.6593
      vertex 94.8944 13.0218 11.7252
      vertex 95.1215 12.3867 11.6472
    endloop
  endfacet
  facet normal -0.000203587 -0.121971 0.992534
    outer loop
      vertex 94.7092 12.8854 11.7084
      vertex 95.1215 12.3867 11.6472
      vertex 94.8944 13.0218 11.7252
    endloop
  endfacet
  facet normal -0.000247008 -0.122006 0.992529
    outer loop
      vertex 95.1215 12.3867 11.6472
      vertex 94.7092 12.8854 11.7084
      vertex 94.9979 12.2755 11.6335
    endloop
  endfacet
  facet normal -0.000100052 -0.121938 0.992538
    outer loop
      vertex 94.5383 12.7317 11.6895
      vertex 94.9979 12.2755 11.6335
      vertex 94.7092 12.8854 11.7084
    endloop
  endfacet
  facet normal 0.00026041 -0.12158 0.992582
    outer loop
      vertex 94.9979 12.2755 11.6335
      vertex 94.5383 12.7317 11.6895
      vertex 94.8859 12.1528 11.6185
    endloop
  endfacet
  facet normal 3.2056e-06 -0.121732 0.992563
    outer loop
      vertex 94.3834 12.5621 11.6687
      vertex 94.8859 12.1528 11.6185
      vertex 94.5383 12.7317 11.6895
    endloop
  endfacet
  facet normal -0.000331586 -0.122137 0.992513
    outer loop
      vertex 94.8859 12.1528 11.6185
      vertex 94.3834 12.5621 11.6687
      vertex 94.7865 12.0198 11.6021
    endloop
  endfacet
  facet normal -5.50215e-05 -0.121935 0.992538
    outer loop
      vertex 94.246 12.3782 11.6461
      vertex 94.7865 12.0198 11.6021
      vertex 94.3834 12.5621 11.6687
    endloop
  endfacet
  facet normal 0.000109319 -0.121691 0.992568
    outer loop
      vertex 94.7865 12.0198 11.6021
      vertex 94.246 12.3782 11.6461
      vertex 94.7007 11.8778 11.5847
    endloop
  endfacet
  facet normal -4.55669e-05 -0.121829 0.992551
    outer loop
      vertex 94.1275 12.1819 11.622
      vertex 94.7007 11.8778 11.5847
      vertex 94.246 12.3782 11.6461
    endloop
  endfacet
  facet normal -0.000107388 -0.121944 0.992537
    outer loop
      vertex 94.7007 11.8778 11.5847
      vertex 94.1275 12.1819 11.622
      vertex 94.6294 11.7281 11.5663
    endloop
  endfacet
  facet normal -1.46289e-05 -0.121843 0.992549
    outer loop
      vertex 94.0289 11.975 11.5966
      vertex 94.6294 11.7281 11.5663
      vertex 94.1275 12.1819 11.622
    endloop
  endfacet
  facet normal 7.36857e-05 -0.121631 0.992575
    outer loop
      vertex 94.6294 11.7281 11.5663
      vertex 94.0289 11.975 11.5966
      vertex 94.5732 11.5722 11.5472
    endloop
  endfacet
  facet normal -0.000154286 -0.122178 0.992508
    outer loop
      vertex 97.7706 10.4367 11.4077
      vertex 98.3711 10.1898 11.3774
      vertex 97.8268 10.5926 11.4269
    endloop
  endfacet
  facet normal -2.48432e-06 -0.121814 0.992553
    outer loop
      vertex 98.3711 10.1898 11.3774
      vertex 97.7706 10.4367 11.4077
      vertex 98.2725 9.98284 11.352
    endloop
  endfacet
  facet normal 0.000301505 -0.121483 0.992594
    outer loop
      vertex 97.6993 10.287 11.3894
      vertex 98.2725 9.98284 11.352
      vertex 97.7706 10.4367 11.4077
    endloop
  endfacet
  facet normal 8.34093e-05 -0.121888 0.992544
    outer loop
      vertex 98.2725 9.98284 11.352
      vertex 97.6993 10.287 11.3894
      vertex 98.154 9.78651 11.3279
    endloop
  endfacet
  facet normal -0.000179254 -0.122123 0.992515
    outer loop
      vertex 97.6135 10.1449 11.3719
      vertex 98.154 9.78651 11.3279
      vertex 97.6993 10.287 11.3894
    endloop
  endfacet
  facet normal -6.82155e-05 -0.121958 0.992535
    outer loop
      vertex 98.154 9.78651 11.3279
      vertex 97.6135 10.1449 11.3719
      vertex 98.0166 9.60266 11.3053
    endloop
  endfacet
  facet normal 0.00017807 -0.121777 0.992557
    outer loop
      vertex 97.5141 10.0119 11.3556
      vertex 98.0166 9.60266 11.3053
      vertex 97.6135 10.1449 11.3719
    endloop
  endfacet
  facet normal 0.000128166 -0.121838 0.99255
    outer loop
      vertex 98.0166 9.60266 11.3053
      vertex 97.5141 10.0119 11.3556
      vertex 97.8617 9.43305 11.2845
    endloop
  endfacet
  facet normal -0.000186749 -0.122024 0.992527
    outer loop
      vertex 97.4021 9.88925 11.3405
      vertex 97.8617 9.43305 11.2845
      vertex 97.5141 10.0119 11.3556
    endloop
  endfacet
  facet normal -9.25657e-05 -0.121931 0.992539
    outer loop
      vertex 97.8617 9.43305 11.2845
      vertex 97.4021 9.88925 11.3405
      vertex 97.6908 9.27933 11.2656
    endloop
  endfacet
  facet normal 0.000320569 -0.121738 0.992562
    outer loop
      vertex 97.2785 9.77804 11.3269
      vertex 97.6908 9.27933 11.2656
      vertex 97.4021 9.88925 11.3405
    endloop
  endfacet
  facet normal 0.00019906 -0.121837 0.99255
    outer loop
      vertex 97.6908 9.27933 11.2656
      vertex 97.2785 9.77804 11.3269
      vertex 97.5056 9.14298 11.2489
    endloop
  endfacet
  facet normal 8.95052e-05 -0.121875 0.992545
    outer loop
      vertex 97.1445 9.6794 11.3148
      vertex 97.5056 9.14298 11.2489
      vertex 97.2785 9.77804 11.3269
    endloop
  endfacet
  facet normal 0.000204819 -0.121799 0.992555
    outer loop
      vertex 97.5056 9.14298 11.2489
      vertex 97.1445 9.6794 11.3148
      vertex 97.3078 9.0253 11.2345
    endloop
  endfacet
  facet normal -0.000303887 -0.121924 0.992539
    outer loop
      vertex 97.0014 9.59428 11.3043
      vertex 97.3078 9.0253 11.2345
      vertex 97.1445 9.6794 11.3148
    endloop
  endfacet
  facet normal -0.00035617 -0.121952 0.992536
    outer loop
      vertex 97.3078 9.0253 11.2345
      vertex 97.0014 9.59428 11.3043
      vertex 97.0993 8.92743 11.2224
    endloop
  endfacet
  facet normal -2.83933e-05 -0.121904 0.992542
    outer loop
      vertex 96.8506 9.52348 11.2956
      vertex 97.0993 8.92743 11.2224
      vertex 97.0014 9.59428 11.3043
    endloop
  endfacet
  facet normal 0.00027778 -0.121779 0.992557
    outer loop
      vertex 97.0993 8.92743 11.2224
      vertex 96.8506 9.52348 11.2956
      vertex 96.8822 8.85032 11.213
    endloop
  endfacet
  facet normal 0.000284022 -0.121778 0.992557
    outer loop
      vertex 96.6935 9.46769 11.2888
      vertex 96.8822 8.85032 11.213
      vertex 96.8506 9.52348 11.2956
    endloop
  endfacet
  facet normal -0.000292929 -0.121952 0.992536
    outer loop
      vertex 96.6935 9.46769 11.2888
      vertex 96.6585 8.7947 11.2061
      vertex 96.8822 8.85032 11.213
    endloop
  endfacet
  facet normal -0.000350254 -0.121949 0.992536
    outer loop
      vertex 96.5317 9.42746 11.2838
      vertex 96.6585 8.7947 11.2061
      vertex 96.6935 9.46769 11.2888
    endloop
  endfacet
  facet normal 0.000104339 -0.121859 0.992547
    outer loop
      vertex 96.5317 9.42746 11.2838
      vertex 96.4303 8.76111 11.202
      vertex 96.6585 8.7947 11.2061
    endloop
  endfacet
  facet normal -0.000104377 -0.121828 0.992551
    outer loop
      vertex 96.3666 9.40316 11.2808
      vertex 96.4303 8.76111 11.202
      vertex 96.5317 9.42746 11.2838
    endloop
  endfacet
  facet normal 0.000572646 -0.121762 0.992559
    outer loop
      vertex 96.2 9.39504 11.2799
      vertex 96.4303 8.76111 11.202
      vertex 96.3666 9.40316 11.2808
    endloop
  endfacet
  facet normal -8.4737e-05 -0.121997 0.99253
    outer loop
      vertex 96.2 9.39504 11.2799
      vertex 96.2 8.74988 11.2006
      vertex 96.4303 8.76111 11.202
    endloop
  endfacet
  facet normal -0.000584269 -0.121997 0.99253
    outer loop
      vertex 96.0334 9.40316 11.2808
      vertex 96.2 8.74988 11.2006
      vertex 96.2 9.39504 11.2799
    endloop
  endfacet
  facet normal 9.31631e-05 -0.121827 0.992551
    outer loop
      vertex 96.0334 9.40316 11.2808
      vertex 95.9697 8.76111 11.202
      vertex 96.2 8.74988 11.2006
    endloop
  endfacet
  facet normal 0.000104377 -0.121828 0.992551
    outer loop
      vertex 95.8683 9.42746 11.2838
      vertex 95.9697 8.76111 11.202
      vertex 96.0334 9.40316 11.2808
    endloop
  endfacet
  facet normal -0.000104339 -0.121859 0.992547
    outer loop
      vertex 95.8683 9.42746 11.2838
      vertex 95.7415 8.7947 11.2061
      vertex 95.9697 8.76111 11.202
    endloop
  endfacet
  facet normal 0.000350254 -0.121949 0.992536
    outer loop
      vertex 95.7065 9.46769 11.2888
      vertex 95.7415 8.7947 11.2061
      vertex 95.8683 9.42746 11.2838
    endloop
  endfacet
  facet normal -0.000284022 -0.121778 0.992557
    outer loop
      vertex 95.5178 8.85032 11.213
      vertex 95.7065 9.46769 11.2888
      vertex 95.5494 9.52348 11.2956
    endloop
  endfacet
  facet normal 0.000292929 -0.121952 0.992536
    outer loop
      vertex 95.7065 9.46769 11.2888
      vertex 95.5178 8.85032 11.213
      vertex 95.7415 8.7947 11.2061
    endloop
  endfacet
  facet normal 2.83933e-05 -0.121904 0.992542
    outer loop
      vertex 95.3007 8.92743 11.2224
      vertex 95.5494 9.52348 11.2956
      vertex 95.3986 9.59428 11.3043
    endloop
  endfacet
  facet normal -0.00027778 -0.121779 0.992557
    outer loop
      vertex 95.5494 9.52348 11.2956
      vertex 95.3007 8.92743 11.2224
      vertex 95.5178 8.85032 11.213
    endloop
  endfacet
  facet normal 0.000303887 -0.121924 0.992539
    outer loop
      vertex 95.0922 9.0253 11.2345
      vertex 95.3986 9.59428 11.3043
      vertex 95.2555 9.6794 11.3148
    endloop
  endfacet
  facet normal -8.95052e-05 -0.121875 0.992545
    outer loop
      vertex 94.8944 9.14298 11.2489
      vertex 95.2555 9.6794 11.3148
      vertex 95.1215 9.77804 11.3269
    endloop
  endfacet
  facet normal 0.00035617 -0.121952 0.992536
    outer loop
      vertex 95.3986 9.59428 11.3043
      vertex 95.0922 9.0253 11.2345
      vertex 95.3007 8.92743 11.2224
    endloop
  endfacet
  facet normal -0.000320569 -0.121738 0.992562
    outer loop
      vertex 94.7092 9.27933 11.2656
      vertex 95.1215 9.77804 11.3269
      vertex 94.9979 9.88925 11.3405
    endloop
  endfacet
  facet normal -0.000204819 -0.121799 0.992555
    outer loop
      vertex 95.2555 9.6794 11.3148
      vertex 94.8944 9.14298 11.2489
      vertex 95.0922 9.0253 11.2345
    endloop
  endfacet
  facet normal 0.000186749 -0.122024 0.992527
    outer loop
      vertex 94.5383 9.43305 11.2845
      vertex 94.9979 9.88925 11.3405
      vertex 94.8859 10.0119 11.3556
    endloop
  endfacet
  facet normal -0.00017807 -0.121777 0.992557
    outer loop
      vertex 94.3834 9.60266 11.3053
      vertex 94.8859 10.0119 11.3556
      vertex 94.7865 10.1449 11.3719
    endloop
  endfacet
  facet normal -0.00019906 -0.121837 0.99255
    outer loop
      vertex 95.1215 9.77804 11.3269
      vertex 94.7092 9.27933 11.2656
      vertex 94.8944 9.14298 11.2489
    endloop
  endfacet
  facet normal 0.000179254 -0.122123 0.992515
    outer loop
      vertex 94.246 9.78651 11.3279
      vertex 94.7865 10.1449 11.3719
      vertex 94.7007 10.287 11.3894
    endloop
  endfacet
  facet normal -0.000301505 -0.121483 0.992594
    outer loop
      vertex 94.1275 9.98284 11.352
      vertex 94.7007 10.287 11.3894
      vertex 94.6294 10.4367 11.4077
    endloop
  endfacet
  facet normal 0.000154286 -0.122178 0.992508
    outer loop
      vertex 94.0289 10.1898 11.3774
      vertex 94.6294 10.4367 11.4077
      vertex 94.5732 10.5926 11.4269
    endloop
  endfacet
  facet normal 9.25657e-05 -0.121931 0.992539
    outer loop
      vertex 94.9979 9.88925 11.3405
      vertex 94.5383 9.43305 11.2845
      vertex 94.7092 9.27933 11.2656
    endloop
  endfacet
  facet normal -3.68474e-05 -0.121762 0.992559
    outer loop
      vertex 93.9512 10.4053 11.4039
      vertex 94.5732 10.5926 11.4269
      vertex 94.5327 10.7532 11.4466
    endloop
  endfacet
  facet normal 7.45061e-05 -0.121786 0.992556
    outer loop
      vertex 93.8952 10.6273 11.4312
      vertex 94.5327 10.7532 11.4466
      vertex 94.5082 10.917 11.4667
    endloop
  endfacet
  facet normal 0.000105333 -0.121814 0.992553
    outer loop
      vertex 93.8613 10.8537 11.459
      vertex 94.5082 10.917 11.4667
      vertex 94.5 11.0824 11.487
    endloop
  endfacet
  facet normal 7.86878e-05 -0.121625 0.992576
    outer loop
      vertex 93.9512 11.7595 11.5702
      vertex 94.5732 11.5722 11.5472
      vertex 94.0289 11.975 11.5966
    endloop
  endfacet
  facet normal -0.000128166 -0.121838 0.99255
    outer loop
      vertex 94.8859 10.0119 11.3556
      vertex 94.3834 9.60266 11.3053
      vertex 94.5383 9.43305 11.2845
    endloop
  endfacet
  facet normal -0.000114809 -0.122258 0.992498
    outer loop
      vertex 94.5732 11.5722 11.5472
      vertex 93.9512 11.7595 11.5702
      vertex 94.5327 11.4115 11.5274
    endloop
  endfacet
  facet normal 6.82155e-05 -0.121958 0.992535
    outer loop
      vertex 94.7865 10.1449 11.3719
      vertex 94.246 9.78651 11.3279
      vertex 94.3834 9.60266 11.3053
    endloop
  endfacet
  facet normal 3.65924e-05 -0.122009 0.992529
    outer loop
      vertex 93.8952 11.5374 11.5429
      vertex 94.5327 11.4115 11.5274
      vertex 93.9512 11.7595 11.5702
    endloop
  endfacet
  facet normal -8.34093e-05 -0.121888 0.992544
    outer loop
      vertex 94.7007 10.287 11.3894
      vertex 94.1275 9.98284 11.352
      vertex 94.246 9.78651 11.3279
    endloop
  endfacet
  facet normal 6.24479e-05 -0.12188 0.992545
    outer loop
      vertex 94.5327 11.4115 11.5274
      vertex 93.8952 11.5374 11.5429
      vertex 94.5082 11.2478 11.5073
    endloop
  endfacet
  facet normal 2.48432e-06 -0.121814 0.992553
    outer loop
      vertex 94.6294 10.4367 11.4077
      vertex 94.0289 10.1898 11.3774
      vertex 94.1275 9.98284 11.352
    endloop
  endfacet
  facet normal 5.98463e-05 -0.121885 0.992544
    outer loop
      vertex 93.8613 11.311 11.5151
      vertex 94.5082 11.2478 11.5073
      vertex 93.8952 11.5374 11.5429
    endloop
  endfacet
  facet normal 4.64221e-05 -0.122034 0.992526
    outer loop
      vertex 94.5732 10.5926 11.4269
      vertex 93.9512 10.4053 11.4039
      vertex 94.0289 10.1898 11.3774
    endloop
  endfacet
  facet normal 6.6099e-05 -0.121822 0.992552
    outer loop
      vertex 94.5082 11.2478 11.5073
      vertex 93.8613 11.311 11.5151
      vertex 94.5 11.0824 11.487
    endloop
  endfacet
  facet normal 0.000122049 -0.122023 0.992527
    outer loop
      vertex 94.5327 10.7532 11.4466
      vertex 93.8952 10.6273 11.4312
      vertex 93.9512 10.4053 11.4039
    endloop
  endfacet
  facet normal 0 -0.122004 0.99253
    outer loop
      vertex 93.85 11.0824 11.487
      vertex 94.5 11.0824 11.487
      vertex 93.8613 11.311 11.5151
    endloop
  endfacet
  facet normal 0.000109939 -0.12186 0.992547
    outer loop
      vertex 94.5082 10.917 11.4667
      vertex 93.8613 10.8537 11.459
      vertex 93.8952 10.6273 11.4312
    endloop
  endfacet
  facet normal 0 -0.121524 0.992589
    outer loop
      vertex 94.5 11.0824 11.487
      vertex 93.85 11.0824 11.487
      vertex 93.8613 10.8537 11.459
    endloop
  endfacet
  facet normal 0.803164 0.591318 0.0726048
    outer loop
      vertex 94.246 9.29903 15.2981
      vertex 94.3834 9.60266 11.3053
      vertex 94.246 9.78651 11.3279
    endloop
  endfacet
  facet normal 0.803164 0.591318 0.0726048
    outer loop
      vertex 94.3834 9.60266 11.3053
      vertex 94.246 9.29903 15.2981
      vertex 94.3834 9.11518 15.2755
    endloop
  endfacet
  facet normal 0.998799 -0.0486378 -0.00597223
    outer loop
      vertex 93.8613 10.8235 15.4853
      vertex 93.85 11.0824 11.487
      vertex 93.8613 11.311 11.5151
    endloop
  endfacet
  facet normal 0.998799 -0.0486378 -0.00597223
    outer loop
      vertex 93.85 11.0824 11.487
      vertex 93.8613 10.8235 15.4853
      vertex 93.85 10.5949 15.4572
    endloop
  endfacet
  facet normal -0.740902 0.666607 0.0818492
    outer loop
      vertex 97.8617 9.43305 11.2845
      vertex 98.0166 9.11518 15.2755
      vertex 98.0166 9.60266 11.3053
    endloop
  endfacet
  facet normal -0.740902 0.666607 0.0818492
    outer loop
      vertex 98.0166 9.11518 15.2755
      vertex 97.8617 9.43305 11.2845
      vertex 97.8617 8.94557 15.2547
    endloop
  endfacet
  facet normal 0.90396 -0.424429 -0.0521104
    outer loop
      vertex 94.7007 11.8778 11.5847
      vertex 94.6294 13.1284 0.161956
      vertex 94.7007 13.278 0.180336
    endloop
  endfacet
  facet normal 0.904072 -0.424195 -0.0520854
    outer loop
      vertex 94.6294 13.1284 0.161956
      vertex 94.7007 11.8778 11.5847
      vertex 94.6294 11.7281 11.5663
    endloop
  endfacet
  facet normal -0.989159 -0.145754 -0.0178967
    outer loop
      vertex 97.8918 12.648 0.10298
      vertex 97.8673 11.4115 11.5274
      vertex 97.8673 12.8118 0.123091
    endloop
  endfacet
  facet normal -0.989146 -0.145841 -0.0179061
    outer loop
      vertex 97.8673 11.4115 11.5274
      vertex 97.8918 12.648 0.10298
      vertex 97.8918 11.2478 11.5073
    endloop
  endfacet
  facet normal -0.998792 -0.0487815 -0.0059893
    outer loop
      vertex 97.9 12.4826 0.0826729
      vertex 97.8918 11.2478 11.5073
      vertex 97.8918 12.648 0.10298
    endloop
  endfacet
  facet normal -0.998792 -0.0487818 -0.00598933
    outer loop
      vertex 97.8918 11.2478 11.5073
      vertex 97.9 12.4826 0.0826729
      vertex 97.9 11.0824 11.487
    endloop
  endfacet
  facet normal -0.970109 -0.24086 -0.0295742
    outer loop
      vertex 97.8673 12.8118 0.123091
      vertex 97.8268 11.5722 11.5472
      vertex 97.8268 12.9725 0.142813
    endloop
  endfacet
  facet normal -0.970113 -0.240846 -0.0295728
    outer loop
      vertex 97.8268 11.5722 11.5472
      vertex 97.8673 12.8118 0.123091
      vertex 97.8673 11.4115 11.5274
    endloop
  endfacet
  facet normal -0.146697 -0.981809 -0.120544
    outer loop
      vertex 96.3666 14.1618 0.288853
      vertex 96.5317 12.7373 11.6902
      vertex 96.3666 12.7616 11.6932
    endloop
  endfacet
  facet normal -0.146102 -0.981895 -0.120564
    outer loop
      vertex 96.5317 12.7373 11.6902
      vertex 96.3666 14.1618 0.288853
      vertex 96.5317 14.1376 0.28587
    endloop
  endfacet
  facet normal 0.146697 -0.981809 -0.120544
    outer loop
      vertex 95.8683 12.7373 11.6902
      vertex 96.0334 14.1618 0.288853
      vertex 96.0334 12.7616 11.6932
    endloop
  endfacet
  facet normal 0.146102 -0.981895 -0.120564
    outer loop
      vertex 96.0334 14.1618 0.288853
      vertex 95.8683 12.7373 11.6902
      vertex 95.8683 14.1376 0.28587
    endloop
  endfacet
  facet normal -0.803151 -0.591335 -0.0726076
    outer loop
      vertex 97.6135 13.4201 0.197775
      vertex 97.5141 12.1528 11.6185
      vertex 97.5141 13.5531 0.214105
    endloop
  endfacet
  facet normal -0.803169 -0.59131 -0.0726051
    outer loop
      vertex 97.5141 12.1528 11.6185
      vertex 97.6135 13.4201 0.197775
      vertex 97.6135 12.0198 11.6021
    endloop
  endfacet
  facet normal -0.514078 0.85135 0.104534
    outer loop
      vertex 97.1445 11.0687 0
      vertex 97.0014 9.59428 11.3043
      vertex 97.1445 9.6794 11.3148
    endloop
  endfacet
  facet normal -0.514037 0.851374 0.104538
    outer loop
      vertex 97.0014 9.59428 11.3043
      vertex 97.1445 11.0687 0
      vertex 97.0014 10.9823 0
    endloop
  endfacet
  facet normal -0.595539 -0.797339 -0.0979023
    outer loop
      vertex 97.1445 13.8856 0.254935
      vertex 97.2785 12.3867 11.6472
      vertex 97.1445 12.4853 11.6593
    endloop
  endfacet
  facet normal -0.595544 -0.797335 -0.0979017
    outer loop
      vertex 97.2785 12.3867 11.6472
      vertex 97.1445 13.8856 0.254935
      vertex 97.2785 13.787 0.242824
    endloop
  endfacet
  facet normal -0.99879 0.0488105 0.00599286
    outer loop
      vertex 97.8918 12.3173 0.0623659
      vertex 97.9 11.0824 11.487
      vertex 97.9 12.4826 0.0826729
    endloop
  endfacet
  facet normal -0.998792 0.0487817 0.00598975
    outer loop
      vertex 97.9 11.0824 11.487
      vertex 97.8918 12.3173 0.0623659
      vertex 97.8918 10.917 11.4667
    endloop
  endfacet
  facet normal 0.243364 -0.962705 -0.118207
    outer loop
      vertex 95.7065 12.697 11.6853
      vertex 95.8683 14.1376 0.28587
      vertex 95.8683 12.7373 11.6902
    endloop
  endfacet
  facet normal 0.243391 -0.962698 -0.118206
    outer loop
      vertex 95.8683 14.1376 0.28587
      vertex 95.7065 12.697 11.6853
      vertex 95.7065 14.0973 0.28093
    endloop
  endfacet
  facet normal 0.803151 -0.591335 -0.0726076
    outer loop
      vertex 94.8859 12.1528 11.6185
      vertex 94.7865 13.4201 0.197775
      vertex 94.8859 13.5531 0.214105
    endloop
  endfacet
  facet normal 0.803169 -0.59131 -0.0726051
    outer loop
      vertex 94.7865 13.4201 0.197775
      vertex 94.8859 12.1528 11.6185
      vertex 94.7865 12.0198 11.6021
    endloop
  endfacet
  facet normal 0.427756 0.897157 0.110157
    outer loop
      vertex 95.3986 10.9823 0
      vertex 95.5494 9.52348 11.2956
      vertex 95.5494 10.9104 0
    endloop
  endfacet
  facet normal 0.427601 0.897229 0.110168
    outer loop
      vertex 95.5494 9.52348 11.2956
      vertex 95.3986 10.9823 0
      vertex 95.3986 9.59428 11.3043
    endloop
  endfacet
  facet normal -0.427601 -0.89723 -0.11016
    outer loop
      vertex 96.8506 14.0415 0.27408
      vertex 97.0014 12.5705 11.6697
      vertex 96.8506 12.6413 11.6784
    endloop
  endfacet
  facet normal -0.427597 -0.897232 -0.11016
    outer loop
      vertex 97.0014 12.5705 11.6697
      vertex 96.8506 14.0415 0.27408
      vertex 97.0014 13.9707 0.265387
    endloop
  endfacet
  facet normal 0.989159 0.145754 0.0178966
    outer loop
      vertex 94.5082 10.917 11.4667
      vertex 94.5327 12.1535 0.0422545
      vertex 94.5082 12.3173 0.0623659
    endloop
  endfacet
  facet normal 0.989159 0.145755 0.0178967
    outer loop
      vertex 94.5327 12.1535 0.0422545
      vertex 94.5082 10.917 11.4667
      vertex 94.5327 10.7532 11.4466
    endloop
  endfacet
  facet normal -0.671605 0.735387 0.0902949
    outer loop
      vertex 97.4021 11.2817 0
      vertex 97.2785 9.77804 11.3269
      vertex 97.4021 9.88925 11.3405
    endloop
  endfacet
  facet normal -0.671671 0.735328 0.0902863
    outer loop
      vertex 97.2785 9.77804 11.3269
      vertex 97.4021 11.2817 0
      vertex 97.2785 11.1688 0
    endloop
  endfacet
  facet normal 0.427601 -0.89723 -0.11016
    outer loop
      vertex 95.3986 12.5705 11.6697
      vertex 95.5494 14.0415 0.27408
      vertex 95.5494 12.6413 11.6784
    endloop
  endfacet
  facet normal 0.427597 -0.897232 -0.11016
    outer loop
      vertex 95.5494 14.0415 0.27408
      vertex 95.3986 12.5705 11.6697
      vertex 95.3986 13.9707 0.265387
    endloop
  endfacet
  facet normal -0.970109 0.24086 0.0295743
    outer loop
      vertex 97.8268 11.9928 0.0225323
      vertex 97.8673 10.7532 11.4466
      vertex 97.8673 12.1535 0.0422545
    endloop
  endfacet
  facet normal -0.970073 0.241003 0.0295897
    outer loop
      vertex 97.8673 10.7532 11.4466
      vertex 97.8268 11.9928 0.0225323
      vertex 97.8268 10.5926 11.4269
    endloop
  endfacet
  facet normal -0.24304 0.962786 0.118217
    outer loop
      vertex 96.6935 10.8538 0
      vertex 96.5317 9.42746 11.2838
      vertex 96.6935 9.46769 11.2888
    endloop
  endfacet
  facet normal -0.243355 0.962708 0.118203
    outer loop
      vertex 96.5317 9.42746 11.2838
      vertex 96.6935 10.8538 0
      vertex 96.5317 10.8129 0
    endloop
  endfacet
  facet normal 0.989159 -0.145754 -0.0178967
    outer loop
      vertex 94.5327 11.4115 11.5274
      vertex 94.5082 12.648 0.10298
      vertex 94.5327 12.8118 0.123091
    endloop
  endfacet
  facet normal 0.989146 -0.145841 -0.0179061
    outer loop
      vertex 94.5082 12.648 0.10298
      vertex 94.5327 11.4115 11.5274
      vertex 94.5082 11.2478 11.5073
    endloop
  endfacet
  facet normal -0.941546 -0.334374 -0.0410566
    outer loop
      vertex 97.8268 12.9725 0.142813
      vertex 97.7706 11.7281 11.5663
      vertex 97.7706 13.1284 0.161956
    endloop
  endfacet
  facet normal -0.941542 -0.334384 -0.0410577
    outer loop
      vertex 97.7706 11.7281 11.5663
      vertex 97.8268 12.9725 0.142813
      vertex 97.8268 11.5722 11.5472
    endloop
  endfacet
  facet normal 0.514037 0.851374 0.104538
    outer loop
      vertex 95.2555 11.0687 0
      vertex 95.3986 9.59428 11.3043
      vertex 95.3986 10.9823 0
    endloop
  endfacet
  facet normal 0.514078 0.85135 0.104534
    outer loop
      vertex 95.3986 9.59428 11.3043
      vertex 95.2555 11.0687 0
      vertex 95.2555 9.6794 11.3148
    endloop
  endfacet
  facet normal 0.970109 -0.24086 -0.0295742
    outer loop
      vertex 94.5732 11.5722 11.5472
      vertex 94.5327 12.8118 0.123091
      vertex 94.5732 12.9725 0.142813
    endloop
  endfacet
  facet normal 0.970113 -0.240846 -0.0295728
    outer loop
      vertex 94.5327 12.8118 0.123091
      vertex 94.5732 11.5722 11.5472
      vertex 94.5327 11.4115 11.5274
    endloop
  endfacet
  facet normal -0.80314 0.591349 0.0726089
    outer loop
      vertex 97.5141 11.4062 0
      vertex 97.6135 10.1449 11.3719
      vertex 97.6135 11.5412 0
    endloop
  endfacet
  facet normal -0.803143 0.591345 0.0726085
    outer loop
      vertex 97.6135 10.1449 11.3719
      vertex 97.5141 11.4062 0
      vertex 97.5141 10.0119 11.3556
    endloop
  endfacet
  facet normal 0.595594 0.797298 0.0978971
    outer loop
      vertex 95.1215 11.1688 0
      vertex 95.2555 9.6794 11.3148
      vertex 95.2555 11.0687 0
    endloop
  endfacet
  facet normal 0.595692 0.797226 0.0978864
    outer loop
      vertex 95.2555 9.6794 11.3148
      vertex 95.1215 11.1688 0
      vertex 95.1215 9.77804 11.3269
    endloop
  endfacet
  facet normal 0.336714 0.934588 0.114755
    outer loop
      vertex 95.5494 10.9104 0
      vertex 95.7065 9.46769 11.2888
      vertex 95.7065 10.8538 0
    endloop
  endfacet
  facet normal 0.336845 0.934542 0.114747
    outer loop
      vertex 95.7065 9.46769 11.2888
      vertex 95.5494 10.9104 0
      vertex 95.5494 9.52348 11.2956
    endloop
  endfacet
  facet normal -0.336435 -0.934687 -0.114767
    outer loop
      vertex 96.6935 14.0973 0.28093
      vertex 96.8506 12.6413 11.6784
      vertex 96.6935 12.697 11.6853
    endloop
  endfacet
  facet normal -0.33693 -0.934512 -0.114738
    outer loop
      vertex 96.8506 12.6413 11.6784
      vertex 96.6935 14.0973 0.28093
      vertex 96.8506 14.0415 0.27408
    endloop
  endfacet
  facet normal 0.740948 0.666556 0.0818432
    outer loop
      vertex 94.8859 10.0119 11.3556
      vertex 94.9979 11.2817 0
      vertex 94.8859 11.4062 0
    endloop
  endfacet
  facet normal 0.740959 0.666544 0.081842
    outer loop
      vertex 94.9979 11.2817 0
      vertex 94.8859 10.0119 11.3556
      vertex 94.9979 9.88925 11.3405
    endloop
  endfacet
  facet normal -0.514374 -0.851174 -0.104506
    outer loop
      vertex 97.0014 13.9707 0.265387
      vertex 97.1445 12.4853 11.6593
      vertex 97.0014 12.5705 11.6697
    endloop
  endfacet
  facet normal -0.513964 -0.851417 -0.104542
    outer loop
      vertex 97.1445 12.4853 11.6593
      vertex 97.0014 13.9707 0.265387
      vertex 97.1445 13.8856 0.254935
    endloop
  endfacet
  facet normal 0.336435 -0.934687 -0.114767
    outer loop
      vertex 95.5494 12.6413 11.6784
      vertex 95.7065 14.0973 0.28093
      vertex 95.7065 12.697 11.6853
    endloop
  endfacet
  facet normal 0.33693 -0.934512 -0.114738
    outer loop
      vertex 95.7065 14.0973 0.28093
      vertex 95.5494 12.6413 11.6784
      vertex 95.5494 14.0415 0.27408
    endloop
  endfacet
  facet normal 0.903261 0.423563 0.0686576
    outer loop
      vertex 94.6294 11.8369 0.00338935
      vertex 94.7007 11.6854 0
      vertex 94.6426 11.8093 0
    endloop
  endfacet
  facet normal 0.904025 0.424293 0.0520939
    outer loop
      vertex 94.6294 10.4367 11.4077
      vertex 94.7007 11.6854 0
      vertex 94.6294 11.8369 0.00338935
    endloop
  endfacet
  facet normal 0.904059 0.424223 0.0520865
    outer loop
      vertex 94.7007 11.6854 0
      vertex 94.6294 10.4367 11.4077
      vertex 94.7007 10.287 11.3894
    endloop
  endfacet
  facet normal 0.941546 0.334374 0.0410537
    outer loop
      vertex 94.5732 10.5926 11.4269
      vertex 94.6294 11.8369 0.00338935
      vertex 94.5732 11.9928 0.0225323
    endloop
  endfacet
  facet normal 0.94155 0.334361 0.0410523
    outer loop
      vertex 94.6294 11.8369 0.00338935
      vertex 94.5732 10.5926 11.4269
      vertex 94.6294 10.4367 11.4077
    endloop
  endfacet
  facet normal -0.90396 -0.424429 -0.0521104
    outer loop
      vertex 97.7706 13.1284 0.161956
      vertex 97.6993 11.8778 11.5847
      vertex 97.6993 13.278 0.180336
    endloop
  endfacet
  facet normal -0.904072 -0.424195 -0.0520854
    outer loop
      vertex 97.6993 11.8778 11.5847
      vertex 97.7706 13.1284 0.161956
      vertex 97.7706 11.7281 11.5663
    endloop
  endfacet
  facet normal 0.970109 0.24086 0.0295743
    outer loop
      vertex 94.5327 10.7532 11.4466
      vertex 94.5732 11.9928 0.0225323
      vertex 94.5327 12.1535 0.0422545
    endloop
  endfacet
  facet normal 0.970073 0.241003 0.0295897
    outer loop
      vertex 94.5732 11.9928 0.0225323
      vertex 94.5327 10.7532 11.4466
      vertex 94.5732 10.5926 11.4269
    endloop
  endfacet
  facet normal 0.595539 -0.797339 -0.0979023
    outer loop
      vertex 95.1215 12.3867 11.6472
      vertex 95.2555 13.8856 0.254935
      vertex 95.2555 12.4853 11.6593
    endloop
  endfacet
  facet normal 0.595544 -0.797335 -0.0979017
    outer loop
      vertex 95.2555 13.8856 0.254935
      vertex 95.1215 12.3867 11.6472
      vertex 95.1215 13.787 0.242824
    endloop
  endfacet
  facet normal 0.671671 0.735328 0.0902863
    outer loop
      vertex 94.9979 11.2817 0
      vertex 95.1215 9.77804 11.3269
      vertex 95.1215 11.1688 0
    endloop
  endfacet
  facet normal 0.671605 0.735387 0.0902949
    outer loop
      vertex 95.1215 9.77804 11.3269
      vertex 94.9979 11.2817 0
      vertex 94.9979 9.88925 11.3405
    endloop
  endfacet
  facet normal 0.146299 0.981866 0.120561
    outer loop
      vertex 95.8683 10.8129 0
      vertex 96.0334 9.40316 11.2808
      vertex 96.0334 10.7883 0
    endloop
  endfacet
  facet normal 0.146697 0.981809 0.120548
    outer loop
      vertex 96.0334 9.40316 11.2808
      vertex 95.8683 10.8129 0
      vertex 95.8683 9.42746 11.2838
    endloop
  endfacet
  facet normal -0.00073722 -0.121897 0.992543
    outer loop
      vertex 97.8918 12.648 0.10298
      vertex 97.8918 12.3173 0.0623659
      vertex 97.9 12.4826 0.0826729
    endloop
  endfacet
  facet normal -0.000230537 -0.121897 0.992543
    outer loop
      vertex 97.8673 12.8118 0.123091
      vertex 97.8918 12.3173 0.0623659
      vertex 97.8918 12.648 0.10298
    endloop
  endfacet
  facet normal 0.000103639 -0.12188 0.992545
    outer loop
      vertex 97.8673 12.8118 0.123091
      vertex 97.8673 12.1535 0.0422545
      vertex 97.8918 12.3173 0.0623659
    endloop
  endfacet
  facet normal -0.000276715 -0.12188 0.992545
    outer loop
      vertex 97.8268 12.9725 0.142813
      vertex 97.8673 12.1535 0.0422545
      vertex 97.8673 12.8118 0.123091
    endloop
  endfacet
  facet normal 0.000181839 -0.121858 0.992548
    outer loop
      vertex 97.8268 12.9725 0.142813
      vertex 97.8268 11.9928 0.0225323
      vertex 97.8673 12.1535 0.0422545
    endloop
  endfacet
  facet normal 4.75185e-05 -0.121858 0.992548
    outer loop
      vertex 97.7706 13.1284 0.161956
      vertex 97.8268 11.9928 0.0225323
      vertex 97.8268 12.9725 0.142813
    endloop
  endfacet
  facet normal -3.82095e-05 -0.121862 0.992547
    outer loop
      vertex 97.7574 11.8093 0
      vertex 97.8268 11.9928 0.0225323
      vertex 97.7706 13.1284 0.161956
    endloop
  endfacet
  facet normal -0.000106245 -0.121837 0.99255
    outer loop
      vertex 97.8268 11.9928 0.0225323
      vertex 97.7574 11.8093 0
      vertex 97.7706 11.8369 0.00338935
    endloop
  endfacet
  facet normal 0.000169931 -0.121864 0.992547
    outer loop
      vertex 97.6993 13.278 0.180336
      vertex 97.7574 11.8093 0
      vertex 97.7706 13.1284 0.161956
    endloop
  endfacet
  facet normal -0.0001103 -0.121875 0.992545
    outer loop
      vertex 97.6135 13.4201 0.197775
      vertex 97.7574 11.8093 0
      vertex 97.6993 13.278 0.180336
    endloop
  endfacet
  facet normal 2.03473e-06 -0.121865 0.992547
    outer loop
      vertex 97.5141 13.5531 0.214105
      vertex 97.7574 11.8093 0
      vertex 97.6135 13.4201 0.197775
    endloop
  endfacet
  facet normal -2.01866e-06 -0.121866 0.992547
    outer loop
      vertex 97.4021 13.6758 0.22917
      vertex 97.7574 11.8093 0
      vertex 97.5141 13.5531 0.214105
    endloop
  endfacet
  facet normal 7.71963e-06 -0.121864 0.992547
    outer loop
      vertex 97.2785 13.787 0.242824
      vertex 97.7574 11.8093 0
      vertex 97.4021 13.6758 0.22917
    endloop
  endfacet
  facet normal 4.31956e-05 -0.121856 0.992548
    outer loop
      vertex 97.1445 13.8856 0.254935
      vertex 97.7574 11.8093 0
      vertex 97.2785 13.787 0.242824
    endloop
  endfacet
  facet normal 2.64145e-05 -0.12186 0.992547
    outer loop
      vertex 97.0014 13.9707 0.265387
      vertex 97.7574 11.8093 0
      vertex 97.1445 13.8856 0.254935
    endloop
  endfacet
  facet normal -1.27304e-06 -0.12187 0.992546
    outer loop
      vertex 96.8506 14.0415 0.27408
      vertex 97.7574 11.8093 0
      vertex 97.0014 13.9707 0.265387
    endloop
  endfacet
  facet normal -1.02338e-05 -0.121874 0.992546
    outer loop
      vertex 96.6935 14.0973 0.28093
      vertex 97.7574 11.8093 0
      vertex 96.8506 14.0415 0.27408
    endloop
  endfacet
  facet normal -5.6883e-05 -0.121895 0.992543
    outer loop
      vertex 96.5317 14.1376 0.28587
      vertex 97.7574 11.8093 0
      vertex 96.6935 14.0973 0.28093
    endloop
  endfacet
  facet normal 7.62863e-05 -0.121826 0.992551
    outer loop
      vertex 96.3666 14.1618 0.288853
      vertex 97.7574 11.8093 0
      vertex 96.5317 14.1376 0.28587
    endloop
  endfacet
  facet normal -5.42531e-05 -0.121902 0.992542
    outer loop
      vertex 96.2 14.17 0.289851
      vertex 97.7574 11.8093 0
      vertex 96.3666 14.1618 0.288853
    endloop
  endfacet
  facet normal 5.0841e-05 -0.121834 0.992551
    outer loop
      vertex 96.0334 14.1618 0.288853
      vertex 97.7574 11.8093 0
      vertex 96.2 14.17 0.289851
    endloop
  endfacet
  facet normal -6.29164e-05 -0.121916 0.99254
    outer loop
      vertex 95.8683 14.1376 0.28587
      vertex 97.7574 11.8093 0
      vertex 96.0334 14.1618 0.288853
    endloop
  endfacet
  facet normal 4.11158e-05 -0.121833 0.992551
    outer loop
      vertex 95.7065 14.0973 0.28093
      vertex 97.7574 11.8093 0
      vertex 95.8683 14.1376 0.28587
    endloop
  endfacet
  facet normal 6.48035e-06 -0.121863 0.992547
    outer loop
      vertex 95.5494 14.0415 0.27408
      vertex 97.7574 11.8093 0
      vertex 95.7065 14.0973 0.28093
    endloop
  endfacet
  facet normal 7.03522e-07 -0.121869 0.992546
    outer loop
      vertex 95.3986 13.9707 0.265387
      vertex 97.7574 11.8093 0
      vertex 95.5494 14.0415 0.27408
    endloop
  endfacet
  facet normal -1.26865e-05 -0.121883 0.992544
    outer loop
      vertex 95.2555 13.8856 0.254935
      vertex 97.7574 11.8093 0
      vertex 95.3986 13.9707 0.265387
    endloop
  endfacet
  facet normal -1.79223e-05 -0.121889 0.992544
    outer loop
      vertex 95.1215 13.787 0.242824
      vertex 97.7574 11.8093 0
      vertex 95.2555 13.8856 0.254935
    endloop
  endfacet
  facet normal -2.74561e-06 -0.121869 0.992546
    outer loop
      vertex 94.9979 13.6758 0.22917
      vertex 97.7574 11.8093 0
      vertex 95.1215 13.787 0.242824
    endloop
  endfacet
  facet normal 6.09877e-07 -0.121865 0.992547
    outer loop
      vertex 94.8859 13.5531 0.214105
      vertex 97.7574 11.8093 0
      vertex 94.9979 13.6758 0.22917
    endloop
  endfacet
  facet normal -5.16613e-07 -0.121866 0.992547
    outer loop
      vertex 94.7865 13.4201 0.197775
      vertex 97.7574 11.8093 0
      vertex 94.8859 13.5531 0.214105
    endloop
  endfacet
  facet normal 2.3179e-05 -0.121823 0.992552
    outer loop
      vertex 94.7007 13.278 0.180336
      vertex 97.7574 11.8093 0
      vertex 94.7865 13.4201 0.197775
    endloop
  endfacet
  facet normal 0 -0.121871 0.992546
    outer loop
      vertex 94.7007 13.278 0.180336
      vertex 94.6426 11.8093 0
      vertex 97.7574 11.8093 0
    endloop
  endfacet
  facet normal -0.000169931 -0.121864 0.992547
    outer loop
      vertex 94.6294 13.1284 0.161956
      vertex 94.6426 11.8093 0
      vertex 94.7007 13.278 0.180336
    endloop
  endfacet
  facet normal -3.37518e-05 -0.121863 0.992547
    outer loop
      vertex 94.5732 12.9725 0.142813
      vertex 94.6426 11.8093 0
      vertex 94.6294 13.1284 0.161956
    endloop
  endfacet
  facet normal 4.94274e-05 -0.121858 0.992548
    outer loop
      vertex 94.5732 11.9928 0.0225323
      vertex 94.6426 11.8093 0
      vertex 94.5732 12.9725 0.142813
    endloop
  endfacet
  facet normal 0.000106245 -0.121837 0.99255
    outer loop
      vertex 94.6426 11.8093 0
      vertex 94.5732 11.9928 0.0225323
      vertex 94.6294 11.8369 0.00338935
    endloop
  endfacet
  facet normal 0.00018674 -0.121858 0.992548
    outer loop
      vertex 94.5327 12.8118 0.123091
      vertex 94.5732 11.9928 0.0225323
      vertex 94.5732 12.9725 0.142813
    endloop
  endfacet
  facet normal -0.000271813 -0.12188 0.992545
    outer loop
      vertex 94.5327 12.8118 0.123091
      vertex 94.5327 12.1535 0.0422545
      vertex 94.5732 11.9928 0.0225323
    endloop
  endfacet
  facet normal 0.000119844 -0.12188 0.992545
    outer loop
      vertex 94.5082 12.648 0.10298
      vertex 94.5327 12.1535 0.0422545
      vertex 94.5327 12.8118 0.123091
    endloop
  endfacet
  facet normal -0.000214332 -0.121897 0.992543
    outer loop
      vertex 94.5082 12.648 0.10298
      vertex 94.5082 12.3173 0.0623659
      vertex 94.5327 12.1535 0.0422545
    endloop
  endfacet
  facet normal 0.00073722 -0.121897 0.992543
    outer loop
      vertex 94.5082 12.3173 0.0623659
      vertex 94.5082 12.648 0.10298
      vertex 94.5 12.4826 0.0826729
    endloop
  endfacet
  facet normal -0.740948 0.666556 0.0818432
    outer loop
      vertex 97.4021 11.2817 0
      vertex 97.5141 10.0119 11.3556
      vertex 97.5141 11.4062 0
    endloop
  endfacet
  facet normal -0.740959 0.666544 0.081842
    outer loop
      vertex 97.5141 10.0119 11.3556
      vertex 97.4021 11.2817 0
      vertex 97.4021 9.88925 11.3405
    endloop
  endfacet
  facet normal -0.146697 0.981809 0.120548
    outer loop
      vertex 96.5317 10.8129 0
      vertex 96.3666 9.40316 11.2808
      vertex 96.5317 9.42746 11.2838
    endloop
  endfacet
  facet normal -0.146299 0.981866 0.120561
    outer loop
      vertex 96.3666 9.40316 11.2808
      vertex 96.5317 10.8129 0
      vertex 96.3666 10.7883 0
    endloop
  endfacet
  facet normal 0.514374 -0.851174 -0.104506
    outer loop
      vertex 95.2555 12.4853 11.6593
      vertex 95.3986 13.9707 0.265387
      vertex 95.3986 12.5705 11.6697
    endloop
  endfacet
  facet normal 0.513964 -0.851417 -0.104542
    outer loop
      vertex 95.3986 13.9707 0.265387
      vertex 95.2555 12.4853 11.6593
      vertex 95.2555 13.8856 0.254935
    endloop
  endfacet
  facet normal -0.0489299 -0.991357 -0.121725
    outer loop
      vertex 96.2 14.17 0.289851
      vertex 96.3666 12.7616 11.6932
      vertex 96.2 12.7697 11.6942
    endloop
  endfacet
  facet normal -0.049522 -0.991329 -0.121713
    outer loop
      vertex 96.3666 12.7616 11.6932
      vertex 96.2 14.17 0.289851
      vertex 96.3666 14.1618 0.288853
    endloop
  endfacet
  facet normal -0.243364 -0.962705 -0.118207
    outer loop
      vertex 96.5317 14.1376 0.28587
      vertex 96.6935 12.697 11.6853
      vertex 96.5317 12.7373 11.6902
    endloop
  endfacet
  facet normal -0.243391 -0.962698 -0.118206
    outer loop
      vertex 96.6935 12.697 11.6853
      vertex 96.5317 14.1376 0.28587
      vertex 96.6935 14.0973 0.28093
    endloop
  endfacet
  facet normal 0.941546 -0.334374 -0.0410566
    outer loop
      vertex 94.6294 11.7281 11.5663
      vertex 94.5732 12.9725 0.142813
      vertex 94.6294 13.1284 0.161956
    endloop
  endfacet
  facet normal 0.941542 -0.334384 -0.0410577
    outer loop
      vertex 94.5732 12.9725 0.142813
      vertex 94.6294 11.7281 11.5663
      vertex 94.5732 11.5722 11.5472
    endloop
  endfacet
  facet normal -0.671612 -0.73538 -0.0902945
    outer loop
      vertex 97.2785 13.787 0.242824
      vertex 97.4021 12.2755 11.6335
      vertex 97.2785 12.3867 11.6472
    endloop
  endfacet
  facet normal -0.671594 -0.735397 -0.0902969
    outer loop
      vertex 97.4021 12.2755 11.6335
      vertex 97.2785 13.787 0.242824
      vertex 97.4021 13.6758 0.22917
    endloop
  endfacet
  facet normal 0.0489299 -0.991357 -0.121725
    outer loop
      vertex 96.0334 12.7616 11.6932
      vertex 96.2 14.17 0.289851
      vertex 96.2 12.7697 11.6942
    endloop
  endfacet
  facet normal 0.049522 -0.991329 -0.121713
    outer loop
      vertex 96.2 14.17 0.289851
      vertex 96.0334 12.7616 11.6932
      vertex 96.0334 14.1618 0.288853
    endloop
  endfacet
  facet normal -0.427601 0.897229 0.110168
    outer loop
      vertex 97.0014 10.9823 0
      vertex 96.8506 9.52348 11.2956
      vertex 97.0014 9.59428 11.3043
    endloop
  endfacet
  facet normal -0.427756 0.897157 0.110157
    outer loop
      vertex 96.8506 9.52348 11.2956
      vertex 97.0014 10.9823 0
      vertex 96.8506 10.9104 0
    endloop
  endfacet
  facet normal -0.989159 0.145754 0.0178966
    outer loop
      vertex 97.8673 12.1535 0.0422545
      vertex 97.8918 10.917 11.4667
      vertex 97.8918 12.3173 0.0623659
    endloop
  endfacet
  facet normal -0.989159 0.145755 0.0178967
    outer loop
      vertex 97.8918 10.917 11.4667
      vertex 97.8673 12.1535 0.0422545
      vertex 97.8673 10.7532 11.4466
    endloop
  endfacet
  facet normal -0.857756 -0.510225 -0.0626489
    outer loop
      vertex 97.6993 13.278 0.180336
      vertex 97.6135 12.0198 11.6021
      vertex 97.6135 13.4201 0.197775
    endloop
  endfacet
  facet normal -0.857591 -0.510498 -0.0626777
    outer loop
      vertex 97.6135 12.0198 11.6021
      vertex 97.6993 13.278 0.180336
      vertex 97.6993 11.8778 11.5847
    endloop
  endfacet
  facet normal 0.0489757 0.991355 0.12172
    outer loop
      vertex 96.2 10.78 0
      vertex 96.0334 9.40316 11.2808
      vertex 96.2 9.39504 11.2799
    endloop
  endfacet
  facet normal 0.0493882 0.991335 0.121723
    outer loop
      vertex 96.0334 9.40316 11.2808
      vertex 96.2 10.78 0
      vertex 96.0334 10.7883 0
    endloop
  endfacet
  facet normal 0.671612 -0.73538 -0.0902945
    outer loop
      vertex 94.9979 12.2755 11.6335
      vertex 95.1215 13.787 0.242824
      vertex 95.1215 12.3867 11.6472
    endloop
  endfacet
  facet normal 0.671594 -0.735397 -0.0902969
    outer loop
      vertex 95.1215 13.787 0.242824
      vertex 94.9979 12.2755 11.6335
      vertex 94.9979 13.6758 0.22917
    endloop
  endfacet
  facet normal 0.741082 -0.66641 -0.0818262
    outer loop
      vertex 94.9979 12.2755 11.6335
      vertex 94.8859 13.5531 0.214105
      vertex 94.9979 13.6758 0.22917
    endloop
  endfacet
  facet normal 0.741061 -0.666433 -0.0818287
    outer loop
      vertex 94.8859 13.5531 0.214105
      vertex 94.9979 12.2755 11.6335
      vertex 94.8859 12.1528 11.6185
    endloop
  endfacet
  facet normal -0.903261 0.423563 0.0686576
    outer loop
      vertex 97.6993 11.6854 0
      vertex 97.7706 11.8369 0.00338935
      vertex 97.7574 11.8093 0
    endloop
  endfacet
  facet normal -0.904025 0.424293 0.0520939
    outer loop
      vertex 97.6993 11.6854 0
      vertex 97.7706 10.4367 11.4077
      vertex 97.7706 11.8369 0.00338935
    endloop
  endfacet
  facet normal -0.904059 0.424223 0.0520865
    outer loop
      vertex 97.7706 10.4367 11.4077
      vertex 97.6993 11.6854 0
      vertex 97.6993 10.287 11.3894
    endloop
  endfacet
  facet normal -0.0489757 0.991355 0.121726
    outer loop
      vertex 96.3666 10.7883 0
      vertex 96.2 9.39504 11.2799
      vertex 96.3666 9.40316 11.2808
    endloop
  endfacet
  facet normal -0.0493883 0.991335 0.121717
    outer loop
      vertex 96.2 9.39504 11.2799
      vertex 96.3666 10.7883 0
      vertex 96.2 10.78 0
    endloop
  endfacet
  facet normal -0.941546 0.334374 0.0410537
    outer loop
      vertex 97.7706 11.8369 0.00338935
      vertex 97.8268 10.5926 11.4269
      vertex 97.8268 11.9928 0.0225323
    endloop
  endfacet
  facet normal -0.94155 0.334361 0.0410523
    outer loop
      vertex 97.8268 10.5926 11.4269
      vertex 97.7706 11.8369 0.00338935
      vertex 97.7706 10.4367 11.4077
    endloop
  endfacet
  facet normal -0.741082 -0.66641 -0.0818262
    outer loop
      vertex 97.5141 13.5531 0.214105
      vertex 97.4021 12.2755 11.6335
      vertex 97.4021 13.6758 0.22917
    endloop
  endfacet
  facet normal -0.741061 -0.666433 -0.0818287
    outer loop
      vertex 97.4021 12.2755 11.6335
      vertex 97.5141 13.5531 0.214105
      vertex 97.5141 12.1528 11.6185
    endloop
  endfacet
  facet normal 0.243355 0.962708 0.118203
    outer loop
      vertex 95.7065 10.8538 0
      vertex 95.8683 9.42746 11.2838
      vertex 95.8683 10.8129 0
    endloop
  endfacet
  facet normal 0.24304 0.962786 0.118217
    outer loop
      vertex 95.8683 9.42746 11.2838
      vertex 95.7065 10.8538 0
      vertex 95.7065 9.46769 11.2888
    endloop
  endfacet
  facet normal -0.595692 0.797226 0.0978864
    outer loop
      vertex 97.2785 11.1688 0
      vertex 97.1445 9.6794 11.3148
      vertex 97.2785 9.77804 11.3269
    endloop
  endfacet
  facet normal -0.595594 0.797298 0.0978971
    outer loop
      vertex 97.1445 9.6794 11.3148
      vertex 97.2785 11.1688 0
      vertex 97.1445 11.0687 0
    endloop
  endfacet
  facet normal -0.857691 0.510332 0.062659
    outer loop
      vertex 97.6135 11.5412 0
      vertex 97.6993 10.287 11.3894
      vertex 97.6993 11.6854 0
    endloop
  endfacet
  facet normal -0.857768 0.510205 0.0626456
    outer loop
      vertex 97.6993 10.287 11.3894
      vertex 97.6135 11.5412 0
      vertex 97.6135 10.1449 11.3719
    endloop
  endfacet
  facet normal 0.80314 0.591349 0.0726089
    outer loop
      vertex 94.7865 10.1449 11.3719
      vertex 94.8859 11.4062 0
      vertex 94.7865 11.5412 0
    endloop
  endfacet
  facet normal 0.803143 0.591345 0.0726085
    outer loop
      vertex 94.8859 11.4062 0
      vertex 94.7865 10.1449 11.3719
      vertex 94.8859 10.0119 11.3556
    endloop
  endfacet
  facet normal 0.857756 -0.510225 -0.0626489
    outer loop
      vertex 94.7865 12.0198 11.6021
      vertex 94.7007 13.278 0.180336
      vertex 94.7865 13.4201 0.197775
    endloop
  endfacet
  facet normal 0.857591 -0.510498 -0.0626777
    outer loop
      vertex 94.7007 13.278 0.180336
      vertex 94.7865 12.0198 11.6021
      vertex 94.7007 11.8778 11.5847
    endloop
  endfacet
  facet normal -0.336845 0.934542 0.114747
    outer loop
      vertex 96.8506 10.9104 0
      vertex 96.6935 9.46769 11.2888
      vertex 96.8506 9.52348 11.2956
    endloop
  endfacet
  facet normal -0.336714 0.934588 0.114755
    outer loop
      vertex 96.6935 9.46769 11.2888
      vertex 96.8506 10.9104 0
      vertex 96.6935 10.8538 0
    endloop
  endfacet
  facet normal 0.857691 0.510332 0.062659
    outer loop
      vertex 94.7007 10.287 11.3894
      vertex 94.7865 11.5412 0
      vertex 94.7007 11.6854 0
    endloop
  endfacet
  facet normal 0.857768 0.510205 0.0626456
    outer loop
      vertex 94.7865 11.5412 0
      vertex 94.7007 10.287 11.3894
      vertex 94.7865 10.1449 11.3719
    endloop
  endfacet
  facet normal 0.998792 -0.0487815 -0.0059893
    outer loop
      vertex 94.5082 11.2478 11.5073
      vertex 94.5 12.4826 0.0826729
      vertex 94.5082 12.648 0.10298
    endloop
  endfacet
  facet normal 0.998792 -0.0487818 -0.00598933
    outer loop
      vertex 94.5 12.4826 0.0826729
      vertex 94.5082 11.2478 11.5073
      vertex 94.5 11.0824 11.487
    endloop
  endfacet
  facet normal 0.99879 0.0488105 0.00599286
    outer loop
      vertex 94.5 11.0824 11.487
      vertex 94.5082 12.3173 0.0623659
      vertex 94.5 12.4826 0.0826729
    endloop
  endfacet
  facet normal 0.998792 0.0487817 0.00598975
    outer loop
      vertex 94.5082 12.3173 0.0623659
      vertex 94.5 11.0824 11.487
      vertex 94.5082 10.917 11.4667
    endloop
  endfacet
  facet normal -1 0 0
    outer loop
      vertex 54.68 42.2674 16.253
      vertex 54.68 43.1802 19.4582
      vertex 54.68 43.5543 16.4111
    endloop
  endfacet
  facet normal -1 0 0
    outer loop
      vertex 54.68 43.1802 19.4582
      vertex 54.68 42.2674 16.253
      vertex 54.68 41.8932 19.3002
    endloop
  endfacet
  facet normal 7.10708e-05 -0.121937 0.992538
    outer loop
      vertex 54.68 43.5543 16.4111
      vertex 54.3221 42.3201 16.2595
      vertex 54.68 42.2674 16.253
    endloop
  endfacet
  facet normal 3.96072e-05 -0.121928 0.992539
    outer loop
      vertex 54.68 43.5543 16.4111
      vertex 53.8937 42.4266 16.2726
      vertex 54.3221 42.3201 16.2595
    endloop
  endfacet
  facet normal -5.29908e-05 -0.121864 0.992547
    outer loop
      vertex 54.68 43.5543 16.4111
      vertex 53.4779 42.5742 16.2907
      vertex 53.8937 42.4266 16.2726
    endloop
  endfacet
  facet normal -3.32603e-05 -0.121888 0.992544
    outer loop
      vertex 54.68 43.5543 16.4111
      vertex 53.0787 42.7616 16.3137
      vertex 53.4779 42.5742 16.2907
    endloop
  endfacet
  facet normal 5.74919e-06 -0.121965 0.992534
    outer loop
      vertex 54.68 43.5543 16.4111
      vertex 52.6999 42.987 16.3414
      vertex 53.0787 42.7616 16.3137
    endloop
  endfacet
  facet normal 1.61132e-05 -0.122001 0.99253
    outer loop
      vertex 54.68 43.5543 16.4111
      vertex 52.3452 43.2481 16.3735
      vertex 52.6999 42.987 16.3414
    endloop
  endfacet
  facet normal -1.49517e-05 -0.121768 0.992559
    outer loop
      vertex 54.68 43.5543 16.4111
      vertex 52.018 43.5424 16.4096
      vertex 52.3452 43.2481 16.3735
    endloop
  endfacet
  facet normal 0 -0.125061 0.992149
    outer loop
      vertex 52.018 43.5424 16.4096
      vertex 54.68 43.5543 16.4111
      vertex 52.0072 43.5543 16.4111
    endloop
  endfacet
  facet normal 0 -0.992548 -0.121858
    outer loop
      vertex 52.0072 43.5543 16.4111
      vertex 54.68 43.1802 19.4582
      vertex 52.0072 43.1802 19.4582
    endloop
  endfacet
  facet normal 0 -0.992548 -0.121858
    outer loop
      vertex 54.68 43.1802 19.4582
      vertex 52.0072 43.5543 16.4111
      vertex 54.68 43.5543 16.4111
    endloop
  endfacet
  facet normal 3.90374e-05 -0.121964 0.992535
    outer loop
      vertex 96.45 14.4851 12.8217
      vertex 98.7001 14.6852 12.8462
      vertex 98.3213 14.9105 12.8739
    endloop
  endfacet
  facet normal 3.66128e-06 -0.12181 0.992553
    outer loop
      vertex 96.45 14.4851 12.8217
      vertex 98.3213 14.9105 12.8739
      vertex 97.9221 15.0979 12.8969
    endloop
  endfacet
  facet normal -3.22846e-05 -0.121725 0.992564
    outer loop
      vertex 96.45 14.4851 12.8217
      vertex 97.9221 15.0979 12.8969
      vertex 97.5063 15.2456 12.915
    endloop
  endfacet
  facet normal 5.91053e-05 -0.12185 0.992548
    outer loop
      vertex 96.45 14.4851 12.8217
      vertex 97.5063 15.2456 12.915
      vertex 97.0779 15.3521 12.9281
    endloop
  endfacet
  facet normal 1.84262e-05 -0.121821 0.992552
    outer loop
      vertex 96.45 14.4851 12.8217
      vertex 97.0779 15.3521 12.9281
      vertex 96.6411 15.4164 12.936
    endloop
  endfacet
  facet normal 0.000301327 -0.121879 0.992545
    outer loop
      vertex 96.45 14.4851 12.8217
      vertex 96.6411 15.4164 12.936
      vertex 96.45 15.4257 12.9372
    endloop
  endfacet
  facet normal 0 -0.121531 0.992588
    outer loop
      vertex 98.7001 14.6852 12.8462
      vertex 96.45 14.4851 12.8217
      vertex 98.9719 14.4851 12.8217
    endloop
  endfacet
  facet normal 1 0 0
    outer loop
      vertex 96.45 15.0492 16.0041
      vertex 96.45 14.4851 12.8217
      vertex 96.45 15.4257 12.9372
    endloop
  endfacet
  facet normal 1 0 -0
    outer loop
      vertex 96.45 14.4851 12.8217
      vertex 96.45 15.0492 16.0041
      vertex 96.45 14.1085 15.8886
    endloop
  endfacet
  facet normal 0 0.992545 0.12188
    outer loop
      vertex 98.9719 14.4851 12.8217
      vertex 96.45 14.1085 15.8886
      vertex 98.9719 14.1085 15.8886
    endloop
  endfacet
  facet normal 0 0.992545 0.12188
    outer loop
      vertex 96.45 14.1085 15.8886
      vertex 98.9719 14.4851 12.8217
      vertex 96.45 14.4851 12.8217
    endloop
  endfacet
  facet normal -0.146538 -0.120544 0.981833
    outer loop
      vertex 58.4031 105.751 21.2237
      vertex 58.7428 109.839 21.7763
      vertex 58.4031 109.839 21.7256
    endloop
  endfacet
  facet normal -0.146642 -0.120533 0.981819
    outer loop
      vertex 58.7428 109.839 21.7763
      vertex 58.4031 105.751 21.2237
      vertex 58.7428 105.745 21.2737
    endloop
  endfacet
  facet normal -0.671324 -0.0903115 0.735641
    outer loop
      vertex 60.5349 109.839 22.7414
      vertex 60.3858 107.729 22.3463
      vertex 60.5349 107.713 22.4804
    endloop
  endfacet
  facet normal -0.671565 -0.0902545 0.735428
    outer loop
      vertex 60.2804 109.839 22.509
      vertex 60.3858 107.729 22.3463
      vertex 60.5349 109.839 22.7414
    endloop
  endfacet
  facet normal -0.672081 -0.0902441 0.734957
    outer loop
      vertex 60.2804 105.657 21.9955
      vertex 60.3858 107.729 22.3463
      vertex 60.2804 109.839 22.509
    endloop
  endfacet
  facet normal -0.671663 -0.0903284 0.73533
    outer loop
      vertex 60.3858 107.729 22.3463
      vertex 60.2804 105.657 21.9955
      vertex 60.3858 105.645 22.0903
    endloop
  endfacet
  facet normal -0.336933 -0.114719 0.934513
    outer loop
      vertex 59.076 105.735 21.3566
      vertex 59.3994 109.839 21.977
      vertex 59.076 109.839 21.8604
    endloop
  endfacet
  facet normal -0.336725 -0.114747 0.934585
    outer loop
      vertex 59.3994 109.839 21.977
      vertex 59.076 105.735 21.3566
      vertex 59.3994 105.721 21.4714
    endloop
  endfacet
  facet normal -0.857704 -0.0626535 0.510311
    outer loop
      vertex 61.1467 107.612 23.2992
      vertex 60.9701 109.839 23.2758
      vertex 60.9701 107.648 23.0068
    endloop
  endfacet
  facet normal -0.857689 -0.062652 0.510337
    outer loop
      vertex 60.9701 109.839 23.2758
      vertex 61.1467 107.612 23.2992
      vertex 61.1467 109.839 23.5726
    endloop
  endfacet
  facet normal 0.803266 -0.0725822 0.591181
    outer loop
      vertex 49.6499 107.648 23.0068
      vertex 49.8545 109.839 22.9978
      vertex 49.6499 109.839 23.2758
    endloop
  endfacet
  facet normal 0.80324 -0.0725796 0.591217
    outer loop
      vertex 49.8545 109.839 22.9978
      vertex 49.6499 107.648 23.0068
      vertex 49.8545 107.682 22.733
    endloop
  endfacet
  facet normal 0.0491197 -0.121699 0.991351
    outer loop
      vertex 52.2169 109.839 21.7256
      vertex 52.56 105.753 21.207
      vertex 52.56 109.839 21.7086
    endloop
  endfacet
  facet normal 0.0489627 -0.121713 0.991357
    outer loop
      vertex 52.56 105.753 21.207
      vertex 52.2169 109.839 21.7256
      vertex 52.2169 105.751 21.2237
    endloop
  endfacet
  facet normal -0.941584 -0.0410451 0.334266
    outer loop
      vertex 61.4093 107.535 23.9284
      vertex 61.2936 109.839 23.8854
      vertex 61.2936 107.575 23.6074
    endloop
  endfacet
  facet normal -0.941548 -0.0410414 0.334368
    outer loop
      vertex 61.2936 109.839 23.8854
      vertex 61.4093 107.535 23.9284
      vertex 61.4093 109.839 24.2112
    endloop
  endfacet
  facet normal -0.941544 0.0410505 -0.334379
    outer loop
      vertex 61.2936 107.248 26.2662
      vertex 61.4093 109.839 26.2585
      vertex 61.4093 107.287 25.9452
    endloop
  endfacet
  facet normal -0.941548 0.0410507 -0.334368
    outer loop
      vertex 61.4093 109.839 26.2585
      vertex 61.2936 107.248 26.2662
      vertex 61.2936 109.839 26.5843
    endloop
  endfacet
  facet normal 0.857689 -0.062652 0.510337
    outer loop
      vertex 49.4733 107.612 23.2992
      vertex 49.6499 109.839 23.2758
      vertex 49.4733 109.839 23.5726
    endloop
  endfacet
  facet normal 0.857704 -0.0626535 0.510311
    outer loop
      vertex 49.6499 109.839 23.2758
      vertex 49.4733 107.612 23.2992
      vertex 49.6499 107.648 23.0068
    endloop
  endfacet
  facet normal -0.243011 -0.118198 0.962796
    outer loop
      vertex 58.7428 105.745 21.2737
      vertex 59.076 109.839 21.8604
      vertex 58.7428 109.839 21.7763
    endloop
  endfacet
  facet normal -0.243086 -0.118189 0.962778
    outer loop
      vertex 59.076 109.839 21.8604
      vertex 58.7428 105.745 21.2737
      vertex 59.076 105.735 21.3566
    endloop
  endfacet
  facet normal 0.336676 0.114761 -0.934601
    outer loop
      vertex 51.2206 105.039 27.9034
      vertex 51.544 109.839 28.6093
      vertex 51.544 105.039 28.0199
    endloop
  endfacet
  facet normal 0.336933 0.114731 -0.934512
    outer loop
      vertex 51.544 109.839 28.6093
      vertex 51.2206 105.039 27.9034
      vertex 51.2206 109.839 28.4927
    endloop
  endfacet
  facet normal 0.941548 0.0410507 -0.334368
    outer loop
      vertex 49.3264 107.248 26.2662
      vertex 49.2107 109.839 26.2585
      vertex 49.3264 109.839 26.5843
    endloop
  endfacet
  facet normal 0.941544 0.0410505 -0.334379
    outer loop
      vertex 49.2107 109.839 26.2585
      vertex 49.3264 107.248 26.2662
      vertex 49.2107 107.287 25.9452
    endloop
  endfacet
  facet normal -0.0491195 0.121729 -0.991347
    outer loop
      vertex 58.06 105.039 28.1718
      vertex 58.4031 109.839 28.7442
      vertex 58.4031 105.039 28.1548
    endloop
  endfacet
  facet normal -0.0488314 0.121711 -0.991364
    outer loop
      vertex 58.4031 109.839 28.7442
      vertex 58.06 105.039 28.1718
      vertex 58.06 109.839 28.7611
    endloop
  endfacet
  facet normal 0.14682 0.120556 -0.981789
    outer loop
      vertex 51.8772 105.039 28.104
      vertex 52.2169 109.839 28.7442
      vertex 52.2169 105.039 28.1548
    endloop
  endfacet
  facet normal 0.14682 0.120556 -0.981789
    outer loop
      vertex 52.2169 109.839 28.7442
      vertex 51.8772 105.039 28.104
      vertex 51.8772 109.839 28.6934
    endloop
  endfacet
  facet normal -0.970079 -0.0295786 0.240979
    outer loop
      vertex 61.4927 107.494 24.2591
      vertex 61.4093 109.839 24.2112
      vertex 61.4093 107.535 23.9284
    endloop
  endfacet
  facet normal -0.970074 -0.0295779 0.241001
    outer loop
      vertex 61.4093 109.839 24.2112
      vertex 61.4927 107.494 24.2591
      vertex 61.4927 109.839 24.5469
    endloop
  endfacet
  facet normal -0.80324 -0.0725796 0.591217
    outer loop
      vertex 60.9701 107.648 23.0068
      vertex 60.7655 109.839 22.9978
      vertex 60.7655 107.682 22.733
    endloop
  endfacet
  facet normal -0.803266 -0.0725822 0.591181
    outer loop
      vertex 60.7655 109.839 22.9978
      vertex 60.9701 107.648 23.0068
      vertex 60.9701 109.839 23.2758
    endloop
  endfacet
  facet normal -0.59559 -0.0979122 0.797299
    outer loop
      vertex 60.0045 105.682 21.7924
      vertex 60.2804 109.839 22.509
      vertex 60.0045 109.839 22.3029
    endloop
  endfacet
  facet normal -0.595721 -0.0978872 0.797204
    outer loop
      vertex 60.2804 109.839 22.509
      vertex 60.0045 105.682 21.7924
      vertex 60.2804 105.657 21.9955
    endloop
  endfacet
  facet normal 0 0.121856 -0.992548
    outer loop
      vertex 52.56 105.039 28.1718
      vertex 58.06 109.839 28.7611
      vertex 58.06 105.039 28.1718
    endloop
  endfacet
  facet normal 0 0.121856 -0.992548
    outer loop
      vertex 58.06 109.839 28.7611
      vertex 52.56 105.039 28.1718
      vertex 52.56 109.839 28.7611
    endloop
  endfacet
  facet normal 0.803163 0.0726107 -0.591318
    outer loop
      vertex 49.8545 107.141 27.1406
      vertex 49.6499 109.839 27.194
      vertex 49.8545 109.839 27.4719
    endloop
  endfacet
  facet normal 0.803114 0.0726083 -0.591385
    outer loop
      vertex 49.6499 109.839 27.194
      vertex 49.8545 107.141 27.1406
      vertex 49.6499 107.174 26.8668
    endloop
  endfacet
  facet normal -0.998789 -0.00599467 0.0488334
    outer loop
      vertex 61.56 107.411 24.9368
      vertex 61.5431 109.839 24.8892
      vertex 61.5431 107.453 24.5963
    endloop
  endfacet
  facet normal -0.998789 -0.0059948 0.0488271
    outer loop
      vertex 61.5431 109.839 24.8892
      vertex 61.56 107.411 24.9368
      vertex 61.56 109.839 25.2349
    endloop
  endfacet
  facet normal -0.903892 -0.0521231 0.424572
    outer loop
      vertex 61.2936 107.575 23.6074
      vertex 61.1467 109.839 23.5726
      vertex 61.1467 107.612 23.2992
    endloop
  endfacet
  facet normal -0.903922 -0.052126 0.424508
    outer loop
      vertex 61.1467 109.839 23.5726
      vertex 61.2936 107.575 23.6074
      vertex 61.2936 109.839 23.8854
    endloop
  endfacet
  facet normal 0 -0.121846 0.992549
    outer loop
      vertex 52.56 109.839 21.7086
      vertex 58.06 105.753 21.207
      vertex 58.06 109.839 21.7086
    endloop
  endfacet
  facet normal 0 -0.121846 0.992549
    outer loop
      vertex 58.06 105.753 21.207
      vertex 52.56 109.839 21.7086
      vertex 52.56 105.753 21.207
    endloop
  endfacet
  facet normal 0.671563 0.0902888 -0.735425
    outer loop
      vertex 50.0851 105.039 27.139
      vertex 50.3396 109.839 27.9607
      vertex 50.3396 105.039 27.3714
    endloop
  endfacet
  facet normal 0.671563 0.0902888 -0.735425
    outer loop
      vertex 50.3396 109.839 27.9607
      vertex 50.0851 105.039 27.139
      vertex 50.0851 109.839 27.7283
    endloop
  endfacet
  facet normal -0.998789 0.00599555 -0.0488332
    outer loop
      vertex 61.5431 107.369 25.2773
      vertex 61.56 109.839 25.2349
      vertex 61.56 107.411 24.9368
    endloop
  endfacet
  facet normal -0.998789 0.00599541 -0.0488412
    outer loop
      vertex 61.56 109.839 25.2349
      vertex 61.5431 107.369 25.2773
      vertex 61.5431 109.839 25.5805
    endloop
  endfacet
  facet normal 0.941548 -0.0410414 0.334368
    outer loop
      vertex 49.2107 107.535 23.9284
      vertex 49.3264 109.839 23.8854
      vertex 49.2107 109.839 24.2112
    endloop
  endfacet
  facet normal 0.941584 -0.0410451 0.334266
    outer loop
      vertex 49.3264 109.839 23.8854
      vertex 49.2107 107.535 23.9284
      vertex 49.3264 107.575 23.6074
    endloop
  endfacet
  facet normal 0.514098 -0.104524 0.851339
    outer loop
      vertex 50.6155 109.839 22.3029
      vertex 50.9101 105.703 21.6172
      vertex 50.9101 109.839 22.125
    endloop
  endfacet
  facet normal 0.513839 -0.104567 0.85149
    outer loop
      vertex 50.9101 105.703 21.6172
      vertex 50.6155 109.839 22.3029
      vertex 50.6155 105.682 21.7924
    endloop
  endfacet
  facet normal -0.427654 -0.110157 0.897206
    outer loop
      vertex 59.3994 105.721 21.4714
      vertex 59.7099 109.839 22.125
      vertex 59.3994 109.839 21.977
    endloop
  endfacet
  facet normal -0.427677 -0.110154 0.897195
    outer loop
      vertex 59.7099 109.839 22.125
      vertex 59.3994 105.721 21.4714
      vertex 59.7099 105.703 21.6172
    endloop
  endfacet
  facet normal 0.243011 -0.118198 0.962796
    outer loop
      vertex 51.544 109.839 21.8604
      vertex 51.8772 105.745 21.2737
      vertex 51.8772 109.839 21.7763
    endloop
  endfacet
  facet normal 0.243086 -0.118189 0.962778
    outer loop
      vertex 51.8772 105.745 21.2737
      vertex 51.544 109.839 21.8604
      vertex 51.544 105.735 21.3566
    endloop
  endfacet
  facet normal -0.24301 0.118223 -0.962793
    outer loop
      vertex 58.7428 105.039 28.104
      vertex 59.076 109.839 28.6093
      vertex 59.076 105.039 28.0199
    endloop
  endfacet
  facet normal -0.24301 0.118223 -0.962793
    outer loop
      vertex 59.076 109.839 28.6093
      vertex 58.7428 105.039 28.104
      vertex 58.7428 109.839 28.6934
    endloop
  endfacet
  facet normal 0.741032 0.0818183 -0.666466
    outer loop
      vertex 50.0082 107.12 27.309
      vertex 49.8545 109.839 27.4719
      vertex 50.0851 109.839 27.7283
    endloop
  endfacet
  facet normal 0.741192 0.0818167 -0.666289
    outer loop
      vertex 49.8545 109.839 27.4719
      vertex 50.0082 107.12 27.309
      vertex 49.8545 107.141 27.1406
    endloop
  endfacet
  facet normal 0.740963 0.0818319 -0.666542
    outer loop
      vertex 50.0851 105.039 27.139
      vertex 50.0082 107.12 27.309
      vertex 50.0851 109.839 27.7283
    endloop
  endfacet
  facet normal 0.741405 0.0818082 -0.666052
    outer loop
      vertex 50.0082 107.12 27.309
      vertex 50.0851 105.039 27.139
      vertex 50.0082 105.039 27.0534
    endloop
  endfacet
  facet normal -0.741039 -0.0818182 0.666458
    outer loop
      vertex 60.7655 107.682 22.733
      vertex 60.5349 109.839 22.7414
      vertex 60.5349 107.713 22.4804
    endloop
  endfacet
  facet normal -0.741032 -0.0818175 0.666466
    outer loop
      vertex 60.5349 109.839 22.7414
      vertex 60.7655 107.682 22.733
      vertex 60.7655 109.839 22.9978
    endloop
  endfacet
  facet normal -0.857704 0.0626391 -0.510313
    outer loop
      vertex 60.9701 107.174 26.8668
      vertex 61.1467 109.839 26.8971
      vertex 61.1467 107.21 26.5744
    endloop
  endfacet
  facet normal -0.857765 0.0626419 -0.51021
    outer loop
      vertex 61.1467 109.839 26.8971
      vertex 60.9701 107.174 26.8668
      vertex 60.9701 109.839 27.194
    endloop
  endfacet
  facet normal -0.803114 0.0726083 -0.591385
    outer loop
      vertex 60.7655 107.141 27.1406
      vertex 60.9701 109.839 27.194
      vertex 60.9701 107.174 26.8668
    endloop
  endfacet
  facet normal -0.803163 0.0726107 -0.591318
    outer loop
      vertex 60.9701 109.839 27.194
      vertex 60.7655 107.141 27.1406
      vertex 60.7655 109.839 27.4719
    endloop
  endfacet
  facet normal 0.989175 -0.0178791 0.145645
    outer loop
      vertex 49.0769 107.453 24.5963
      vertex 49.1273 109.839 24.5469
      vertex 49.0769 109.839 24.8892
    endloop
  endfacet
  facet normal 0.989171 -0.0178784 0.145674
    outer loop
      vertex 49.1273 109.839 24.5469
      vertex 49.0769 107.453 24.5963
      vertex 49.1273 107.494 24.2591
    endloop
  endfacet
  facet normal -0.741192 0.0818167 -0.666289
    outer loop
      vertex 60.6118 107.12 27.309
      vertex 60.7655 109.839 27.4719
      vertex 60.7655 107.141 27.1406
    endloop
  endfacet
  facet normal -0.741032 0.0818183 -0.666466
    outer loop
      vertex 60.7655 109.839 27.4719
      vertex 60.6118 107.12 27.309
      vertex 60.5349 109.839 27.7283
    endloop
  endfacet
  facet normal -0.741405 0.0818082 -0.666052
    outer loop
      vertex 60.5349 105.039 27.139
      vertex 60.6118 107.12 27.309
      vertex 60.6118 105.039 27.0534
    endloop
  endfacet
  facet normal -0.740963 0.0818319 -0.666542
    outer loop
      vertex 60.6118 107.12 27.309
      vertex 60.5349 105.039 27.139
      vertex 60.5349 109.839 27.7283
    endloop
  endfacet
  facet normal 0.514097 0.104537 -0.851338
    outer loop
      vertex 50.6155 105.039 27.5775
      vertex 50.9101 109.839 28.3448
      vertex 50.9101 105.039 27.7554
    endloop
  endfacet
  facet normal 0.514097 0.104537 -0.851338
    outer loop
      vertex 50.9101 109.839 28.3448
      vertex 50.6155 105.039 27.5775
      vertex 50.6155 109.839 28.1669
    endloop
  endfacet
  facet normal 0.857765 0.0626419 -0.51021
    outer loop
      vertex 49.6499 107.174 26.8668
      vertex 49.4733 109.839 26.8971
      vertex 49.6499 109.839 27.194
    endloop
  endfacet
  facet normal 0.857704 0.0626391 -0.510313
    outer loop
      vertex 49.4733 109.839 26.8971
      vertex 49.6499 107.174 26.8668
      vertex 49.4733 107.21 26.5744
    endloop
  endfacet
  facet normal -0.427653 0.110169 -0.897204
    outer loop
      vertex 59.3994 105.039 27.9034
      vertex 59.7099 109.839 28.3448
      vertex 59.7099 105.039 27.7554
    endloop
  endfacet
  facet normal -0.427418 0.110164 -0.897317
    outer loop
      vertex 59.7099 109.839 28.3448
      vertex 59.3994 105.039 27.9034
      vertex 59.3994 109.839 28.4927
    endloop
  endfacet
  facet normal 0.24301 0.118223 -0.962793
    outer loop
      vertex 51.544 105.039 28.0199
      vertex 51.8772 109.839 28.6934
      vertex 51.8772 105.039 28.104
    endloop
  endfacet
  facet normal 0.24301 0.118223 -0.962793
    outer loop
      vertex 51.8772 109.839 28.6934
      vertex 51.544 105.039 28.0199
      vertex 51.544 109.839 28.6093
    endloop
  endfacet
  facet normal -0.0140091 0.989927 0.140883
    outer loop
      vertex 60.0045 105.682 21.7924
      vertex 60.3858 105.645 22.0903
      vertex 60.2804 105.657 21.9955
    endloop
  endfacet
  facet normal 0 0.992608 0.121365
    outer loop
      vertex 60.3858 105.645 22.0903
      vertex 58.06 105.753 21.207
      vertex 50.2342 105.645 22.0903
    endloop
  endfacet
  facet normal -0.00141806 0.99215 0.125043
    outer loop
      vertex 60.3858 105.645 22.0903
      vertex 60.0045 105.682 21.7924
      vertex 58.06 105.753 21.207
    endloop
  endfacet
  facet normal -0 0.992608 0.121365
    outer loop
      vertex 52.56 105.753 21.207
      vertex 50.2342 105.645 22.0903
      vertex 58.06 105.753 21.207
    endloop
  endfacet
  facet normal 0.000860722 0.993063 0.117584
    outer loop
      vertex 58.06 105.753 21.207
      vertex 60.0045 105.682 21.7924
      vertex 59.7099 105.703 21.6172
    endloop
  endfacet
  facet normal 0.00141806 0.99215 0.125043
    outer loop
      vertex 50.6155 105.682 21.7924
      vertex 50.2342 105.645 22.0903
      vertex 52.56 105.753 21.207
    endloop
  endfacet
  facet normal -0.000820532 0.992251 0.124248
    outer loop
      vertex 58.06 105.753 21.207
      vertex 59.7099 105.703 21.6172
      vertex 59.3994 105.721 21.4714
    endloop
  endfacet
  facet normal 0.0140091 0.989927 0.140883
    outer loop
      vertex 50.2342 105.645 22.0903
      vertex 50.6155 105.682 21.7924
      vertex 50.3396 105.657 21.9955
    endloop
  endfacet
  facet normal -0.000407146 0.992507 0.122184
    outer loop
      vertex 58.06 105.753 21.207
      vertex 59.3994 105.721 21.4714
      vertex 59.076 105.735 21.3566
    endloop
  endfacet
  facet normal -0.000860722 0.993063 0.117584
    outer loop
      vertex 50.6155 105.682 21.7924
      vertex 52.56 105.753 21.207
      vertex 50.9101 105.703 21.6172
    endloop
  endfacet
  facet normal -0.000109729 0.99275 0.120194
    outer loop
      vertex 58.06 105.753 21.207
      vertex 59.076 105.735 21.3566
      vertex 58.7428 105.745 21.2737
    endloop
  endfacet
  facet normal 0.000820532 0.992251 0.124248
    outer loop
      vertex 50.9101 105.703 21.6172
      vertex 52.56 105.753 21.207
      vertex 51.2206 105.721 21.4714
    endloop
  endfacet
  facet normal -1.72942e-05 0.992863 0.119261
    outer loop
      vertex 58.06 105.753 21.207
      vertex 58.7428 105.745 21.2737
      vertex 58.4031 105.751 21.2237
    endloop
  endfacet
  facet normal 0.000407146 0.992507 0.122184
    outer loop
      vertex 51.2206 105.721 21.4714
      vertex 52.56 105.753 21.207
      vertex 51.544 105.735 21.3566
    endloop
  endfacet
  facet normal 0.000109729 0.99275 0.120194
    outer loop
      vertex 51.544 105.735 21.3566
      vertex 52.56 105.753 21.207
      vertex 51.8772 105.745 21.2737
    endloop
  endfacet
  facet normal 1.72942e-05 0.992863 0.119261
    outer loop
      vertex 51.8772 105.745 21.2737
      vertex 52.56 105.753 21.207
      vertex 52.2169 105.751 21.2237
    endloop
  endfacet
  facet normal -0.903957 0.0521085 -0.424436
    outer loop
      vertex 61.1467 107.21 26.5744
      vertex 61.2936 109.839 26.5843
      vertex 61.2936 107.248 26.2662
    endloop
  endfacet
  facet normal -0.903923 0.0521069 -0.424509
    outer loop
      vertex 61.2936 109.839 26.5843
      vertex 61.1467 107.21 26.5744
      vertex 61.1467 109.839 26.8971
    endloop
  endfacet
  facet normal -0.14682 0.120556 -0.981789
    outer loop
      vertex 58.4031 105.039 28.1548
      vertex 58.7428 109.839 28.6934
      vertex 58.7428 105.039 28.104
    endloop
  endfacet
  facet normal -0.14682 0.120556 -0.981789
    outer loop
      vertex 58.7428 109.839 28.6934
      vertex 58.4031 105.039 28.1548
      vertex 58.4031 109.839 28.7442
    endloop
  endfacet
  facet normal -0.514097 0.104537 -0.851338
    outer loop
      vertex 59.7099 105.039 27.7554
      vertex 60.0045 109.839 28.1669
      vertex 60.0045 105.039 27.5775
    endloop
  endfacet
  facet normal -0.514097 0.104537 -0.851338
    outer loop
      vertex 60.0045 109.839 28.1669
      vertex 59.7099 105.039 27.7554
      vertex 59.7099 109.839 28.3448
    endloop
  endfacet
  facet normal -0.0491196 -0.121712 0.991349
    outer loop
      vertex 58.06 109.839 21.7086
      vertex 58.4031 105.751 21.2237
      vertex 58.4031 109.839 21.7256
    endloop
  endfacet
  facet normal -0.0489627 -0.1217 0.991359
    outer loop
      vertex 58.4031 105.751 21.2237
      vertex 58.06 109.839 21.7086
      vertex 58.06 105.753 21.207
    endloop
  endfacet
  facet normal 0.970074 -0.0295779 0.241001
    outer loop
      vertex 49.1273 107.494 24.2591
      vertex 49.2107 109.839 24.2112
      vertex 49.1273 109.839 24.5469
    endloop
  endfacet
  facet normal 0.970079 -0.0295786 0.240979
    outer loop
      vertex 49.2107 109.839 24.2112
      vertex 49.1273 107.494 24.2591
      vertex 49.2107 107.535 23.9284
    endloop
  endfacet
  facet normal 0.970074 0.0295869 -0.241001
    outer loop
      vertex 49.2107 107.287 25.9452
      vertex 49.1273 109.839 25.9228
      vertex 49.2107 109.839 26.2585
    endloop
  endfacet
  facet normal 0.970079 0.0295873 -0.240978
    outer loop
      vertex 49.1273 109.839 25.9228
      vertex 49.2107 107.287 25.9452
      vertex 49.1273 107.328 25.6145
    endloop
  endfacet
  facet normal -0.514098 -0.104524 0.851339
    outer loop
      vertex 59.7099 105.703 21.6172
      vertex 60.0045 109.839 22.3029
      vertex 59.7099 109.839 22.125
    endloop
  endfacet
  facet normal -0.513839 -0.104567 0.85149
    outer loop
      vertex 60.0045 109.839 22.3029
      vertex 59.7099 105.703 21.6172
      vertex 60.0045 105.682 21.7924
    endloop
  endfacet
  facet normal -0.989171 0.0178819 -0.145673
    outer loop
      vertex 61.4927 107.328 25.6145
      vertex 61.5431 109.839 25.5805
      vertex 61.5431 107.369 25.2773
    endloop
  endfacet
  facet normal -0.989175 0.0178823 -0.145645
    outer loop
      vertex 61.5431 109.839 25.5805
      vertex 61.4927 107.328 25.6145
      vertex 61.4927 109.839 25.9228
    endloop
  endfacet
  facet normal 0.0491196 0.121709 -0.99135
    outer loop
      vertex 52.2169 105.039 28.1548
      vertex 52.56 109.839 28.7611
      vertex 52.56 105.039 28.1718
    endloop
  endfacet
  facet normal 0.0488313 0.121731 -0.991361
    outer loop
      vertex 52.56 109.839 28.7611
      vertex 52.2169 105.039 28.1548
      vertex 52.2169 109.839 28.7442
    endloop
  endfacet
  facet normal -0.970079 0.0295873 -0.240978
    outer loop
      vertex 61.4093 107.287 25.9452
      vertex 61.4927 109.839 25.9228
      vertex 61.4927 107.328 25.6145
    endloop
  endfacet
  facet normal -0.970074 0.0295869 -0.241001
    outer loop
      vertex 61.4927 109.839 25.9228
      vertex 61.4093 107.287 25.9452
      vertex 61.4093 109.839 26.2585
    endloop
  endfacet
  facet normal -0.989171 -0.0178784 0.145674
    outer loop
      vertex 61.5431 107.453 24.5963
      vertex 61.4927 109.839 24.5469
      vertex 61.4927 107.494 24.2591
    endloop
  endfacet
  facet normal -0.989175 -0.0178791 0.145645
    outer loop
      vertex 61.4927 109.839 24.5469
      vertex 61.5431 107.453 24.5963
      vertex 61.5431 109.839 24.8892
    endloop
  endfacet
  facet normal 0.998789 0.00599541 -0.0488412
    outer loop
      vertex 49.0769 107.369 25.2773
      vertex 49.06 109.839 25.2349
      vertex 49.0769 109.839 25.5805
    endloop
  endfacet
  facet normal 0.998789 0.00599555 -0.0488332
    outer loop
      vertex 49.06 109.839 25.2349
      vertex 49.0769 107.369 25.2773
      vertex 49.06 107.411 24.9368
    endloop
  endfacet
  facet normal 0.998789 -0.0059948 0.0488271
    outer loop
      vertex 49.06 107.411 24.9368
      vertex 49.0769 109.839 24.8892
      vertex 49.06 109.839 25.2349
    endloop
  endfacet
  facet normal 0.998789 -0.00599467 0.0488334
    outer loop
      vertex 49.0769 109.839 24.8892
      vertex 49.06 107.411 24.9368
      vertex 49.0769 107.453 24.5963
    endloop
  endfacet
  facet normal 0.903922 -0.052126 0.424508
    outer loop
      vertex 49.3264 107.575 23.6074
      vertex 49.4733 109.839 23.5726
      vertex 49.3264 109.839 23.8854
    endloop
  endfacet
  facet normal 0.903892 -0.0521231 0.424572
    outer loop
      vertex 49.4733 109.839 23.5726
      vertex 49.3264 107.575 23.6074
      vertex 49.4733 107.612 23.2992
    endloop
  endfacet
  facet normal 0.146538 -0.120544 0.981833
    outer loop
      vertex 51.8772 109.839 21.7763
      vertex 52.2169 105.751 21.2237
      vertex 52.2169 109.839 21.7256
    endloop
  endfacet
  facet normal 0.146642 -0.120533 0.981819
    outer loop
      vertex 52.2169 105.751 21.2237
      vertex 51.8772 109.839 21.7763
      vertex 51.8772 105.745 21.2737
    endloop
  endfacet
  facet normal 0.989175 0.0178823 -0.145645
    outer loop
      vertex 49.1273 107.328 25.6145
      vertex 49.0769 109.839 25.5805
      vertex 49.1273 109.839 25.9228
    endloop
  endfacet
  facet normal 0.989171 0.0178819 -0.145673
    outer loop
      vertex 49.0769 109.839 25.5805
      vertex 49.1273 107.328 25.6145
      vertex 49.0769 107.369 25.2773
    endloop
  endfacet
  facet normal 0.595591 0.0979018 -0.7973
    outer loop
      vertex 50.3396 105.039 27.3714
      vertex 50.6155 109.839 28.1669
      vertex 50.6155 105.039 27.5775
    endloop
  endfacet
  facet normal 0.595778 0.0978685 -0.797164
    outer loop
      vertex 50.6155 109.839 28.1669
      vertex 50.3396 105.039 27.3714
      vertex 50.3396 109.839 27.9607
    endloop
  endfacet
  facet normal 0.672081 -0.0902441 0.734957
    outer loop
      vertex 50.3396 109.839 22.509
      vertex 50.2342 107.729 22.3463
      vertex 50.3396 105.657 21.9955
    endloop
  endfacet
  facet normal 0.671565 -0.0902545 0.735428
    outer loop
      vertex 50.0851 109.839 22.7414
      vertex 50.2342 107.729 22.3463
      vertex 50.3396 109.839 22.509
    endloop
  endfacet
  facet normal 0.671324 -0.0903115 0.735641
    outer loop
      vertex 50.2342 107.729 22.3463
      vertex 50.0851 109.839 22.7414
      vertex 50.0851 107.713 22.4804
    endloop
  endfacet
  facet normal 0.671663 -0.0903284 0.73533
    outer loop
      vertex 50.3396 105.657 21.9955
      vertex 50.2342 107.729 22.3463
      vertex 50.2342 105.645 22.0903
    endloop
  endfacet
  facet normal 0.427654 0.110151 -0.897206
    outer loop
      vertex 50.9101 105.039 27.7554
      vertex 51.2206 109.839 28.4927
      vertex 51.2206 105.039 27.9034
    endloop
  endfacet
  facet normal 0.427417 0.110183 -0.897315
    outer loop
      vertex 51.2206 109.839 28.4927
      vertex 50.9101 105.039 27.7554
      vertex 50.9101 109.839 28.3448
    endloop
  endfacet
  facet normal -0.336677 0.114742 -0.934603
    outer loop
      vertex 59.076 105.039 28.0199
      vertex 59.3994 109.839 28.4927
      vertex 59.3994 105.039 27.9034
    endloop
  endfacet
  facet normal -0.336932 0.11475 -0.93451
    outer loop
      vertex 59.3994 109.839 28.4927
      vertex 59.076 105.039 28.0199
      vertex 59.076 109.839 28.6093
    endloop
  endfacet
  facet normal -0.671563 0.0902888 -0.735425
    outer loop
      vertex 60.2804 105.039 27.3714
      vertex 60.5349 109.839 27.7283
      vertex 60.5349 105.039 27.139
    endloop
  endfacet
  facet normal -0.671563 0.0902888 -0.735425
    outer loop
      vertex 60.5349 109.839 27.7283
      vertex 60.2804 105.039 27.3714
      vertex 60.2804 109.839 27.9607
    endloop
  endfacet
  facet normal 0.741032 -0.0818175 0.666466
    outer loop
      vertex 49.8545 107.682 22.733
      vertex 50.0851 109.839 22.7414
      vertex 49.8545 109.839 22.9978
    endloop
  endfacet
  facet normal 0.741039 -0.0818182 0.666458
    outer loop
      vertex 50.0851 109.839 22.7414
      vertex 49.8545 107.682 22.733
      vertex 50.0851 107.713 22.4804
    endloop
  endfacet
  facet normal -0.595592 0.0978853 -0.797301
    outer loop
      vertex 60.0045 105.039 27.5775
      vertex 60.2804 109.839 27.9607
      vertex 60.2804 105.039 27.3714
    endloop
  endfacet
  facet normal -0.595777 0.0978849 -0.797163
    outer loop
      vertex 60.2804 109.839 27.9607
      vertex 60.0045 105.039 27.5775
      vertex 60.0045 109.839 28.1669
    endloop
  endfacet
  facet normal 0.59559 -0.0979122 0.797299
    outer loop
      vertex 50.3396 109.839 22.509
      vertex 50.6155 105.682 21.7924
      vertex 50.6155 109.839 22.3029
    endloop
  endfacet
  facet normal 0.595721 -0.0978872 0.797204
    outer loop
      vertex 50.6155 105.682 21.7924
      vertex 50.3396 109.839 22.509
      vertex 50.3396 105.657 21.9955
    endloop
  endfacet
  facet normal 0.903923 0.0521069 -0.424509
    outer loop
      vertex 49.4733 107.21 26.5744
      vertex 49.3264 109.839 26.5843
      vertex 49.4733 109.839 26.8971
    endloop
  endfacet
  facet normal 0.903957 0.0521085 -0.424436
    outer loop
      vertex 49.3264 109.839 26.5843
      vertex 49.4733 107.21 26.5744
      vertex 49.3264 107.248 26.2662
    endloop
  endfacet
  facet normal 0.336933 -0.114719 0.934513
    outer loop
      vertex 51.2206 109.839 21.977
      vertex 51.544 105.735 21.3566
      vertex 51.544 109.839 21.8604
    endloop
  endfacet
  facet normal 0.336725 -0.114747 0.934585
    outer loop
      vertex 51.544 105.735 21.3566
      vertex 51.2206 109.839 21.977
      vertex 51.2206 105.721 21.4714
    endloop
  endfacet
  facet normal 0.427654 -0.110157 0.897206
    outer loop
      vertex 50.9101 109.839 22.125
      vertex 51.2206 105.721 21.4714
      vertex 51.2206 109.839 21.977
    endloop
  endfacet
  facet normal 0.427677 -0.110154 0.897195
    outer loop
      vertex 51.2206 105.721 21.4714
      vertex 50.9101 109.839 22.125
      vertex 50.9101 105.703 21.6172
    endloop
  endfacet
  facet normal -1 0 0
    outer loop
      vertex 64.5 105.039 27.0534
      vertex 64.5 107.729 22.3463
      vertex 64.5 105.039 22.0159
    endloop
  endfacet
  facet normal -1 0 0
    outer loop
      vertex 64.5 107.729 22.3463
      vertex 64.5 105.039 27.0534
      vertex 64.5 107.12 27.309
    endloop
  endfacet
  facet normal 0 0.121909 -0.992541
    outer loop
      vertex 46.1 105.039 27.0534
      vertex 50.0082 107.12 27.309
      vertex 50.0082 105.039 27.0534
    endloop
  endfacet
  facet normal 0 0.121909 -0.992541
    outer loop
      vertex 50.0082 107.12 27.309
      vertex 46.1 105.039 27.0534
      vertex 46.1 107.12 27.309
    endloop
  endfacet
  facet normal 0 0.121909 -0.992541
    outer loop
      vertex 60.6118 105.039 27.0534
      vertex 64.5 107.12 27.309
      vertex 64.5 105.039 27.0534
    endloop
  endfacet
  facet normal 0 0.121909 -0.992541
    outer loop
      vertex 64.5 107.12 27.309
      vertex 60.6118 105.039 27.0534
      vertex 60.6118 107.12 27.309
    endloop
  endfacet
  facet normal 0 -0.121924 0.992539
    outer loop
      vertex 50.2342 107.729 22.3463
      vertex 46.1 107.729 22.3463
      vertex 50.2342 105.645 22.0903
    endloop
  endfacet
  facet normal 0 -0.121924 0.992539
    outer loop
      vertex 60.3858 105.645 22.0903
      vertex 64.5 107.729 22.3463
      vertex 60.3858 107.729 22.3463
    endloop
  endfacet
  facet normal -7.74862e-06 -0.121909 0.992541
    outer loop
      vertex 64.5 107.729 22.3463
      vertex 60.3858 105.645 22.0903
      vertex 64.5 105.039 22.0159
    endloop
  endfacet
  facet normal 0 -0.121857 0.992548
    outer loop
      vertex 50.2342 105.645 22.0903
      vertex 64.5 105.039 22.0159
      vertex 60.3858 105.645 22.0903
    endloop
  endfacet
  facet normal 0 -0.121857 0.992548
    outer loop
      vertex 50.2342 105.645 22.0903
      vertex 46.1 105.039 22.0159
      vertex 64.5 105.039 22.0159
    endloop
  endfacet
  facet normal 7.71114e-06 -0.121909 0.992541
    outer loop
      vertex 46.1 105.039 22.0159
      vertex 50.2342 105.645 22.0903
      vertex 46.1 107.729 22.3463
    endloop
  endfacet
  facet normal 1 -0 0
    outer loop
      vertex 46.1 105.039 27.0534
      vertex 46.1 107.729 22.3463
      vertex 46.1 107.12 27.309
    endloop
  endfacet
  facet normal 1 0 0
    outer loop
      vertex 46.1 107.729 22.3463
      vertex 46.1 105.039 27.0534
      vertex 46.1 105.039 22.0159
    endloop
  endfacet
  facet normal 0 -0.992314 -0.123745
    outer loop
      vertex 46.1 107.12 27.309
      vertex 49.8545 107.141 27.1406
      vertex 50.0082 107.12 27.309
    endloop
  endfacet
  facet normal 0.000179976 -0.992799 -0.119793
    outer loop
      vertex 46.1 107.12 27.309
      vertex 49.6499 107.174 26.8668
      vertex 49.8545 107.141 27.1406
    endloop
  endfacet
  facet normal -0.000115251 -0.992514 -0.122128
    outer loop
      vertex 46.1 107.12 27.309
      vertex 49.4733 107.21 26.5744
      vertex 49.6499 107.174 26.8668
    endloop
  endfacet
  facet normal -0.000152909 -0.992493 -0.122298
    outer loop
      vertex 46.1 107.12 27.309
      vertex 49.3264 107.248 26.2662
      vertex 49.4733 107.21 26.5744
    endloop
  endfacet
  facet normal 0.000359532 -0.992685 -0.120736
    outer loop
      vertex 46.1 107.12 27.309
      vertex 49.2107 107.287 25.9452
      vertex 49.3264 107.248 26.2662
    endloop
  endfacet
  facet normal -0.000598432 -0.99242 -0.122889
    outer loop
      vertex 46.1 107.12 27.309
      vertex 49.1273 107.328 25.6145
      vertex 49.2107 107.287 25.9452
    endloop
  endfacet
  facet normal 0.000595046 -0.992678 -0.120788
    outer loop
      vertex 46.1 107.12 27.309
      vertex 49.0769 107.369 25.2773
      vertex 49.1273 107.328 25.6145
    endloop
  endfacet
  facet normal -0.000517942 -0.992481 -0.122395
    outer loop
      vertex 46.1 107.12 27.309
      vertex 49.06 107.411 24.9368
      vertex 49.0769 107.369 25.2773
    endloop
  endfacet
  facet normal -3.54127e-05 -0.992554 -0.121802
    outer loop
      vertex 46.1 107.729 22.3463
      vertex 49.06 107.411 24.9368
      vertex 46.1 107.12 27.309
    endloop
  endfacet
  facet normal 0.000492626 -0.992481 -0.122396
    outer loop
      vertex 49.06 107.411 24.9368
      vertex 46.1 107.729 22.3463
      vertex 49.0769 107.453 24.5963
    endloop
  endfacet
  facet normal -0.000726107 -0.992676 -0.120808
    outer loop
      vertex 49.0769 107.453 24.5963
      vertex 46.1 107.729 22.3463
      vertex 49.1273 107.494 24.2591
    endloop
  endfacet
  facet normal 0.000607343 -0.992421 -0.122887
    outer loop
      vertex 49.1273 107.494 24.2591
      vertex 46.1 107.729 22.3463
      vertex 49.2107 107.535 23.9284
    endloop
  endfacet
  facet normal 0.000848257 -0.992362 -0.123353
    outer loop
      vertex 49.2107 107.535 23.9284
      vertex 46.1 107.729 22.3463
      vertex 49.3264 107.575 23.6074
    endloop
  endfacet
  facet normal -0.000675084 -0.992832 -0.119513
    outer loop
      vertex 49.3264 107.575 23.6074
      vertex 46.1 107.729 22.3463
      vertex 49.4733 107.612 23.2992
    endloop
  endfacet
  facet normal 8.04575e-05 -0.992512 -0.122148
    outer loop
      vertex 49.4733 107.612 23.2992
      vertex 46.1 107.729 22.3463
      vertex 49.6499 107.648 23.0068
    endloop
  endfacet
  facet normal 0.000250274 -0.992401 -0.123048
    outer loop
      vertex 49.6499 107.648 23.0068
      vertex 46.1 107.729 22.3463
      vertex 49.8545 107.682 22.733
    endloop
  endfacet
  facet normal 0.000110491 -0.992566 -0.12171
    outer loop
      vertex 46.1 107.729 22.3463
      vertex 50.0851 107.713 22.4804
      vertex 49.8545 107.682 22.733
    endloop
  endfacet
  facet normal 0 -0.992957 -0.118474
    outer loop
      vertex 50.0851 107.713 22.4804
      vertex 46.1 107.729 22.3463
      vertex 50.2342 107.729 22.3463
    endloop
  endfacet
  facet normal 0 -0.992314 -0.123745
    outer loop
      vertex 60.7655 107.141 27.1406
      vertex 64.5 107.12 27.309
      vertex 60.6118 107.12 27.309
    endloop
  endfacet
  facet normal -0.000180908 -0.992799 -0.119793
    outer loop
      vertex 60.9701 107.174 26.8668
      vertex 64.5 107.12 27.309
      vertex 60.7655 107.141 27.1406
    endloop
  endfacet
  facet normal 0.000115858 -0.992514 -0.122127
    outer loop
      vertex 61.1467 107.21 26.5744
      vertex 64.5 107.12 27.309
      vertex 60.9701 107.174 26.8668
    endloop
  endfacet
  facet normal 0.000153735 -0.992493 -0.122298
    outer loop
      vertex 61.2936 107.248 26.2662
      vertex 64.5 107.12 27.309
      vertex 61.1467 107.21 26.5744
    endloop
  endfacet
  facet normal -0.000361539 -0.992684 -0.120737
    outer loop
      vertex 61.4093 107.287 25.9452
      vertex 64.5 107.12 27.309
      vertex 61.2936 107.248 26.2662
    endloop
  endfacet
  facet normal 0.000601917 -0.99242 -0.122888
    outer loop
      vertex 61.4927 107.328 25.6145
      vertex 64.5 107.12 27.309
      vertex 61.4093 107.287 25.9452
    endloop
  endfacet
  facet normal -0.000598696 -0.992678 -0.120789
    outer loop
      vertex 61.5431 107.369 25.2773
      vertex 64.5 107.12 27.309
      vertex 61.4927 107.328 25.6145
    endloop
  endfacet
  facet normal 0.00052133 -0.992481 -0.122395
    outer loop
      vertex 61.56 107.411 24.9368
      vertex 64.5 107.12 27.309
      vertex 61.5431 107.369 25.2773
    endloop
  endfacet
  facet normal -0.000495837 -0.992481 -0.122396
    outer loop
      vertex 64.5 107.729 22.3463
      vertex 61.56 107.411 24.9368
      vertex 61.5431 107.453 24.5963
    endloop
  endfacet
  facet normal 0.000730517 -0.992676 -0.120808
    outer loop
      vertex 64.5 107.729 22.3463
      vertex 61.5431 107.453 24.5963
      vertex 61.4927 107.494 24.2591
    endloop
  endfacet
  facet normal -0.000610824 -0.992421 -0.122886
    outer loop
      vertex 64.5 107.729 22.3463
      vertex 61.4927 107.494 24.2591
      vertex 61.4093 107.535 23.9284
    endloop
  endfacet
  facet normal -0.000852891 -0.992363 -0.123351
    outer loop
      vertex 64.5 107.729 22.3463
      vertex 61.4093 107.535 23.9284
      vertex 61.2936 107.575 23.6074
    endloop
  endfacet
  facet normal 0.00067863 -0.992832 -0.119515
    outer loop
      vertex 64.5 107.729 22.3463
      vertex 61.2936 107.575 23.6074
      vertex 61.1467 107.612 23.2992
    endloop
  endfacet
  facet normal -8.08671e-05 -0.992512 -0.122148
    outer loop
      vertex 64.5 107.729 22.3463
      vertex 61.1467 107.612 23.2992
      vertex 60.9701 107.648 23.0068
    endloop
  endfacet
  facet normal -0.000251518 -0.992401 -0.123047
    outer loop
      vertex 64.5 107.729 22.3463
      vertex 60.9701 107.648 23.0068
      vertex 60.7655 107.682 22.733
    endloop
  endfacet
  facet normal 3.56536e-05 -0.992554 -0.121802
    outer loop
      vertex 61.56 107.411 24.9368
      vertex 64.5 107.729 22.3463
      vertex 64.5 107.12 27.309
    endloop
  endfacet
  facet normal -0.000111032 -0.992566 -0.12171
    outer loop
      vertex 60.5349 107.713 22.4804
      vertex 64.5 107.729 22.3463
      vertex 60.7655 107.682 22.733
    endloop
  endfacet
  facet normal -0 -0.992957 -0.118474
    outer loop
      vertex 64.5 107.729 22.3463
      vertex 60.5349 107.713 22.4804
      vertex 60.3858 107.729 22.3463
    endloop
  endfacet
  facet normal 0 0.121876 -0.992545
    outer loop
      vertex 14.73 0 17.6826
      vertex 4.8 4.8 18.272
      vertex 14.73 4.8 18.272
    endloop
  endfacet
  facet normal 0 0.121876 -0.992545
    outer loop
      vertex 0 0 17.6826
      vertex 4.8 4.8 18.272
      vertex 14.73 0 17.6826
    endloop
  endfacet
  facet normal 8.42713e-06 0.121868 -0.992546
    outer loop
      vertex 0 20.5305 20.2034
      vertex 4.8 4.8 18.272
      vertex 0 0 17.6826
    endloop
  endfacet
  facet normal 0 0.121865 -0.992547
    outer loop
      vertex 4.8 4.8 18.272
      vertex 0 20.5305 20.2034
      vertex 4.8 20.5305 20.2034
    endloop
  endfacet
  facet normal 0 -0.12187 0.992546
    outer loop
      vertex 4.8 21.7492 10.278
      vertex 0 21.7492 10.278
      vertex 4.8 4.8 8.19688
    endloop
  endfacet
  facet normal 0 -0.12187 0.992546
    outer loop
      vertex 4.8 4.8 8.19688
      vertex 14.73 0 7.60751
      vertex 14.73 4.8 8.19688
    endloop
  endfacet
  facet normal 0 -0.12187 0.992546
    outer loop
      vertex 4.8 4.8 8.19688
      vertex 0 0 7.60751
      vertex 14.73 0 7.60751
    endloop
  endfacet
  facet normal 2.47157e-07 -0.12187 0.992546
    outer loop
      vertex 0 0 7.60751
      vertex 4.8 4.8 8.19688
      vertex 0 21.7492 10.278
    endloop
  endfacet
  facet normal 0 -0.992546 -0.121871
    outer loop
      vertex 0 21.7492 10.278
      vertex 4.8 20.5305 20.2034
      vertex 0 20.5305 20.2034
    endloop
  endfacet
  facet normal 0 -0.992546 -0.121871
    outer loop
      vertex 4.8 20.5305 20.2034
      vertex 0 21.7492 10.278
      vertex 4.8 21.7492 10.278
    endloop
  endfacet
  facet normal -1 0 0
    outer loop
      vertex 14.73 0 17.6826
      vertex 14.73 4.8 8.19688
      vertex 14.73 0 7.60751
    endloop
  endfacet
  facet normal -1 0 0
    outer loop
      vertex 14.73 4.8 8.19688
      vertex 14.73 0 17.6826
      vertex 14.73 4.8 18.272
    endloop
  endfacet
  facet normal -1 0 0
    outer loop
      vertex 5.2 105.039 23.7466
      vertex 5.2 105.431 20.5528
      vertex 5.2 105.039 20.5046
    endloop
  endfacet
  facet normal 0 0.121865 -0.992547
    outer loop
      vertex 4.8 88.639 28.5661
      vertex 0 88.639 28.5661
      vertex 4.8 105.039 30.5797
    endloop
  endfacet
  facet normal 0 0.121876 -0.992545
    outer loop
      vertex 4.8 105.039 30.5797
      vertex 14.48 109.839 31.1691
      vertex 14.48 105.039 30.5797
    endloop
  endfacet
  facet normal 0 0.121876 -0.992545
    outer loop
      vertex 4.8 105.039 30.5797
      vertex 0 109.839 31.1691
      vertex 14.48 109.839 31.1691
    endloop
  endfacet
  facet normal -8.58334e-06 0.121868 -0.992546
    outer loop
      vertex 0 109.839 31.1691
      vertex 4.8 105.039 30.5797
      vertex 0 88.639 28.5661
    endloop
  endfacet
  facet normal 0 -0.121862 0.992547
    outer loop
      vertex 14.48 109.839 21.094
      vertex 5.2 105.431 20.5528
      vertex 14.48 105.431 20.5528
    endloop
  endfacet
  facet normal 0 -0.12204 0.992525
    outer loop
      vertex 5.2 105.431 20.5528
      vertex 4.8 105.039 20.5046
      vertex 5.2 105.039 20.5046
    endloop
  endfacet
  facet normal 0 -0.121862 0.992547
    outer loop
      vertex 0 109.839 21.094
      vertex 5.2 105.431 20.5528
      vertex 14.48 109.839 21.094
    endloop
  endfacet
  facet normal -8.22935e-05 -0.121957 0.992535
    outer loop
      vertex 0 109.839 21.094
      vertex 4.8 105.039 20.5046
      vertex 5.2 105.431 20.5528
    endloop
  endfacet
  facet normal 1.17791e-05 -0.121865 0.992547
    outer loop
      vertex 0 89.8577 18.6407
      vertex 4.8 105.039 20.5046
      vertex 0 109.839 21.094
    endloop
  endfacet
  facet normal 0 -0.121861 0.992547
    outer loop
      vertex 4.8 105.039 20.5046
      vertex 0 89.8577 18.6407
      vertex 4.8 89.8577 18.6407
    endloop
  endfacet
  facet normal 0 0.992546 0.121871
    outer loop
      vertex 4.8 89.8577 18.6407
      vertex 0 88.639 28.5661
      vertex 4.8 88.639 28.5661
    endloop
  endfacet
  facet normal 0 0.992546 0.121871
    outer loop
      vertex 0 88.639 28.5661
      vertex 4.8 89.8577 18.6407
      vertex 0 89.8577 18.6407
    endloop
  endfacet
  facet normal -1 0 0
    outer loop
      vertex 14.48 105.039 23.7466
      vertex 14.48 109.839 21.094
      vertex 14.48 105.431 20.5528
    endloop
  endfacet
  facet normal -1 0 0
    outer loop
      vertex 14.48 109.839 21.094
      vertex 14.48 105.039 23.7466
      vertex 14.48 109.839 31.1691
    endloop
  endfacet
  facet normal -1 0 0
    outer loop
      vertex 14.48 109.839 31.1691
      vertex 14.48 105.039 23.7466
      vertex 14.48 105.039 30.5797
    endloop
  endfacet
  facet normal 0 0.992552 0.121824
    outer loop
      vertex 14.48 105.431 20.5528
      vertex 5.2 105.039 23.7466
      vertex 14.48 105.039 23.7466
    endloop
  endfacet
  facet normal 0 0.992552 0.121824
    outer loop
      vertex 5.2 105.039 23.7466
      vertex 14.48 105.431 20.5528
      vertex 5.2 105.431 20.5528
    endloop
  endfacet
  facet normal -8.42713e-06 0.121868 -0.992546
    outer loop
      vertex 110.4 0 17.6826
      vertex 105.6 4.8 18.272
      vertex 110.4 20.5305 20.2034
    endloop
  endfacet
  facet normal 0 0.121876 -0.992545
    outer loop
      vertex 95.67 0 17.6826
      vertex 105.6 4.8 18.272
      vertex 110.4 0 17.6826
    endloop
  endfacet
  facet normal 0 0.121876 -0.992545
    outer loop
      vertex 105.6 4.8 18.272
      vertex 95.67 0 17.6826
      vertex 95.67 4.8 18.272
    endloop
  endfacet
  facet normal 0 0.121865 -0.992547
    outer loop
      vertex 110.4 20.5305 20.2034
      vertex 105.6 4.8 18.272
      vertex 105.6 20.5305 20.2034
    endloop
  endfacet
  facet normal 0 -0.12187 0.992546
    outer loop
      vertex 105.6 4.8 8.19688
      vertex 110.4 21.7492 10.278
      vertex 105.6 21.7492 10.278
    endloop
  endfacet
  facet normal -2.47157e-07 -0.12187 0.992546
    outer loop
      vertex 110.4 21.7492 10.278
      vertex 105.6 4.8 8.19688
      vertex 110.4 0 7.60751
    endloop
  endfacet
  facet normal 0 -0.12187 0.992546
    outer loop
      vertex 95.67 0 7.60751
      vertex 105.6 4.8 8.19688
      vertex 95.67 4.8 8.19688
    endloop
  endfacet
  facet normal 0 -0.12187 0.992546
    outer loop
      vertex 105.6 4.8 8.19688
      vertex 95.67 0 7.60751
      vertex 110.4 0 7.60751
    endloop
  endfacet
  facet normal 0 -0.992546 -0.121871
    outer loop
      vertex 105.6 21.7492 10.278
      vertex 110.4 20.5305 20.2034
      vertex 105.6 20.5305 20.2034
    endloop
  endfacet
  facet normal 0 -0.992546 -0.121871
    outer loop
      vertex 110.4 20.5305 20.2034
      vertex 105.6 21.7492 10.278
      vertex 110.4 21.7492 10.278
    endloop
  endfacet
  facet normal 1 -0 0
    outer loop
      vertex 95.67 0 17.6826
      vertex 95.67 4.8 8.19688
      vertex 95.67 4.8 18.272
    endloop
  endfacet
  facet normal 1 0 0
    outer loop
      vertex 95.67 4.8 8.19688
      vertex 95.67 0 17.6826
      vertex 95.67 0 7.60751
    endloop
  endfacet
  facet normal 0 0.121865 -0.992547
    outer loop
      vertex 105.6 105.039 30.5797
      vertex 110.4 88.639 28.5661
      vertex 105.6 88.639 28.5661
    endloop
  endfacet
  facet normal 8.58334e-06 0.121868 -0.992546
    outer loop
      vertex 110.4 88.639 28.5661
      vertex 105.6 105.039 30.5797
      vertex 110.4 109.839 31.1691
    endloop
  endfacet
  facet normal 0 0.121876 -0.992545
    outer loop
      vertex 95.92 109.839 31.1691
      vertex 105.6 105.039 30.5797
      vertex 95.92 105.039 30.5797
    endloop
  endfacet
  facet normal 0 0.121876 -0.992545
    outer loop
      vertex 105.6 105.039 30.5797
      vertex 95.92 109.839 31.1691
      vertex 110.4 109.839 31.1691
    endloop
  endfacet
  facet normal -1.17791e-05 -0.121865 0.992547
    outer loop
      vertex 110.4 109.839 21.094
      vertex 105.6 105.039 20.5046
      vertex 110.4 89.8577 18.6407
    endloop
  endfacet
  facet normal 8.22935e-05 -0.121957 0.992535
    outer loop
      vertex 110.4 109.839 21.094
      vertex 105.2 105.431 20.5528
      vertex 105.6 105.039 20.5046
    endloop
  endfacet
  facet normal 0 -0.121862 0.992547
    outer loop
      vertex 95.92 109.839 21.094
      vertex 105.2 105.431 20.5528
      vertex 110.4 109.839 21.094
    endloop
  endfacet
  facet normal 0 -0.121862 0.992547
    outer loop
      vertex 105.2 105.431 20.5528
      vertex 95.92 109.839 21.094
      vertex 95.92 105.431 20.5528
    endloop
  endfacet
  facet normal 0 -0.121861 0.992547
    outer loop
      vertex 110.4 89.8577 18.6407
      vertex 105.6 105.039 20.5046
      vertex 105.6 89.8577 18.6407
    endloop
  endfacet
  facet normal 0 -0.12204 0.992525
    outer loop
      vertex 105.6 105.039 20.5046
      vertex 105.2 105.431 20.5528
      vertex 105.2 105.039 20.5046
    endloop
  endfacet
  facet normal 1 0 0
    outer loop
      vertex 105.2 105.431 20.5528
      vertex 105.2 105.039 23.7466
      vertex 105.2 105.039 20.5046
    endloop
  endfacet
  facet normal 0 0.992546 0.121871
    outer loop
      vertex 110.4 89.8577 18.6407
      vertex 105.6 88.639 28.5661
      vertex 110.4 88.639 28.5661
    endloop
  endfacet
  facet normal 0 0.992546 0.121871
    outer loop
      vertex 105.6 88.639 28.5661
      vertex 110.4 89.8577 18.6407
      vertex 105.6 89.8577 18.6407
    endloop
  endfacet
  facet normal 1 -0 0
    outer loop
      vertex 95.92 105.039 23.7466
      vertex 95.92 109.839 21.094
      vertex 95.92 109.839 31.1691
    endloop
  endfacet
  facet normal 1 0 0
    outer loop
      vertex 95.92 105.039 23.7466
      vertex 95.92 109.839 31.1691
      vertex 95.92 105.039 30.5797
    endloop
  endfacet
  facet normal 1 0 0
    outer loop
      vertex 95.92 109.839 21.094
      vertex 95.92 105.039 23.7466
      vertex 95.92 105.431 20.5528
    endloop
  endfacet
  facet normal 0 0.992552 0.121824
    outer loop
      vertex 105.2 105.431 20.5528
      vertex 95.92 105.039 23.7466
      vertex 105.2 105.039 23.7466
    endloop
  endfacet
  facet normal 0 0.992552 0.121824
    outer loop
      vertex 95.92 105.039 23.7466
      vertex 105.2 105.431 20.5528
      vertex 95.92 105.431 20.5528
    endloop
  endfacet
  facet normal -0.989132 -0.145932 -0.0179168
    outer loop
      vertex 57.2899 2.78711 18.0349
      vertex 57.2596 2.80664 19.5486
      vertex 57.2596 2.98944 18.0597
    endloop
  endfacet
  facet normal -0.989135 -0.145916 -0.0179171
    outer loop
      vertex 57.2596 2.80664 19.5486
      vertex 57.2899 2.78711 18.0349
      vertex 57.2899 2.6043 19.5237
    endloop
  endfacet
  facet normal -0.998798 -0.0486415 -0.0059727
    outer loop
      vertex 57.3 2.5828 18.0098
      vertex 57.2899 2.6043 19.5237
      vertex 57.2899 2.78711 18.0349
    endloop
  endfacet
  facet normal -0.998798 -0.0486439 -0.00597267
    outer loop
      vertex 57.2899 2.6043 19.5237
      vertex 57.3 2.5828 18.0098
      vertex 57.3 2.4 19.4986
    endloop
  endfacet
  facet normal -0.970118 -0.240824 -0.0295709
    outer loop
      vertex 57.2596 2.98944 18.0597
      vertex 57.2096 3.00505 19.5729
      vertex 57.2096 3.18786 18.0841
    endloop
  endfacet
  facet normal -0.970112 -0.24085 -0.0295704
    outer loop
      vertex 57.2096 3.00505 19.5729
      vertex 57.2596 2.98944 18.0597
      vertex 57.2596 2.80664 19.5486
    endloop
  endfacet
  facet normal -0.336967 0.934498 0.114743
    outer loop
      vertex 56.0036 0.657119 17.7734
      vertex 55.8096 0.405405 19.2537
      vertex 56.0036 0.474315 19.2622
    endloop
  endfacet
  facet normal -0.336967 0.934498 0.114743
    outer loop
      vertex 55.8096 0.405405 19.2537
      vertex 56.0036 0.657119 17.7734
      vertex 55.8096 0.588209 17.7649
    endloop
  endfacet
  facet normal -0.427598 -0.897231 -0.110165
    outer loop
      vertex 56.0036 4.50849 18.2463
      vertex 56.1899 4.23823 19.7243
      vertex 56.0036 4.32569 19.7351
    endloop
  endfacet
  facet normal -0.427598 -0.897231 -0.110165
    outer loop
      vertex 56.1899 4.23823 19.7243
      vertex 56.0036 4.50849 18.2463
      vertex 56.1899 4.42103 18.2355
    endloop
  endfacet
  facet normal 0.595745 -0.797187 -0.0978867
    outer loop
      vertex 53.8678 4.01122 19.6965
      vertex 54.0333 4.31588 18.2226
      vertex 54.0333 4.13307 19.7114
    endloop
  endfacet
  facet normal 0.595783 -0.797159 -0.0978768
    outer loop
      vertex 54.0333 4.31588 18.2226
      vertex 53.8678 4.01122 19.6965
      vertex 53.8678 4.19403 18.2076
    endloop
  endfacet
  facet normal 0.336967 0.934498 0.114743
    outer loop
      vertex 54.5904 0.405405 19.2537
      vertex 54.3964 0.657119 17.7734
      vertex 54.3964 0.474315 19.2622
    endloop
  endfacet
  facet normal 0.336967 0.934498 0.114743
    outer loop
      vertex 54.3964 0.657119 17.7734
      vertex 54.5904 0.405405 19.2537
      vertex 54.5904 0.588209 17.7649
    endloop
  endfacet
  facet normal 0.1467 0.981808 0.120552
    outer loop
      vertex 54.9942 0.325691 19.2439
      vertex 54.7903 0.538507 17.7588
      vertex 54.7903 0.355703 19.2476
    endloop
  endfacet
  facet normal 0.1467 0.981808 0.120552
    outer loop
      vertex 54.7903 0.538507 17.7588
      vertex 54.9942 0.325691 19.2439
      vertex 54.9942 0.508495 17.7551
    endloop
  endfacet
  facet normal 0.427534 0.897261 0.110171
    outer loop
      vertex 54.3964 0.474315 19.2622
      vertex 54.2101 0.744575 17.7841
      vertex 54.2101 0.561771 19.2729
    endloop
  endfacet
  facet normal 0.427534 0.897261 0.110171
    outer loop
      vertex 54.2101 0.744575 17.7841
      vertex 54.3964 0.474315 19.2622
      vertex 54.3964 0.657119 17.7734
    endloop
  endfacet
  facet normal -0.904023 -0.424296 -0.0520994
    outer loop
      vertex 57.1401 3.38045 18.1077
      vertex 57.052 3.38255 19.6193
      vertex 57.052 3.56536 18.1305
    endloop
  endfacet
  facet normal -0.904004 -0.424338 -0.0520982
    outer loop
      vertex 57.052 3.38255 19.6193
      vertex 57.1401 3.38045 18.1077
      vertex 57.1401 3.19765 19.5966
    endloop
  endfacet
  facet normal -0.970118 0.240824 0.0295709
    outer loop
      vertex 57.2096 1.97775 17.9355
      vertex 57.2596 1.99336 19.4487
      vertex 57.2596 2.17617 17.9599
    endloop
  endfacet
  facet normal -0.970115 0.240836 0.0295707
    outer loop
      vertex 57.2596 1.99336 19.4487
      vertex 57.2096 1.97775 17.9355
      vertex 57.2096 1.79495 19.4243
    endloop
  endfacet
  facet normal -0.595745 -0.797187 -0.0978867
    outer loop
      vertex 56.3667 4.31588 18.2226
      vertex 56.5322 4.01122 19.6965
      vertex 56.3667 4.13307 19.7114
    endloop
  endfacet
  facet normal -0.595783 -0.797159 -0.0978768
    outer loop
      vertex 56.5322 4.01122 19.6965
      vertex 56.3667 4.31588 18.2226
      vertex 56.5322 4.19403 18.2076
    endloop
  endfacet
  facet normal 0.242983 -0.9628 -0.118216
    outer loop
      vertex 54.5904 4.3946 19.7435
      vertex 54.7903 4.6271 18.2608
      vertex 54.7903 4.4443 19.7496
    endloop
  endfacet
  facet normal 0.242983 -0.9628 -0.118216
    outer loop
      vertex 54.7903 4.6271 18.2608
      vertex 54.5904 4.3946 19.7435
      vertex 54.5904 4.5774 18.2547
    endloop
  endfacet
  facet normal -0.514026 -0.851381 -0.104536
    outer loop
      vertex 56.1899 4.42103 18.2355
      vertex 56.3667 4.13307 19.7114
      vertex 56.1899 4.23823 19.7243
    endloop
  endfacet
  facet normal -0.51399 -0.851402 -0.104544
    outer loop
      vertex 56.3667 4.13307 19.7114
      vertex 56.1899 4.42103 18.2355
      vertex 56.3667 4.31588 18.2226
    endloop
  endfacet
  facet normal -0.941429 -0.334698 -0.0410926
    outer loop
      vertex 57.2096 3.18786 18.0841
      vertex 57.1401 3.19765 19.5966
      vertex 57.1401 3.38045 18.1077
    endloop
  endfacet
  facet normal -0.941441 -0.334664 -0.0410934
    outer loop
      vertex 57.1401 3.19765 19.5966
      vertex 57.2096 3.18786 18.0841
      vertex 57.2096 3.00505 19.5729
    endloop
  endfacet
  facet normal 0.904013 0.424319 0.0520994
    outer loop
      vertex 53.2599 1.60236 19.4007
      vertex 53.348 1.60025 17.8892
      vertex 53.2599 1.78516 17.9119
    endloop
  endfacet
  facet normal 0.904013 0.424319 0.0520994
    outer loop
      vertex 53.348 1.60025 17.8892
      vertex 53.2599 1.60236 19.4007
      vertex 53.348 1.41745 19.378
    endloop
  endfacet
  facet normal -0.989132 0.145932 0.017918
    outer loop
      vertex 57.2596 2.17617 17.9599
      vertex 57.2899 2.1957 19.4735
      vertex 57.2899 2.3785 17.9847
    endloop
  endfacet
  facet normal -0.989133 0.145925 0.0179181
    outer loop
      vertex 57.2899 2.1957 19.4735
      vertex 57.2596 2.17617 17.9599
      vertex 57.2596 1.99336 19.4487
    endloop
  endfacet
  facet normal 0.595783 0.797159 0.0978801
    outer loop
      vertex 54.0333 0.666929 19.2858
      vertex 53.8678 0.971583 17.812
      vertex 53.8678 0.788779 19.3008
    endloop
  endfacet
  facet normal 0.595783 0.797159 0.0978801
    outer loop
      vertex 53.8678 0.971583 17.812
      vertex 54.0333 0.666929 19.2858
      vertex 54.0333 0.849733 17.797
    endloop
  endfacet
  facet normal -0.595783 0.797159 0.0978801
    outer loop
      vertex 56.5322 0.971583 17.812
      vertex 56.3667 0.666929 19.2858
      vertex 56.5322 0.788779 19.3008
    endloop
  endfacet
  facet normal -0.595783 0.797159 0.0978801
    outer loop
      vertex 56.3667 0.666929 19.2858
      vertex 56.5322 0.971583 17.812
      vertex 56.3667 0.849733 17.797
    endloop
  endfacet
  facet normal -0.803122 -0.591373 -0.0726108
    outer loop
      vertex 56.9461 3.74081 18.152
      vertex 56.8233 3.7223 19.661
      vertex 56.8233 3.9051 18.1722
    endloop
  endfacet
  facet normal -0.803139 -0.59135 -0.0726119
    outer loop
      vertex 56.8233 3.7223 19.661
      vertex 56.9461 3.74081 18.152
      vertex 56.9461 3.558 19.6408
    endloop
  endfacet
  facet normal 0.998798 0.0486439 0.00597267
    outer loop
      vertex 53.1 2.4 19.4986
      vertex 53.1101 2.3785 17.9847
      vertex 53.1 2.5828 18.0098
    endloop
  endfacet
  facet normal 0.998798 0.0486439 0.00597267
    outer loop
      vertex 53.1101 2.3785 17.9847
      vertex 53.1 2.4 19.4986
      vertex 53.1101 2.1957 19.4735
    endloop
  endfacet
  facet normal -0.0490634 0.991351 0.121724
    outer loop
      vertex 55.4058 0.508495 17.7551
      vertex 55.2 0.315653 19.2427
      vertex 55.4058 0.325691 19.2439
    endloop
  endfacet
  facet normal -0.0490634 0.991351 0.121724
    outer loop
      vertex 55.2 0.315653 19.2427
      vertex 55.4058 0.508495 17.7551
      vertex 55.2 0.498457 17.7539
    endloop
  endfacet
  facet normal -0.14669 -0.981809 -0.12055
    outer loop
      vertex 55.4058 4.65711 18.2645
      vertex 55.6097 4.4443 19.7496
      vertex 55.4058 4.47431 19.7533
    endloop
  endfacet
  facet normal -0.14669 -0.981809 -0.12055
    outer loop
      vertex 55.6097 4.4443 19.7496
      vertex 55.4058 4.65711 18.2645
      vertex 55.6097 4.6271 18.2608
    endloop
  endfacet
  facet normal -0.998798 0.0486439 0.00597267
    outer loop
      vertex 57.2899 2.3785 17.9847
      vertex 57.3 2.4 19.4986
      vertex 57.3 2.5828 18.0098
    endloop
  endfacet
  facet normal -0.998798 0.0486439 0.00597267
    outer loop
      vertex 57.3 2.4 19.4986
      vertex 57.2899 2.3785 17.9847
      vertex 57.2899 2.1957 19.4735
    endloop
  endfacet
  facet normal 0.941429 0.334698 0.0410954
    outer loop
      vertex 53.1904 1.79495 19.4243
      vertex 53.2599 1.78516 17.9119
      vertex 53.1904 1.97775 17.9355
    endloop
  endfacet
  facet normal 0.941429 0.334698 0.0410954
    outer loop
      vertex 53.2599 1.78516 17.9119
      vertex 53.1904 1.79495 19.4243
      vertex 53.2599 1.60236 19.4007
    endloop
  endfacet
  facet normal 0.740943 -0.666562 -0.0818428
    outer loop
      vertex 53.7151 3.87386 19.6796
      vertex 53.5767 3.9051 18.1722
      vertex 53.7151 4.05666 18.1908
    endloop
  endfacet
  facet normal 0.740943 -0.666562 -0.0818428
    outer loop
      vertex 53.5767 3.9051 18.1722
      vertex 53.7151 3.87386 19.6796
      vertex 53.5767 3.7223 19.661
    endloop
  endfacet
  facet normal 0.904023 -0.424296 -0.0520994
    outer loop
      vertex 53.348 3.38255 19.6193
      vertex 53.2599 3.38045 18.1077
      vertex 53.348 3.56536 18.1305
    endloop
  endfacet
  facet normal 0.904004 -0.424338 -0.0520982
    outer loop
      vertex 53.2599 3.38045 18.1077
      vertex 53.348 3.38255 19.6193
      vertex 53.2599 3.19765 19.5966
    endloop
  endfacet
  facet normal 0.970118 0.240824 0.0295709
    outer loop
      vertex 53.1404 1.99336 19.4487
      vertex 53.1904 1.97775 17.9355
      vertex 53.1404 2.17617 17.9599
    endloop
  endfacet
  facet normal 0.970115 0.240836 0.0295707
    outer loop
      vertex 53.1904 1.97775 17.9355
      vertex 53.1404 1.99336 19.4487
      vertex 53.1904 1.79495 19.4243
    endloop
  endfacet
  facet normal -0.427534 0.897261 0.110171
    outer loop
      vertex 56.1899 0.744575 17.7841
      vertex 56.0036 0.474315 19.2622
      vertex 56.1899 0.561771 19.2729
    endloop
  endfacet
  facet normal -0.427534 0.897261 0.110171
    outer loop
      vertex 56.0036 0.474315 19.2622
      vertex 56.1899 0.744575 17.7841
      vertex 56.0036 0.657119 17.7734
    endloop
  endfacet
  facet normal 0.941429 -0.334698 -0.0410926
    outer loop
      vertex 53.2599 3.19765 19.5966
      vertex 53.1904 3.18786 18.0841
      vertex 53.2599 3.38045 18.1077
    endloop
  endfacet
  facet normal 0.941441 -0.334664 -0.0410934
    outer loop
      vertex 53.1904 3.18786 18.0841
      vertex 53.2599 3.19765 19.5966
      vertex 53.1904 3.00505 19.5729
    endloop
  endfacet
  facet normal 0.242992 0.962798 0.118218
    outer loop
      vertex 54.7903 0.355703 19.2476
      vertex 54.5904 0.588209 17.7649
      vertex 54.5904 0.405405 19.2537
    endloop
  endfacet
  facet normal 0.242992 0.962798 0.118218
    outer loop
      vertex 54.5904 0.588209 17.7649
      vertex 54.7903 0.355703 19.2476
      vertex 54.7903 0.538507 17.7588
    endloop
  endfacet
  facet normal -0.242983 -0.9628 -0.118216
    outer loop
      vertex 55.6097 4.6271 18.2608
      vertex 55.8096 4.3946 19.7435
      vertex 55.6097 4.4443 19.7496
    endloop
  endfacet
  facet normal -0.242983 -0.9628 -0.118216
    outer loop
      vertex 55.8096 4.3946 19.7435
      vertex 55.6097 4.6271 18.2608
      vertex 55.8096 4.5774 18.2547
    endloop
  endfacet
  facet normal 0.14669 -0.981809 -0.12055
    outer loop
      vertex 54.7903 4.4443 19.7496
      vertex 54.9942 4.65711 18.2645
      vertex 54.9942 4.47431 19.7533
    endloop
  endfacet
  facet normal 0.14669 -0.981809 -0.12055
    outer loop
      vertex 54.9942 4.65711 18.2645
      vertex 54.7903 4.4443 19.7496
      vertex 54.7903 4.6271 18.2608
    endloop
  endfacet
  facet normal -0.1467 0.981808 0.120552
    outer loop
      vertex 55.6097 0.538507 17.7588
      vertex 55.4058 0.325691 19.2439
      vertex 55.6097 0.355703 19.2476
    endloop
  endfacet
  facet normal -0.1467 0.981808 0.120552
    outer loop
      vertex 55.4058 0.325691 19.2439
      vertex 55.6097 0.538507 17.7588
      vertex 55.4058 0.508495 17.7551
    endloop
  endfacet
  facet normal -0.242992 0.962798 0.118218
    outer loop
      vertex 55.8096 0.588209 17.7649
      vertex 55.6097 0.355703 19.2476
      vertex 55.8096 0.405405 19.2537
    endloop
  endfacet
  facet normal -0.242992 0.962798 0.118218
    outer loop
      vertex 55.6097 0.355703 19.2476
      vertex 55.8096 0.588209 17.7649
      vertex 55.6097 0.538507 17.7588
    endloop
  endfacet
  facet normal -0.803101 0.591401 0.0726143
    outer loop
      vertex 56.8233 1.26051 17.8475
      vertex 56.9461 1.242 19.3564
      vertex 56.9461 1.4248 17.8676
    endloop
  endfacet
  facet normal -0.803118 0.591378 0.0726154
    outer loop
      vertex 56.9461 1.242 19.3564
      vertex 56.8233 1.26051 17.8475
      vertex 56.8233 1.0777 19.3363
    endloop
  endfacet
  facet normal -0.857845 0.510077 0.062629
    outer loop
      vertex 56.9461 1.4248 17.8676
      vertex 57.052 1.41745 19.378
      vertex 57.052 1.60025 17.8892
    endloop
  endfacet
  facet normal -0.857845 0.510077 0.062629
    outer loop
      vertex 57.052 1.41745 19.378
      vertex 56.9461 1.4248 17.8676
      vertex 56.9461 1.242 19.3564
    endloop
  endfacet
  facet normal -0.514019 0.851385 0.104538
    outer loop
      vertex 56.3667 0.849733 17.797
      vertex 56.1899 0.561771 19.2729
      vertex 56.3667 0.666929 19.2858
    endloop
  endfacet
  facet normal -0.514019 0.851385 0.104538
    outer loop
      vertex 56.1899 0.561771 19.2729
      vertex 56.3667 0.849733 17.797
      vertex 56.1899 0.744575 17.7841
    endloop
  endfacet
  facet normal -0.941429 0.334698 0.0410954
    outer loop
      vertex 57.1401 1.78516 17.9119
      vertex 57.2096 1.79495 19.4243
      vertex 57.2096 1.97775 17.9355
    endloop
  endfacet
  facet normal -0.941429 0.334698 0.0410954
    outer loop
      vertex 57.2096 1.79495 19.4243
      vertex 57.1401 1.78516 17.9119
      vertex 57.1401 1.60236 19.4007
    endloop
  endfacet
  facet normal -0.049132 -0.991349 -0.121713
    outer loop
      vertex 55.2 4.66715 18.2657
      vertex 55.4058 4.47431 19.7533
      vertex 55.2 4.48435 19.7546
    endloop
  endfacet
  facet normal -0.049073 -0.99135 -0.121721
    outer loop
      vertex 55.4058 4.47431 19.7533
      vertex 55.2 4.66715 18.2657
      vertex 55.4058 4.65711 18.2645
    endloop
  endfacet
  facet normal -0.904013 0.424319 0.0520994
    outer loop
      vertex 57.052 1.60025 17.8892
      vertex 57.1401 1.60236 19.4007
      vertex 57.1401 1.78516 17.9119
    endloop
  endfacet
  facet normal -0.904013 0.424319 0.0520994
    outer loop
      vertex 57.1401 1.60236 19.4007
      vertex 57.052 1.60025 17.8892
      vertex 57.052 1.41745 19.378
    endloop
  endfacet
  facet normal 0.857845 0.510077 0.062629
    outer loop
      vertex 53.348 1.41745 19.378
      vertex 53.4539 1.4248 17.8676
      vertex 53.348 1.60025 17.8892
    endloop
  endfacet
  facet normal 0.857845 0.510077 0.062629
    outer loop
      vertex 53.4539 1.4248 17.8676
      vertex 53.348 1.41745 19.378
      vertex 53.4539 1.242 19.3564
    endloop
  endfacet
  facet normal -0.85783 -0.510103 -0.0626356
    outer loop
      vertex 57.052 3.56536 18.1305
      vertex 56.9461 3.558 19.6408
      vertex 56.9461 3.74081 18.152
    endloop
  endfacet
  facet normal -0.85783 -0.510103 -0.0626356
    outer loop
      vertex 56.9461 3.558 19.6408
      vertex 57.052 3.56536 18.1305
      vertex 57.052 3.38255 19.6193
    endloop
  endfacet
  facet normal 0.514026 -0.851381 -0.104536
    outer loop
      vertex 54.0333 4.13307 19.7114
      vertex 54.2101 4.42103 18.2355
      vertex 54.2101 4.23823 19.7243
    endloop
  endfacet
  facet normal 0.51399 -0.851402 -0.104544
    outer loop
      vertex 54.2101 4.42103 18.2355
      vertex 54.0333 4.13307 19.7114
      vertex 54.0333 4.31588 18.2226
    endloop
  endfacet
  facet normal 0.427598 -0.897231 -0.110165
    outer loop
      vertex 54.2101 4.23823 19.7243
      vertex 54.3964 4.50849 18.2463
      vertex 54.3964 4.32569 19.7351
    endloop
  endfacet
  facet normal 0.427598 -0.897231 -0.110165
    outer loop
      vertex 54.3964 4.50849 18.2463
      vertex 54.2101 4.23823 19.7243
      vertex 54.2101 4.42103 18.2355
    endloop
  endfacet
  facet normal -0.67155 -0.735437 -0.0902983
    outer loop
      vertex 56.5322 4.19403 18.2076
      vertex 56.6849 3.87386 19.6796
      vertex 56.5322 4.01122 19.6965
    endloop
  endfacet
  facet normal -0.671544 -0.735442 -0.0903001
    outer loop
      vertex 56.6849 3.87386 19.6796
      vertex 56.5322 4.19403 18.2076
      vertex 56.6849 4.05666 18.1908
    endloop
  endfacet
  facet normal 0.336915 -0.934517 -0.114743
    outer loop
      vertex 54.3964 4.32569 19.7351
      vertex 54.5904 4.5774 18.2547
      vertex 54.5904 4.3946 19.7435
    endloop
  endfacet
  facet normal 0.336915 -0.934517 -0.114743
    outer loop
      vertex 54.5904 4.5774 18.2547
      vertex 54.3964 4.32569 19.7351
      vertex 54.3964 4.50849 18.2463
    endloop
  endfacet
  facet normal 0.740969 0.666533 0.0818437
    outer loop
      vertex 53.5767 1.0777 19.3363
      vertex 53.7151 1.10895 17.8288
      vertex 53.5767 1.26051 17.8475
    endloop
  endfacet
  facet normal 0.740934 0.666572 0.0818412
    outer loop
      vertex 53.7151 1.10895 17.8288
      vertex 53.5767 1.0777 19.3363
      vertex 53.7151 0.926144 19.3177
    endloop
  endfacet
  facet normal 0.67155 -0.735437 -0.0902983
    outer loop
      vertex 53.7151 3.87386 19.6796
      vertex 53.8678 4.19403 18.2076
      vertex 53.8678 4.01122 19.6965
    endloop
  endfacet
  facet normal 0.671544 -0.735442 -0.0903001
    outer loop
      vertex 53.8678 4.19403 18.2076
      vertex 53.7151 3.87386 19.6796
      vertex 53.7151 4.05666 18.1908
    endloop
  endfacet
  facet normal 0.514019 0.851385 0.104538
    outer loop
      vertex 54.2101 0.561771 19.2729
      vertex 54.0333 0.849733 17.797
      vertex 54.0333 0.666929 19.2858
    endloop
  endfacet
  facet normal 0.514019 0.851385 0.104538
    outer loop
      vertex 54.0333 0.849733 17.797
      vertex 54.2101 0.561771 19.2729
      vertex 54.2101 0.744575 17.7841
    endloop
  endfacet
  facet normal 0.970118 -0.240824 -0.0295709
    outer loop
      vertex 53.1904 3.00505 19.5729
      vertex 53.1404 2.98944 18.0597
      vertex 53.1904 3.18786 18.0841
    endloop
  endfacet
  facet normal 0.970112 -0.24085 -0.0295704
    outer loop
      vertex 53.1404 2.98944 18.0597
      vertex 53.1904 3.00505 19.5729
      vertex 53.1404 2.80664 19.5486
    endloop
  endfacet
  facet normal 0.049132 -0.991349 -0.121713
    outer loop
      vertex 54.9942 4.47431 19.7533
      vertex 55.2 4.66715 18.2657
      vertex 55.2 4.48435 19.7546
    endloop
  endfacet
  facet normal 0.049073 -0.99135 -0.121721
    outer loop
      vertex 55.2 4.66715 18.2657
      vertex 54.9942 4.47431 19.7533
      vertex 54.9942 4.65711 18.2645
    endloop
  endfacet
  facet normal -0.740943 -0.666562 -0.0818428
    outer loop
      vertex 56.8233 3.9051 18.1722
      vertex 56.6849 3.87386 19.6796
      vertex 56.6849 4.05666 18.1908
    endloop
  endfacet
  facet normal -0.740943 -0.666562 -0.0818428
    outer loop
      vertex 56.6849 3.87386 19.6796
      vertex 56.8233 3.9051 18.1722
      vertex 56.8233 3.7223 19.661
    endloop
  endfacet
  facet normal 0.989132 -0.145932 -0.0179168
    outer loop
      vertex 53.1404 2.80664 19.5486
      vertex 53.1101 2.78711 18.0349
      vertex 53.1404 2.98944 18.0597
    endloop
  endfacet
  facet normal 0.989135 -0.145916 -0.0179171
    outer loop
      vertex 53.1101 2.78711 18.0349
      vertex 53.1404 2.80664 19.5486
      vertex 53.1101 2.6043 19.5237
    endloop
  endfacet
  facet normal 0.803101 0.591401 0.0726143
    outer loop
      vertex 53.4539 1.242 19.3564
      vertex 53.5767 1.26051 17.8475
      vertex 53.4539 1.4248 17.8676
    endloop
  endfacet
  facet normal 0.803118 0.591378 0.0726154
    outer loop
      vertex 53.5767 1.26051 17.8475
      vertex 53.4539 1.242 19.3564
      vertex 53.5767 1.0777 19.3363
    endloop
  endfacet
  facet normal 0.989132 0.145932 0.017918
    outer loop
      vertex 53.1101 2.1957 19.4735
      vertex 53.1404 2.17617 17.9599
      vertex 53.1101 2.3785 17.9847
    endloop
  endfacet
  facet normal 0.989133 0.145925 0.0179181
    outer loop
      vertex 53.1404 2.17617 17.9599
      vertex 53.1101 2.1957 19.4735
      vertex 53.1404 1.99336 19.4487
    endloop
  endfacet
  facet normal -6.03657e-05 -0.121939 0.992538
    outer loop
      vertex 57.2899 2.78711 18.0349
      vertex 57.2899 2.3785 17.9847
      vertex 57.3 2.5828 18.0098
    endloop
  endfacet
  facet normal -0.00187895 -0.121939 0.992536
    outer loop
      vertex 57.2596 2.98944 18.0597
      vertex 57.2899 2.3785 17.9847
      vertex 57.2899 2.78711 18.0349
    endloop
  endfacet
  facet normal 0.000944055 -0.121801 0.992554
    outer loop
      vertex 57.2596 2.98944 18.0597
      vertex 57.2596 2.17617 17.9599
      vertex 57.2899 2.3785 17.9847
    endloop
  endfacet
  facet normal 0.00101229 -0.121801 0.992554
    outer loop
      vertex 57.2096 3.18786 18.0841
      vertex 57.2596 2.17617 17.9599
      vertex 57.2596 2.98944 18.0597
    endloop
  endfacet
  facet normal -0.000680315 -0.121883 0.992544
    outer loop
      vertex 57.2096 3.18786 18.0841
      vertex 57.2096 1.97775 17.9355
      vertex 57.2596 2.17617 17.9599
    endloop
  endfacet
  facet normal -0.000711376 -0.121883 0.992544
    outer loop
      vertex 57.1401 3.38045 18.1077
      vertex 57.2096 1.97775 17.9355
      vertex 57.2096 3.18786 18.0841
    endloop
  endfacet
  facet normal 0.000539619 -0.121822 0.992552
    outer loop
      vertex 57.1401 3.38045 18.1077
      vertex 57.1401 1.78516 17.9119
      vertex 57.2096 1.97775 17.9355
    endloop
  endfacet
  facet normal 0.00118103 -0.121822 0.992551
    outer loop
      vertex 57.052 3.56536 18.1305
      vertex 57.1401 1.78516 17.9119
      vertex 57.1401 3.38045 18.1077
    endloop
  endfacet
  facet normal 6.18369e-05 -0.121877 0.992545
    outer loop
      vertex 57.052 3.56536 18.1305
      vertex 57.052 1.60025 17.8892
      vertex 57.1401 1.78516 17.9119
    endloop
  endfacet
  facet normal -0.000411221 -0.121877 0.992545
    outer loop
      vertex 56.9461 3.74081 18.152
      vertex 57.052 1.60025 17.8892
      vertex 57.052 3.56536 18.1305
    endloop
  endfacet
  facet normal -0.000517329 -0.121882 0.992544
    outer loop
      vertex 56.9461 3.74081 18.152
      vertex 56.9461 1.4248 17.8676
      vertex 57.052 1.60025 17.8892
    endloop
  endfacet
  facet normal 0.000207041 -0.121882 0.992545
    outer loop
      vertex 56.8233 3.9051 18.1722
      vertex 56.9461 1.4248 17.8676
      vertex 56.9461 3.74081 18.152
    endloop
  endfacet
  facet normal 0.000576734 -0.121864 0.992547
    outer loop
      vertex 56.8233 3.9051 18.1722
      vertex 56.8233 1.26051 17.8475
      vertex 56.9461 1.4248 17.8676
    endloop
  endfacet
  facet normal -6.00879e-05 -0.121864 0.992547
    outer loop
      vertex 56.6849 4.05666 18.1908
      vertex 56.8233 1.26051 17.8475
      vertex 56.8233 3.9051 18.1722
    endloop
  endfacet
  facet normal -0.000626373 -0.121891 0.992543
    outer loop
      vertex 56.6849 4.05666 18.1908
      vertex 56.6849 1.10895 17.8288
      vertex 56.8233 1.26051 17.8475
    endloop
  endfacet
  facet normal -0.000455156 -0.121891 0.992543
    outer loop
      vertex 56.5322 4.19403 18.2076
      vertex 56.6849 1.10895 17.8288
      vertex 56.6849 4.05666 18.1908
    endloop
  endfacet
  facet normal 0.000414061 -0.121849 0.992549
    outer loop
      vertex 56.5322 4.19403 18.2076
      vertex 56.5322 0.971583 17.812
      vertex 56.6849 1.10895 17.8288
    endloop
  endfacet
  facet normal 0.000247237 -0.121849 0.992549
    outer loop
      vertex 56.3667 4.31588 18.2226
      vertex 56.5322 0.971583 17.812
      vertex 56.5322 4.19403 18.2076
    endloop
  endfacet
  facet normal -0.000229853 -0.121872 0.992546
    outer loop
      vertex 56.3667 4.31588 18.2226
      vertex 56.3667 0.849733 17.797
      vertex 56.5322 0.971583 17.812
    endloop
  endfacet
  facet normal -6.24273e-05 -0.121872 0.992546
    outer loop
      vertex 56.1899 4.42103 18.2355
      vertex 56.3667 0.849733 17.797
      vertex 56.3667 4.31588 18.2226
    endloop
  endfacet
  facet normal 6.4213e-05 -0.121866 0.992547
    outer loop
      vertex 56.1899 4.42103 18.2355
      vertex 56.1899 0.744575 17.7841
      vertex 56.3667 0.849733 17.797
    endloop
  endfacet
  facet normal 0.000327896 -0.121866 0.992546
    outer loop
      vertex 56.0036 4.50849 18.2463
      vertex 56.1899 0.744575 17.7841
      vertex 56.1899 4.42103 18.2355
    endloop
  endfacet
  facet normal 0.000205108 -0.121872 0.992546
    outer loop
      vertex 56.0036 4.50849 18.2463
      vertex 56.0036 0.657119 17.7734
      vertex 56.1899 0.744575 17.7841
    endloop
  endfacet
  facet normal -0.000313536 -0.121872 0.992546
    outer loop
      vertex 55.8096 4.5774 18.2547
      vertex 56.0036 0.657119 17.7734
      vertex 56.0036 4.50849 18.2463
    endloop
  endfacet
  facet normal -0.00020008 -0.121867 0.992546
    outer loop
      vertex 55.8096 4.5774 18.2547
      vertex 55.8096 0.588209 17.7649
      vertex 56.0036 0.657119 17.7734
    endloop
  endfacet
  facet normal -1.11957e-05 -0.121867 0.992546
    outer loop
      vertex 55.6097 4.6271 18.2608
      vertex 55.8096 0.588209 17.7649
      vertex 55.8096 4.5774 18.2547
    endloop
  endfacet
  facet normal 1.21279e-05 -0.121865 0.992547
    outer loop
      vertex 55.6097 4.6271 18.2608
      vertex 55.6097 0.538507 17.7588
      vertex 55.8096 0.588209 17.7649
    endloop
  endfacet
  facet normal 7.47378e-05 -0.121865 0.992547
    outer loop
      vertex 55.4058 4.65711 18.2645
      vertex 55.6097 0.538507 17.7588
      vertex 55.6097 4.6271 18.2608
    endloop
  endfacet
  facet normal -7.24697e-05 -0.121873 0.992546
    outer loop
      vertex 55.4058 4.65711 18.2645
      vertex 55.4058 0.508495 17.7551
      vertex 55.6097 0.538507 17.7588
    endloop
  endfacet
  facet normal -0.000158147 -0.121873 0.992546
    outer loop
      vertex 55.2 4.66715 18.2657
      vertex 55.4058 0.508495 17.7551
      vertex 55.4058 4.65711 18.2645
    endloop
  endfacet
  facet normal 0.000156205 -0.121857 0.992548
    outer loop
      vertex 55.2 4.66715 18.2657
      vertex 55.2 0.498457 17.7539
      vertex 55.4058 0.508495 17.7551
    endloop
  endfacet
  facet normal 0.000157389 -0.121857 0.992548
    outer loop
      vertex 54.9942 4.65711 18.2645
      vertex 55.2 0.498457 17.7539
      vertex 55.2 4.66715 18.2657
    endloop
  endfacet
  facet normal -0.000156963 -0.121873 0.992546
    outer loop
      vertex 54.9942 4.65711 18.2645
      vertex 54.9942 0.508495 17.7551
      vertex 55.2 0.498457 17.7539
    endloop
  endfacet
  facet normal -7.36651e-05 -0.121873 0.992546
    outer loop
      vertex 54.7903 4.6271 18.2608
      vertex 54.9942 0.508495 17.7551
      vertex 54.9942 4.65711 18.2645
    endloop
  endfacet
  facet normal 7.35425e-05 -0.121865 0.992547
    outer loop
      vertex 54.7903 4.6271 18.2608
      vertex 54.7903 0.538507 17.7588
      vertex 54.9942 0.508495 17.7551
    endloop
  endfacet
  facet normal 1.09087e-05 -0.121865 0.992547
    outer loop
      vertex 54.5904 4.5774 18.2547
      vertex 54.7903 0.538507 17.7588
      vertex 54.7903 4.6271 18.2608
    endloop
  endfacet
  facet normal -1.24149e-05 -0.121867 0.992546
    outer loop
      vertex 54.5904 4.5774 18.2547
      vertex 54.5904 0.588209 17.7649
      vertex 54.7903 0.538507 17.7588
    endloop
  endfacet
  facet normal 0.000311542 -0.121867 0.992546
    outer loop
      vertex 54.3964 4.50849 18.2463
      vertex 54.5904 0.588209 17.7649
      vertex 54.5904 4.5774 18.2547
    endloop
  endfacet
  facet normal 0.000198086 -0.121872 0.992546
    outer loop
      vertex 54.3964 4.50849 18.2463
      vertex 54.3964 0.657119 17.7734
      vertex 54.5904 0.588209 17.7649
    endloop
  endfacet
  facet normal -0.000325042 -0.121872 0.992546
    outer loop
      vertex 54.2101 4.42103 18.2355
      vertex 54.3964 0.657119 17.7734
      vertex 54.3964 4.50849 18.2463
    endloop
  endfacet
  facet normal -0.000202256 -0.121866 0.992547
    outer loop
      vertex 54.2101 4.42103 18.2355
      vertex 54.2101 0.744575 17.7841
      vertex 54.3964 0.657119 17.7734
    endloop
  endfacet
  facet normal 5.86987e-05 -0.121866 0.992547
    outer loop
      vertex 54.0333 4.31588 18.2226
      vertex 54.2101 0.744575 17.7841
      vertex 54.2101 4.42103 18.2355
    endloop
  endfacet
  facet normal -6.79419e-05 -0.121872 0.992546
    outer loop
      vertex 54.0333 4.31588 18.2226
      vertex 54.0333 0.849733 17.797
      vertex 54.2101 0.744575 17.7841
    endloop
  endfacet
  facet normal -0.000229853 -0.121872 0.992546
    outer loop
      vertex 53.8678 4.19403 18.2076
      vertex 54.0333 0.849733 17.797
      vertex 54.0333 4.31588 18.2226
    endloop
  endfacet
  facet normal 0.000247237 -0.121849 0.992549
    outer loop
      vertex 53.8678 4.19403 18.2076
      vertex 53.8678 0.971583 17.812
      vertex 54.0333 0.849733 17.797
    endloop
  endfacet
  facet normal 0.000416455 -0.121849 0.992549
    outer loop
      vertex 53.7151 4.05666 18.1908
      vertex 53.8678 0.971583 17.812
      vertex 53.8678 4.19403 18.2076
    endloop
  endfacet
  facet normal -0.000452762 -0.121891 0.992543
    outer loop
      vertex 53.7151 4.05666 18.1908
      vertex 53.7151 1.10895 17.8288
      vertex 53.8678 0.971583 17.812
    endloop
  endfacet
  facet normal 9.07822e-05 -0.121891 0.992543
    outer loop
      vertex 53.5767 3.9051 18.1722
      vertex 53.7151 1.10895 17.8288
      vertex 53.7151 4.05666 18.1908
    endloop
  endfacet
  facet normal 0.00065707 -0.121864 0.992547
    outer loop
      vertex 53.5767 3.9051 18.1722
      vertex 53.5767 1.26051 17.8475
      vertex 53.7151 1.10895 17.8288
    endloop
  endfacet
  facet normal -0.000231529 -0.121864 0.992547
    outer loop
      vertex 53.4539 3.74081 18.152
      vertex 53.5767 1.26051 17.8475
      vertex 53.5767 3.9051 18.1722
    endloop
  endfacet
  facet normal -0.00060122 -0.121882 0.992544
    outer loop
      vertex 53.4539 3.74081 18.152
      vertex 53.4539 1.4248 17.8676
      vertex 53.5767 1.26051 17.8475
    endloop
  endfacet
  facet normal 0.000419918 -0.121882 0.992545
    outer loop
      vertex 53.348 3.56536 18.1305
      vertex 53.4539 1.4248 17.8676
      vertex 53.4539 3.74081 18.152
    endloop
  endfacet
  facet normal 0.000526026 -0.121877 0.992545
    outer loop
      vertex 53.348 3.56536 18.1305
      vertex 53.348 1.60025 17.8892
      vertex 53.4539 1.4248 17.8676
    endloop
  endfacet
  facet normal -0.00106477 -0.121877 0.992545
    outer loop
      vertex 53.2599 3.38045 18.1077
      vertex 53.348 1.60025 17.8892
      vertex 53.348 3.56536 18.1305
    endloop
  endfacet
  facet normal 5.4414e-05 -0.121822 0.992552
    outer loop
      vertex 53.2599 3.38045 18.1077
      vertex 53.2599 1.78516 17.9119
      vertex 53.348 1.60025 17.8892
    endloop
  endfacet
  facet normal 0.000539619 -0.121822 0.992552
    outer loop
      vertex 53.1904 3.18786 18.0841
      vertex 53.2599 1.78516 17.9119
      vertex 53.2599 3.38045 18.1077
    endloop
  endfacet
  facet normal -0.000711376 -0.121883 0.992544
    outer loop
      vertex 53.1904 3.18786 18.0841
      vertex 53.1904 1.97775 17.9355
      vertex 53.2599 1.78516 17.9119
    endloop
  endfacet
  facet normal -0.000680315 -0.121883 0.992544
    outer loop
      vertex 53.1404 2.98944 18.0597
      vertex 53.1904 1.97775 17.9355
      vertex 53.1904 3.18786 18.0841
    endloop
  endfacet
  facet normal 0.00101229 -0.121801 0.992554
    outer loop
      vertex 53.1404 2.98944 18.0597
      vertex 53.1404 2.17617 17.9599
      vertex 53.1904 1.97775 17.9355
    endloop
  endfacet
  facet normal 0.000944055 -0.121801 0.992554
    outer loop
      vertex 53.1101 2.78711 18.0349
      vertex 53.1404 2.17617 17.9599
      vertex 53.1404 2.98944 18.0597
    endloop
  endfacet
  facet normal -0.00187895 -0.121939 0.992536
    outer loop
      vertex 53.1101 2.78711 18.0349
      vertex 53.1101 2.3785 17.9847
      vertex 53.1404 2.17617 17.9599
    endloop
  endfacet
  facet normal 6.03657e-05 -0.121939 0.992538
    outer loop
      vertex 53.1101 2.3785 17.9847
      vertex 53.1101 2.78711 18.0349
      vertex 53.1 2.5828 18.0098
    endloop
  endfacet
  facet normal 0.671563 0.735425 0.0902949
    outer loop
      vertex 53.8678 0.788779 19.3008
      vertex 53.7151 1.10895 17.8288
      vertex 53.7151 0.926144 19.3177
    endloop
  endfacet
  facet normal 0.671536 0.735449 0.0903029
    outer loop
      vertex 53.7151 1.10895 17.8288
      vertex 53.8678 0.788779 19.3008
      vertex 53.8678 0.971583 17.812
    endloop
  endfacet
  facet normal 0.803122 -0.591373 -0.0726108
    outer loop
      vertex 53.5767 3.7223 19.661
      vertex 53.4539 3.74081 18.152
      vertex 53.5767 3.9051 18.1722
    endloop
  endfacet
  facet normal 0.803139 -0.59135 -0.0726119
    outer loop
      vertex 53.4539 3.74081 18.152
      vertex 53.5767 3.7223 19.661
      vertex 53.4539 3.558 19.6408
    endloop
  endfacet
  facet normal 0.85783 -0.510103 -0.0626356
    outer loop
      vertex 53.4539 3.558 19.6408
      vertex 53.348 3.56536 18.1305
      vertex 53.4539 3.74081 18.152
    endloop
  endfacet
  facet normal 0.85783 -0.510103 -0.0626356
    outer loop
      vertex 53.348 3.56536 18.1305
      vertex 53.4539 3.558 19.6408
      vertex 53.348 3.38255 19.6193
    endloop
  endfacet
  facet normal 0.0490634 0.991351 0.121724
    outer loop
      vertex 55.2 0.315653 19.2427
      vertex 54.9942 0.508495 17.7551
      vertex 54.9942 0.325691 19.2439
    endloop
  endfacet
  facet normal 0.0490634 0.991351 0.121724
    outer loop
      vertex 54.9942 0.508495 17.7551
      vertex 55.2 0.315653 19.2427
      vertex 55.2 0.498457 17.7539
    endloop
  endfacet
  facet normal 0.998798 -0.0486415 -0.0059727
    outer loop
      vertex 53.1101 2.6043 19.5237
      vertex 53.1 2.5828 18.0098
      vertex 53.1101 2.78711 18.0349
    endloop
  endfacet
  facet normal 0.998798 -0.0486439 -0.00597267
    outer loop
      vertex 53.1 2.5828 18.0098
      vertex 53.1101 2.6043 19.5237
      vertex 53.1 2.4 19.4986
    endloop
  endfacet
  facet normal -0.336915 -0.934517 -0.114743
    outer loop
      vertex 55.8096 4.5774 18.2547
      vertex 56.0036 4.32569 19.7351
      vertex 55.8096 4.3946 19.7435
    endloop
  endfacet
  facet normal -0.336915 -0.934517 -0.114743
    outer loop
      vertex 56.0036 4.32569 19.7351
      vertex 55.8096 4.5774 18.2547
      vertex 56.0036 4.50849 18.2463
    endloop
  endfacet
  facet normal -0.740969 0.666533 0.0818437
    outer loop
      vertex 56.6849 1.10895 17.8288
      vertex 56.8233 1.0777 19.3363
      vertex 56.8233 1.26051 17.8475
    endloop
  endfacet
  facet normal -0.740934 0.666572 0.0818412
    outer loop
      vertex 56.8233 1.0777 19.3363
      vertex 56.6849 1.10895 17.8288
      vertex 56.6849 0.926144 19.3177
    endloop
  endfacet
  facet normal -0.671563 0.735425 0.0902949
    outer loop
      vertex 56.6849 1.10895 17.8288
      vertex 56.5322 0.788779 19.3008
      vertex 56.6849 0.926144 19.3177
    endloop
  endfacet
  facet normal -0.671536 0.735449 0.0903029
    outer loop
      vertex 56.5322 0.788779 19.3008
      vertex 56.6849 1.10895 17.8288
      vertex 56.5322 0.971583 17.812
    endloop
  endfacet
  facet normal 0.337351 -0.934348 -0.11484
    outer loop
      vertex 26.7964 109.364 32.6322
      vertex 26.9904 109.616 31.1518
      vertex 26.9904 109.433 32.6407
    endloop
  endfacet
  facet normal 0.337299 -0.934366 -0.11485
    outer loop
      vertex 26.9904 109.616 31.1518
      vertex 26.7964 109.364 32.6322
      vertex 26.7964 109.547 31.1434
    endloop
  endfacet
  facet normal -0.989099 -0.14615 -0.0179645
    outer loop
      vertex 29.6899 107.826 30.932
      vertex 29.6596 107.845 32.4457
      vertex 29.6596 108.028 30.9569
    endloop
  endfacet
  facet normal -0.989099 -0.14615 -0.0179645
    outer loop
      vertex 29.6596 107.845 32.4457
      vertex 29.6899 107.826 30.932
      vertex 29.6899 107.643 32.4208
    endloop
  endfacet
  facet normal -0.998806 -0.0484799 -0.00595904
    outer loop
      vertex 29.7 107.621 30.9069
      vertex 29.6899 107.643 32.4208
      vertex 29.6899 107.826 30.932
    endloop
  endfacet
  facet normal -0.998795 -0.0487203 -0.00595547
    outer loop
      vertex 29.6899 107.643 32.4208
      vertex 29.7 107.621 30.9069
      vertex 29.7 107.439 32.3958
    endloop
  endfacet
  facet normal -0.969995 -0.241328 -0.0295014
    outer loop
      vertex 29.6596 108.028 30.9569
      vertex 29.6096 108.044 32.47
      vertex 29.6096 108.226 30.9812
    endloop
  endfacet
  facet normal -0.970278 -0.240184 -0.0295228
    outer loop
      vertex 29.6096 108.044 32.47
      vertex 29.6596 108.028 30.9569
      vertex 29.6596 107.845 32.4457
    endloop
  endfacet
  facet normal -0.94166 -0.334053 -0.041061
    outer loop
      vertex 29.6096 108.226 30.9812
      vertex 29.5401 108.236 32.4937
      vertex 29.5401 108.419 31.0049
    endloop
  endfacet
  facet normal -0.941111 -0.335599 -0.0410256
    outer loop
      vertex 29.5401 108.236 32.4937
      vertex 29.6096 108.226 30.9812
      vertex 29.6096 108.044 32.47
    endloop
  endfacet
  facet normal 0.0489398 -0.991341 -0.121853
    outer loop
      vertex 27.3942 109.513 32.6504
      vertex 27.6 109.706 31.1629
      vertex 27.6 109.523 32.6517
    endloop
  endfacet
  facet normal 0.0489398 -0.991341 -0.121853
    outer loop
      vertex 27.6 109.706 31.1629
      vertex 27.3942 109.513 32.6504
      vertex 27.3942 109.696 31.1616
    endloop
  endfacet
  facet normal 0.96988 -0.241782 -0.0295569
    outer loop
      vertex 25.5904 108.044 32.47
      vertex 25.5403 108.028 30.9569
      vertex 25.5904 108.226 30.9812
    endloop
  endfacet
  facet normal 0.970165 -0.240636 -0.0295784
    outer loop
      vertex 25.5403 108.028 30.9569
      vertex 25.5904 108.044 32.47
      vertex 25.5403 107.845 32.4457
    endloop
  endfacet
  facet normal 0.989169 0.145687 0.0179063
    outer loop
      vertex 25.5101 107.234 32.3707
      vertex 25.5403 107.215 30.857
      vertex 25.5101 107.417 30.8818
    endloop
  endfacet
  facet normal 0.98917 0.145679 0.0179065
    outer loop
      vertex 25.5403 107.215 30.857
      vertex 25.5101 107.234 32.3707
      vertex 25.5403 107.032 32.3458
    endloop
  endfacet
  facet normal -0.998795 0.0487174 0.00595512
    outer loop
      vertex 29.6899 107.417 30.8818
      vertex 29.7 107.439 32.3958
      vertex 29.7 107.621 30.9069
    endloop
  endfacet
  facet normal -0.998806 0.0484799 0.00595864
    outer loop
      vertex 29.7 107.439 32.3958
      vertex 29.6899 107.417 30.8818
      vertex 29.6899 107.234 32.3707
    endloop
  endfacet
  facet normal -0.673237 -0.733904 -0.0902098
    outer loop
      vertex 28.9322 109.233 31.1048
      vertex 29.0849 108.912 32.5767
      vertex 28.9322 109.05 32.5936
    endloop
  endfacet
  facet normal -0.673237 -0.733904 -0.0902098
    outer loop
      vertex 29.0849 108.912 32.5767
      vertex 28.9322 109.233 31.1048
      vertex 29.0849 109.095 31.0879
    endloop
  endfacet
  facet normal 0.998795 0.0487174 0.00595512
    outer loop
      vertex 25.5 107.439 32.3958
      vertex 25.5101 107.417 30.8818
      vertex 25.5 107.621 30.9069
    endloop
  endfacet
  facet normal 0.998806 0.0484799 0.00595864
    outer loop
      vertex 25.5101 107.417 30.8818
      vertex 25.5 107.439 32.3958
      vertex 25.5101 107.234 32.3707
    endloop
  endfacet
  facet normal 0.146585 -0.981809 -0.120682
    outer loop
      vertex 27.1903 109.483 32.6468
      vertex 27.3942 109.696 31.1616
      vertex 27.3942 109.513 32.6504
    endloop
  endfacet
  facet normal 0.146643 -0.981801 -0.120673
    outer loop
      vertex 27.3942 109.696 31.1616
      vertex 27.1903 109.483 32.6468
      vertex 27.1903 109.666 31.1579
    endloop
  endfacet
  facet normal 0.244342 -0.962447 -0.118294
    outer loop
      vertex 26.9904 109.433 32.6407
      vertex 27.1903 109.666 31.1579
      vertex 27.1903 109.483 32.6468
    endloop
  endfacet
  facet normal 0.244342 -0.962447 -0.118294
    outer loop
      vertex 27.1903 109.666 31.1579
      vertex 26.9904 109.433 32.6407
      vertex 26.9904 109.616 31.1518
    endloop
  endfacet
  facet normal -0.0489398 -0.991341 -0.121853
    outer loop
      vertex 27.6 109.706 31.1629
      vertex 27.8058 109.513 32.6504
      vertex 27.6 109.523 32.6517
    endloop
  endfacet
  facet normal -0.0489398 -0.991341 -0.121853
    outer loop
      vertex 27.8058 109.513 32.6504
      vertex 27.6 109.706 31.1629
      vertex 27.8058 109.696 31.1616
    endloop
  endfacet
  facet normal 0.513502 -0.851679 -0.10468
    outer loop
      vertex 26.4333 109.172 32.6085
      vertex 26.6101 109.46 31.1326
      vertex 26.6101 109.277 32.6215
    endloop
  endfacet
  facet normal 0.513458 -0.851704 -0.10469
    outer loop
      vertex 26.6101 109.46 31.1326
      vertex 26.4333 109.172 32.6085
      vertex 26.4333 109.355 31.1197
    endloop
  endfacet
  facet normal -0.146585 0.981809 0.120682
    outer loop
      vertex 28.0097 105.577 30.6559
      vertex 27.8058 105.364 32.1411
      vertex 28.0097 105.394 32.1447
    endloop
  endfacet
  facet normal -0.146643 0.981801 0.120673
    outer loop
      vertex 27.8058 105.364 32.1411
      vertex 28.0097 105.577 30.6559
      vertex 27.8058 105.547 30.6522
    endloop
  endfacet
  facet normal 0.146585 0.981809 0.120682
    outer loop
      vertex 27.3942 105.364 32.1411
      vertex 27.1903 105.577 30.6559
      vertex 27.1903 105.394 32.1447
    endloop
  endfacet
  facet normal 0.146643 0.981801 0.120673
    outer loop
      vertex 27.1903 105.577 30.6559
      vertex 27.3942 105.364 32.1411
      vertex 27.3942 105.547 30.6522
    endloop
  endfacet
  facet normal -0.904092 0.424146 0.0521351
    outer loop
      vertex 29.452 106.639 30.7863
      vertex 29.5401 106.641 32.2978
      vertex 29.5401 106.824 30.809
    endloop
  endfacet
  facet normal -0.904092 0.424146 0.0521351
    outer loop
      vertex 29.5401 106.641 32.2978
      vertex 29.452 106.639 30.7863
      vertex 29.452 106.456 32.2751
    endloop
  endfacet
  facet normal 0.59621 -0.796831 -0.0979447
    outer loop
      vertex 26.2678 109.05 32.5936
      vertex 26.4333 109.355 31.1197
      vertex 26.4333 109.172 32.6085
    endloop
  endfacet
  facet normal 0.59621 -0.796831 -0.0979447
    outer loop
      vertex 26.4333 109.355 31.1197
      vertex 26.2678 109.05 32.5936
      vertex 26.2678 109.233 31.1048
    endloop
  endfacet
  facet normal -0.0489398 0.991342 0.121845
    outer loop
      vertex 27.8058 105.547 30.6522
      vertex 27.6 105.354 32.1398
      vertex 27.8058 105.364 32.1411
    endloop
  endfacet
  facet normal -0.0488808 0.991344 0.121854
    outer loop
      vertex 27.6 105.354 32.1398
      vertex 27.8058 105.547 30.6522
      vertex 27.6 105.537 30.651
    endloop
  endfacet
  facet normal -0.425737 -0.898088 -0.110391
    outer loop
      vertex 28.4036 109.547 31.1434
      vertex 28.5899 109.277 32.6215
      vertex 28.4036 109.364 32.6322
    endloop
  endfacet
  facet normal -0.425786 -0.898066 -0.110381
    outer loop
      vertex 28.5899 109.277 32.6215
      vertex 28.4036 109.547 31.1434
      vertex 28.5899 109.46 31.1326
    endloop
  endfacet
  facet normal 0.904092 0.424146 0.0521351
    outer loop
      vertex 25.6599 106.641 32.2978
      vertex 25.748 106.639 30.7863
      vertex 25.6599 106.824 30.809
    endloop
  endfacet
  facet normal 0.904092 0.424146 0.0521351
    outer loop
      vertex 25.748 106.639 30.7863
      vertex 25.6599 106.641 32.2978
      vertex 25.748 106.456 32.2751
    endloop
  endfacet
  facet normal 0.673237 -0.733904 -0.0902098
    outer loop
      vertex 26.1151 108.912 32.5767
      vertex 26.2678 109.233 31.1048
      vertex 26.2678 109.05 32.5936
    endloop
  endfacet
  facet normal 0.673237 -0.733904 -0.0902098
    outer loop
      vertex 26.2678 109.233 31.1048
      vertex 26.1151 108.912 32.5767
      vertex 26.1151 109.095 31.0879
    endloop
  endfacet
  facet normal -0.804331 -0.589743 -0.0724899
    outer loop
      vertex 29.3461 108.779 31.0491
      vertex 29.2233 108.761 32.5581
      vertex 29.2233 108.944 31.0693
    endloop
  endfacet
  facet normal -0.802626 -0.592075 -0.0723789
    outer loop
      vertex 29.2233 108.761 32.5581
      vertex 29.3461 108.779 31.0491
      vertex 29.3461 108.597 32.5379
    endloop
  endfacet
  facet normal 0.904092 -0.424146 -0.0521351
    outer loop
      vertex 25.748 108.421 32.5164
      vertex 25.6599 108.419 31.0049
      vertex 25.748 108.604 31.0276
    endloop
  endfacet
  facet normal 0.904092 -0.424146 -0.0521351
    outer loop
      vertex 25.6599 108.419 31.0049
      vertex 25.748 108.421 32.5164
      vertex 25.6599 108.236 32.4937
    endloop
  endfacet
  facet normal -0.673237 0.733904 0.0902098
    outer loop
      vertex 29.0849 106.148 30.726
      vertex 28.9322 105.827 32.1979
      vertex 29.0849 105.965 32.2148
    endloop
  endfacet
  facet normal -0.673237 0.733904 0.0902098
    outer loop
      vertex 28.9322 105.827 32.1979
      vertex 29.0849 106.148 30.726
      vertex 28.9322 106.01 30.7091
    endloop
  endfacet
  facet normal -0.00603079 -0.121822 0.992534
    outer loop
      vertex 29.6899 107.826 30.932
      vertex 29.6899 107.417 30.8818
      vertex 29.7 107.621 30.9069
    endloop
  endfacet
  facet normal 0.00349998 -0.121823 0.992546
    outer loop
      vertex 29.6596 108.028 30.9569
      vertex 29.6899 107.417 30.8818
      vertex 29.6899 107.826 30.932
    endloop
  endfacet
  facet normal 0.000701071 -0.121961 0.992535
    outer loop
      vertex 29.6596 108.028 30.9569
      vertex 29.6596 107.215 30.857
      vertex 29.6899 107.417 30.8818
    endloop
  endfacet
  facet normal -0.000593323 -0.121961 0.992535
    outer loop
      vertex 29.6096 108.226 30.9812
      vertex 29.6596 107.215 30.857
      vertex 29.6596 108.028 30.9569
    endloop
  endfacet
  facet normal 0.000777629 -0.121894 0.992543
    outer loop
      vertex 29.6096 108.226 30.9812
      vertex 29.6096 107.016 30.8326
      vertex 29.6596 107.215 30.857
    endloop
  endfacet
  facet normal -3.30474e-05 -0.121894 0.992543
    outer loop
      vertex 29.5401 108.419 31.0049
      vertex 29.6096 107.016 30.8326
      vertex 29.6096 108.226 30.9812
    endloop
  endfacet
  facet normal -0.000261448 -0.121905 0.992542
    outer loop
      vertex 29.5401 108.419 31.0049
      vertex 29.5401 106.824 30.809
      vertex 29.6096 107.016 30.8326
    endloop
  endfacet
  facet normal -0.000247218 -0.121905 0.992542
    outer loop
      vertex 29.452 108.604 31.0276
      vertex 29.5401 106.824 30.809
      vertex 29.5401 108.419 31.0049
    endloop
  endfacet
  facet normal 0.000200669 -0.121883 0.992544
    outer loop
      vertex 29.452 108.604 31.0276
      vertex 29.452 106.639 30.7863
      vertex 29.5401 106.824 30.809
    endloop
  endfacet
  facet normal 9.53941e-05 -0.121883 0.992544
    outer loop
      vertex 29.3461 108.779 31.0491
      vertex 29.452 106.639 30.7863
      vertex 29.452 108.604 31.0276
    endloop
  endfacet
  facet normal 0.000116549 -0.121882 0.992545
    outer loop
      vertex 29.3461 108.779 31.0491
      vertex 29.3461 106.463 30.7647
      vertex 29.452 106.639 30.7863
    endloop
  endfacet
  facet normal -0.000498358 -0.121882 0.992544
    outer loop
      vertex 29.2233 108.944 31.0693
      vertex 29.3461 106.463 30.7647
      vertex 29.3461 108.779 31.0491
    endloop
  endfacet
  facet normal 0.000263717 -0.121845 0.992549
    outer loop
      vertex 29.2233 108.944 31.0693
      vertex 29.2233 106.299 30.7446
      vertex 29.3461 106.463 30.7647
    endloop
  endfacet
  facet normal 0.000453614 -0.121845 0.992549
    outer loop
      vertex 29.0849 109.095 31.0879
      vertex 29.2233 106.299 30.7446
      vertex 29.2233 108.944 31.0693
    endloop
  endfacet
  facet normal -0.000407127 -0.121887 0.992544
    outer loop
      vertex 29.0849 109.095 31.0879
      vertex 29.0849 106.148 30.726
      vertex 29.2233 106.299 30.7446
    endloop
  endfacet
  facet normal -0.000304155 -0.121887 0.992544
    outer loop
      vertex 28.9322 109.233 31.1048
      vertex 29.0849 106.148 30.726
      vertex 29.0849 109.095 31.0879
    endloop
  endfacet
  facet normal 0.00027811 -0.121859 0.992547
    outer loop
      vertex 28.9322 109.233 31.1048
      vertex 28.9322 106.01 30.7091
      vertex 29.0849 106.148 30.726
    endloop
  endfacet
  facet normal -0.000470217 -0.121859 0.992547
    outer loop
      vertex 28.7667 109.355 31.1197
      vertex 28.9322 106.01 30.7091
      vertex 28.9322 109.233 31.1048
    endloop
  endfacet
  facet normal -0.000141499 -0.121843 0.992549
    outer loop
      vertex 28.7667 109.355 31.1197
      vertex 28.7667 105.888 30.6941
      vertex 28.9322 106.01 30.7091
    endloop
  endfacet
  facet normal 5.87791e-05 -0.121843 0.992549
    outer loop
      vertex 28.5899 109.46 31.1326
      vertex 28.7667 105.888 30.6941
      vertex 28.7667 109.355 31.1197
    endloop
  endfacet
  facet normal -5.5422e-05 -0.121848 0.992549
    outer loop
      vertex 28.5899 109.46 31.1326
      vertex 28.5899 105.783 30.6812
      vertex 28.7667 105.888 30.6941
    endloop
  endfacet
  facet normal 0.000637236 -0.121848 0.992549
    outer loop
      vertex 28.4036 109.547 31.1434
      vertex 28.5899 105.783 30.6812
      vertex 28.5899 109.46 31.1326
    endloop
  endfacet
  facet normal -8.77107e-05 -0.121884 0.992544
    outer loop
      vertex 28.4036 109.547 31.1434
      vertex 28.4036 105.696 30.6705
      vertex 28.5899 105.783 30.6812
    endloop
  endfacet
  facet normal -0.00037425 -0.121884 0.992544
    outer loop
      vertex 28.2096 109.616 31.1518
      vertex 28.4036 105.696 30.6705
      vertex 28.4036 109.547 31.1434
    endloop
  endfacet
  facet normal -0.000141469 -0.121872 0.992546
    outer loop
      vertex 28.2096 109.616 31.1518
      vertex 28.2096 105.627 30.662
      vertex 28.4036 105.696 30.6705
    endloop
  endfacet
  facet normal -0.000195546 -0.121872 0.992546
    outer loop
      vertex 28.0097 109.666 31.1579
      vertex 28.2096 105.627 30.662
      vertex 28.2096 109.616 31.1518
    endloop
  endfacet
  facet normal 0.000190765 -0.121854 0.992548
    outer loop
      vertex 28.0097 109.666 31.1579
      vertex 28.0097 105.577 30.6559
      vertex 28.2096 105.627 30.662
    endloop
  endfacet
  facet normal 8.24993e-05 -0.121854 0.992548
    outer loop
      vertex 27.8058 109.696 31.1616
      vertex 28.0097 105.577 30.6559
      vertex 28.0097 109.666 31.1579
    endloop
  endfacet
  facet normal -8.13062e-05 -0.121862 0.992547
    outer loop
      vertex 27.8058 109.696 31.1616
      vertex 27.8058 105.547 30.6522
      vertex 28.0097 105.577 30.6559
    endloop
  endfacet
  facet normal 0.000348377 -0.121862 0.992547
    outer loop
      vertex 27.6 109.706 31.1629
      vertex 27.8058 105.547 30.6522
      vertex 27.8058 109.696 31.1616
    endloop
  endfacet
  facet normal 0.000134425 -0.121872 0.992546
    outer loop
      vertex 27.6 109.706 31.1629
      vertex 27.6 105.537 30.651
      vertex 27.8058 105.547 30.6522
    endloop
  endfacet
  facet normal -0.000347862 -0.121872 0.992546
    outer loop
      vertex 27.3942 109.696 31.1616
      vertex 27.6 105.537 30.651
      vertex 27.6 109.706 31.1629
    endloop
  endfacet
  facet normal -0.000133911 -0.121862 0.992547
    outer loop
      vertex 27.3942 109.696 31.1616
      vertex 27.3942 105.547 30.6522
      vertex 27.6 105.537 30.651
    endloop
  endfacet
  facet normal -8.13062e-05 -0.121862 0.992547
    outer loop
      vertex 27.1903 109.666 31.1579
      vertex 27.3942 105.547 30.6522
      vertex 27.3942 109.696 31.1616
    endloop
  endfacet
  facet normal 8.24993e-05 -0.121854 0.992548
    outer loop
      vertex 27.1903 109.666 31.1579
      vertex 27.1903 105.577 30.6559
      vertex 27.3942 105.547 30.6522
    endloop
  endfacet
  facet normal 0.000190765 -0.121854 0.992548
    outer loop
      vertex 26.9904 109.616 31.1518
      vertex 27.1903 105.577 30.6559
      vertex 27.1903 109.666 31.1579
    endloop
  endfacet
  facet normal -0.000195546 -0.121872 0.992546
    outer loop
      vertex 26.9904 109.616 31.1518
      vertex 26.9904 105.627 30.662
      vertex 27.1903 105.577 30.6559
    endloop
  endfacet
  facet normal 0.000370153 -0.121872 0.992546
    outer loop
      vertex 26.7964 109.547 31.1434
      vertex 26.9904 105.627 30.662
      vertex 26.9904 109.616 31.1518
    endloop
  endfacet
  facet normal 0.000137371 -0.121884 0.992544
    outer loop
      vertex 26.7964 109.547 31.1434
      vertex 26.7964 105.696 30.6705
      vertex 26.9904 105.627 30.662
    endloop
  endfacet
  facet normal -0.000620477 -0.121884 0.992544
    outer loop
      vertex 26.6101 109.46 31.1326
      vertex 26.7964 105.696 30.6705
      vertex 26.7964 109.547 31.1434
    endloop
  endfacet
  facet normal 0.000104467 -0.121848 0.992549
    outer loop
      vertex 26.6101 109.46 31.1326
      vertex 26.6101 105.783 30.6812
      vertex 26.7964 105.696 30.6705
    endloop
  endfacet
  facet normal -5.5422e-05 -0.121848 0.992549
    outer loop
      vertex 26.4333 109.355 31.1197
      vertex 26.6101 105.783 30.6812
      vertex 26.6101 109.46 31.1326
    endloop
  endfacet
  facet normal 5.87791e-05 -0.121843 0.992549
    outer loop
      vertex 26.4333 109.355 31.1197
      vertex 26.4333 105.888 30.6941
      vertex 26.6101 105.783 30.6812
    endloop
  endfacet
  facet normal 0.000458229 -0.121843 0.992549
    outer loop
      vertex 26.2678 109.233 31.1048
      vertex 26.4333 105.888 30.6941
      vertex 26.4333 109.355 31.1197
    endloop
  endfacet
  facet normal 0.00012951 -0.121859 0.992547
    outer loop
      vertex 26.2678 109.233 31.1048
      vertex 26.2678 106.01 30.7091
      vertex 26.4333 105.888 30.6941
    endloop
  endfacet
  facet normal 0.00027811 -0.121859 0.992547
    outer loop
      vertex 26.1151 109.095 31.0879
      vertex 26.2678 106.01 30.7091
      vertex 26.2678 109.233 31.1048
    endloop
  endfacet
  facet normal -0.000304155 -0.121887 0.992544
    outer loop
      vertex 26.1151 109.095 31.0879
      vertex 26.1151 106.148 30.726
      vertex 26.2678 106.01 30.7091
    endloop
  endfacet
  facet normal -0.000407127 -0.121887 0.992544
    outer loop
      vertex 25.9767 108.944 31.0693
      vertex 26.1151 106.148 30.726
      vertex 26.1151 109.095 31.0879
    endloop
  endfacet
  facet normal 0.000453614 -0.121845 0.992549
    outer loop
      vertex 25.9767 108.944 31.0693
      vertex 25.9767 106.299 30.7446
      vertex 26.1151 106.148 30.726
    endloop
  endfacet
  facet normal 0.000447678 -0.121845 0.992549
    outer loop
      vertex 25.8539 108.779 31.0491
      vertex 25.9767 106.299 30.7446
      vertex 25.9767 108.944 31.0693
    endloop
  endfacet
  facet normal -0.000314091 -0.121882 0.992544
    outer loop
      vertex 25.8539 108.779 31.0491
      vertex 25.8539 106.463 30.7647
      vertex 25.9767 106.299 30.7446
    endloop
  endfacet
  facet normal -9.7124e-05 -0.121882 0.992545
    outer loop
      vertex 25.748 108.604 31.0276
      vertex 25.8539 106.463 30.7647
      vertex 25.8539 108.779 31.0491
    endloop
  endfacet
  facet normal -0.000118289 -0.121883 0.992544
    outer loop
      vertex 25.748 108.604 31.0276
      vertex 25.748 106.639 30.7863
      vertex 25.8539 106.463 30.7647
    endloop
  endfacet
  facet normal 0.000200669 -0.121883 0.992544
    outer loop
      vertex 25.6599 108.419 31.0049
      vertex 25.748 106.639 30.7863
      vertex 25.748 108.604 31.0276
    endloop
  endfacet
  facet normal -0.000247218 -0.121905 0.992542
    outer loop
      vertex 25.6599 108.419 31.0049
      vertex 25.6599 106.824 30.809
      vertex 25.748 106.639 30.7863
    endloop
  endfacet
  facet normal 6.44668e-05 -0.121905 0.992542
    outer loop
      vertex 25.5904 108.226 30.9812
      vertex 25.6599 106.824 30.809
      vertex 25.6599 108.419 31.0049
    endloop
  endfacet
  facet normal 0.000292705 -0.121894 0.992543
    outer loop
      vertex 25.5904 108.226 30.9812
      vertex 25.5904 107.016 30.8326
      vertex 25.6599 106.824 30.809
    endloop
  endfacet
  facet normal 0.000324184 -0.121894 0.992543
    outer loop
      vertex 25.5403 108.028 30.9569
      vertex 25.5904 107.016 30.8326
      vertex 25.5904 108.226 30.9812
    endloop
  endfacet
  facet normal -0.00104538 -0.121961 0.992534
    outer loop
      vertex 25.5403 108.028 30.9569
      vertex 25.5403 107.215 30.857
      vertex 25.5904 107.016 30.8326
    endloop
  endfacet
  facet normal -0.00258314 -0.121961 0.992532
    outer loop
      vertex 25.5101 107.826 30.932
      vertex 25.5403 107.215 30.857
      vertex 25.5403 108.028 30.9569
    endloop
  endfacet
  facet normal 0.000224999 -0.121824 0.992552
    outer loop
      vertex 25.5101 107.826 30.932
      vertex 25.5101 107.417 30.8818
      vertex 25.5403 107.215 30.857
    endloop
  endfacet
  facet normal 0.00603079 -0.121822 0.992534
    outer loop
      vertex 25.5101 107.417 30.8818
      vertex 25.5101 107.826 30.932
      vertex 25.5 107.621 30.9069
    endloop
  endfacet
  facet normal 0.337351 0.934347 0.114848
    outer loop
      vertex 26.9904 105.444 32.1508
      vertex 26.7964 105.696 30.6705
      vertex 26.7964 105.513 32.1593
    endloop
  endfacet
  facet normal 0.337351 0.934347 0.114848
    outer loop
      vertex 26.7964 105.696 30.6705
      vertex 26.9904 105.444 32.1508
      vertex 26.9904 105.627 30.662
    endloop
  endfacet
  facet normal -0.337351 0.934347 0.114848
    outer loop
      vertex 28.4036 105.696 30.6705
      vertex 28.2096 105.444 32.1508
      vertex 28.4036 105.513 32.1593
    endloop
  endfacet
  facet normal -0.337351 0.934347 0.114848
    outer loop
      vertex 28.2096 105.444 32.1508
      vertex 28.4036 105.696 30.6705
      vertex 28.2096 105.627 30.662
    endloop
  endfacet
  facet normal -0.244342 0.962446 0.118302
    outer loop
      vertex 28.2096 105.627 30.662
      vertex 28.0097 105.394 32.1447
      vertex 28.2096 105.444 32.1508
    endloop
  endfacet
  facet normal -0.244342 0.962446 0.118302
    outer loop
      vertex 28.0097 105.394 32.1447
      vertex 28.2096 105.627 30.662
      vertex 28.0097 105.577 30.6559
    endloop
  endfacet
  facet normal -0.904092 -0.424146 -0.0521351
    outer loop
      vertex 29.5401 108.419 31.0049
      vertex 29.452 108.421 32.5164
      vertex 29.452 108.604 31.0276
    endloop
  endfacet
  facet normal -0.904092 -0.424146 -0.0521351
    outer loop
      vertex 29.452 108.421 32.5164
      vertex 29.5401 108.419 31.0049
      vertex 29.5401 108.236 32.4937
    endloop
  endfacet
  facet normal 0.970168 0.240622 0.0295767
    outer loop
      vertex 25.5403 107.032 32.3458
      vertex 25.5904 107.016 30.8326
      vertex 25.5403 107.215 30.857
    endloop
  endfacet
  facet normal 0.96988 0.241782 0.0295549
    outer loop
      vertex 25.5904 107.016 30.8326
      vertex 25.5403 107.032 32.3458
      vertex 25.5904 106.834 32.3215
    endloop
  endfacet
  facet normal -0.802605 0.592104 0.0723776
    outer loop
      vertex 29.2233 106.299 30.7446
      vertex 29.3461 106.281 32.2536
      vertex 29.3461 106.463 30.7647
    endloop
  endfacet
  facet normal -0.804331 0.589743 0.0724899
    outer loop
      vertex 29.3461 106.281 32.2536
      vertex 29.2233 106.299 30.7446
      vertex 29.2233 106.116 32.2334
    endloop
  endfacet
  facet normal 0.244342 0.962446 0.118302
    outer loop
      vertex 27.1903 105.394 32.1447
      vertex 26.9904 105.627 30.662
      vertex 26.9904 105.444 32.1508
    endloop
  endfacet
  facet normal 0.244342 0.962446 0.118302
    outer loop
      vertex 26.9904 105.627 30.662
      vertex 27.1903 105.394 32.1447
      vertex 27.1903 105.577 30.6559
    endloop
  endfacet
  facet normal -0.146585 -0.981809 -0.120682
    outer loop
      vertex 27.8058 109.696 31.1616
      vertex 28.0097 109.483 32.6468
      vertex 27.8058 109.513 32.6504
    endloop
  endfacet
  facet normal -0.146643 -0.981801 -0.120673
    outer loop
      vertex 28.0097 109.483 32.6468
      vertex 27.8058 109.696 31.1616
      vertex 28.0097 109.666 31.1579
    endloop
  endfacet
  facet normal -0.739723 -0.667885 -0.082095
    outer loop
      vertex 29.2233 108.944 31.0693
      vertex 29.0849 108.912 32.5767
      vertex 29.0849 109.095 31.0879
    endloop
  endfacet
  facet normal -0.739723 -0.667885 -0.082095
    outer loop
      vertex 29.0849 108.912 32.5767
      vertex 29.2233 108.944 31.0693
      vertex 29.2233 108.761 32.5581
    endloop
  endfacet
  facet normal 0.858543 0.508912 0.0625543
    outer loop
      vertex 25.748 106.456 32.2751
      vertex 25.8539 106.463 30.7647
      vertex 25.748 106.639 30.7863
    endloop
  endfacet
  facet normal 0.857256 0.511087 0.0624742
    outer loop
      vertex 25.8539 106.463 30.7647
      vertex 25.748 106.456 32.2751
      vertex 25.8539 106.281 32.2536
    endloop
  endfacet
  facet normal 0.804331 -0.589743 -0.0724899
    outer loop
      vertex 25.9767 108.761 32.5581
      vertex 25.8539 108.779 31.0491
      vertex 25.9767 108.944 31.0693
    endloop
  endfacet
  facet normal 0.802626 -0.592075 -0.0723789
    outer loop
      vertex 25.8539 108.779 31.0491
      vertex 25.9767 108.761 32.5581
      vertex 25.8539 108.597 32.5379
    endloop
  endfacet
  facet normal -0.59621 -0.796831 -0.0979447
    outer loop
      vertex 28.7667 109.355 31.1197
      vertex 28.9322 109.05 32.5936
      vertex 28.7667 109.172 32.6085
    endloop
  endfacet
  facet normal -0.59621 -0.796831 -0.0979447
    outer loop
      vertex 28.9322 109.05 32.5936
      vertex 28.7667 109.355 31.1197
      vertex 28.9322 109.233 31.1048
    endloop
  endfacet
  facet normal 0.739723 0.667885 0.082095
    outer loop
      vertex 25.9767 106.116 32.2334
      vertex 26.1151 106.148 30.726
      vertex 25.9767 106.299 30.7446
    endloop
  endfacet
  facet normal 0.739723 0.667885 0.082095
    outer loop
      vertex 26.1151 106.148 30.726
      vertex 25.9767 106.116 32.2334
      vertex 26.1151 105.965 32.2148
    endloop
  endfacet
  facet normal -0.513502 -0.851679 -0.10468
    outer loop
      vertex 28.5899 109.46 31.1326
      vertex 28.7667 109.172 32.6085
      vertex 28.5899 109.277 32.6215
    endloop
  endfacet
  facet normal -0.513458 -0.851704 -0.10469
    outer loop
      vertex 28.7667 109.172 32.6085
      vertex 28.5899 109.46 31.1326
      vertex 28.7667 109.355 31.1197
    endloop
  endfacet
  facet normal 0.425737 -0.898088 -0.110391
    outer loop
      vertex 26.6101 109.277 32.6215
      vertex 26.7964 109.547 31.1434
      vertex 26.7964 109.364 32.6322
    endloop
  endfacet
  facet normal 0.425786 -0.898066 -0.110381
    outer loop
      vertex 26.7964 109.547 31.1434
      vertex 26.6101 109.277 32.6215
      vertex 26.6101 109.46 31.1326
    endloop
  endfacet
  facet normal -0.970282 0.24017 0.0295211
    outer loop
      vertex 29.6096 107.016 30.8326
      vertex 29.6596 107.032 32.3458
      vertex 29.6596 107.215 30.857
    endloop
  endfacet
  facet normal -0.969995 0.241328 0.0294994
    outer loop
      vertex 29.6596 107.032 32.3458
      vertex 29.6096 107.016 30.8326
      vertex 29.6096 106.834 32.3215
    endloop
  endfacet
  facet normal -0.337351 -0.934348 -0.11484
    outer loop
      vertex 28.2096 109.616 31.1518
      vertex 28.4036 109.364 32.6322
      vertex 28.2096 109.433 32.6407
    endloop
  endfacet
  facet normal -0.337299 -0.934366 -0.11485
    outer loop
      vertex 28.4036 109.364 32.6322
      vertex 28.2096 109.616 31.1518
      vertex 28.4036 109.547 31.1434
    endloop
  endfacet
  facet normal -0.989098 0.146159 0.0179644
    outer loop
      vertex 29.6596 107.215 30.857
      vertex 29.6899 107.234 32.3707
      vertex 29.6899 107.417 30.8818
    endloop
  endfacet
  facet normal -0.989099 0.14615 0.0179645
    outer loop
      vertex 29.6899 107.234 32.3707
      vertex 29.6596 107.215 30.857
      vertex 29.6596 107.032 32.3458
    endloop
  endfacet
  facet normal 0.802605 0.592104 0.0723776
    outer loop
      vertex 25.8539 106.281 32.2536
      vertex 25.9767 106.299 30.7446
      vertex 25.8539 106.463 30.7647
    endloop
  endfacet
  facet normal 0.804331 0.589743 0.0724899
    outer loop
      vertex 25.9767 106.299 30.7446
      vertex 25.8539 106.281 32.2536
      vertex 25.9767 106.116 32.2334
    endloop
  endfacet
  facet normal -0.857256 -0.511086 -0.0624783
    outer loop
      vertex 29.452 108.604 31.0276
      vertex 29.3461 108.597 32.5379
      vertex 29.3461 108.779 31.0491
    endloop
  endfacet
  facet normal -0.858527 -0.508938 -0.0625575
    outer loop
      vertex 29.3461 108.597 32.5379
      vertex 29.452 108.604 31.0276
      vertex 29.452 108.421 32.5164
    endloop
  endfacet
  facet normal 0.941105 0.335618 0.0410252
    outer loop
      vertex 25.5904 106.834 32.3215
      vertex 25.6599 106.824 30.809
      vertex 25.5904 107.016 30.8326
    endloop
  endfacet
  facet normal 0.94166 0.334053 0.041061
    outer loop
      vertex 25.6599 106.824 30.809
      vertex 25.5904 106.834 32.3215
      vertex 25.6599 106.641 32.2978
    endloop
  endfacet
  facet normal -0.858543 0.508912 0.0625543
    outer loop
      vertex 29.3461 106.463 30.7647
      vertex 29.452 106.456 32.2751
      vertex 29.452 106.639 30.7863
    endloop
  endfacet
  facet normal -0.857256 0.511087 0.0624742
    outer loop
      vertex 29.452 106.456 32.2751
      vertex 29.3461 106.463 30.7647
      vertex 29.3461 106.281 32.2536
    endloop
  endfacet
  facet normal 0.517036 0.84964 0.103858
    outer loop
      vertex 26.6101 105.6 32.17
      vertex 26.4333 105.888 30.6941
      vertex 26.4333 105.706 32.183
    endloop
  endfacet
  facet normal 0.513458 0.851704 0.10469
    outer loop
      vertex 26.4333 105.888 30.6941
      vertex 26.6101 105.6 32.17
      vertex 26.6101 105.783 30.6812
    endloop
  endfacet
  facet normal 0.673237 0.733904 0.0902098
    outer loop
      vertex 26.2678 105.827 32.1979
      vertex 26.1151 106.148 30.726
      vertex 26.1151 105.965 32.2148
    endloop
  endfacet
  facet normal 0.673237 0.733904 0.0902098
    outer loop
      vertex 26.1151 106.148 30.726
      vertex 26.2678 105.827 32.1979
      vertex 26.2678 106.01 30.7091
    endloop
  endfacet
  facet normal 0.998806 -0.0484799 -0.00595904
    outer loop
      vertex 25.5101 107.643 32.4208
      vertex 25.5 107.621 30.9069
      vertex 25.5101 107.826 30.932
    endloop
  endfacet
  facet normal 0.998795 -0.0487203 -0.00595547
    outer loop
      vertex 25.5 107.621 30.9069
      vertex 25.5101 107.643 32.4208
      vertex 25.5 107.439 32.3958
    endloop
  endfacet
  facet normal 0.739723 -0.667885 -0.082095
    outer loop
      vertex 26.1151 108.912 32.5767
      vertex 25.9767 108.944 31.0693
      vertex 26.1151 109.095 31.0879
    endloop
  endfacet
  facet normal 0.739723 -0.667885 -0.082095
    outer loop
      vertex 25.9767 108.944 31.0693
      vertex 26.1151 108.912 32.5767
      vertex 25.9767 108.761 32.5581
    endloop
  endfacet
  facet normal -0.517036 0.84964 0.103858
    outer loop
      vertex 28.7667 105.888 30.6941
      vertex 28.5899 105.6 32.17
      vertex 28.7667 105.706 32.183
    endloop
  endfacet
  facet normal -0.513458 0.851704 0.10469
    outer loop
      vertex 28.5899 105.6 32.17
      vertex 28.7667 105.888 30.6941
      vertex 28.5899 105.783 30.6812
    endloop
  endfacet
  facet normal 0.857256 -0.511086 -0.0624783
    outer loop
      vertex 25.8539 108.597 32.5379
      vertex 25.748 108.604 31.0276
      vertex 25.8539 108.779 31.0491
    endloop
  endfacet
  facet normal 0.858527 -0.508938 -0.0625575
    outer loop
      vertex 25.748 108.604 31.0276
      vertex 25.8539 108.597 32.5379
      vertex 25.748 108.421 32.5164
    endloop
  endfacet
  facet normal 0.0489398 0.991342 0.121845
    outer loop
      vertex 27.6 105.354 32.1398
      vertex 27.3942 105.547 30.6522
      vertex 27.3942 105.364 32.1411
    endloop
  endfacet
  facet normal 0.0488808 0.991344 0.121854
    outer loop
      vertex 27.3942 105.547 30.6522
      vertex 27.6 105.354 32.1398
      vertex 27.6 105.537 30.651
    endloop
  endfacet
  facet normal -0.941105 0.335618 0.0410252
    outer loop
      vertex 29.5401 106.824 30.809
      vertex 29.6096 106.834 32.3215
      vertex 29.6096 107.016 30.8326
    endloop
  endfacet
  facet normal -0.94166 0.334053 0.041061
    outer loop
      vertex 29.6096 106.834 32.3215
      vertex 29.5401 106.824 30.809
      vertex 29.5401 106.641 32.2978
    endloop
  endfacet
  facet normal 0.593094 0.799119 0.098226
    outer loop
      vertex 26.4333 105.706 32.183
      vertex 26.2678 106.01 30.7091
      vertex 26.2678 105.827 32.1979
    endloop
  endfacet
  facet normal 0.596248 0.796869 0.0974076
    outer loop
      vertex 26.2678 106.01 30.7091
      vertex 26.4333 105.706 32.183
      vertex 26.4333 105.888 30.6941
    endloop
  endfacet
  facet normal -0.593094 0.799119 0.098226
    outer loop
      vertex 28.9322 106.01 30.7091
      vertex 28.7667 105.706 32.183
      vertex 28.9322 105.827 32.1979
    endloop
  endfacet
  facet normal -0.596248 0.796869 0.0974076
    outer loop
      vertex 28.7667 105.706 32.183
      vertex 28.9322 106.01 30.7091
      vertex 28.7667 105.888 30.6941
    endloop
  endfacet
  facet normal -0.425737 0.898088 0.110391
    outer loop
      vertex 28.5899 105.783 30.6812
      vertex 28.4036 105.513 32.1593
      vertex 28.5899 105.6 32.17
    endloop
  endfacet
  facet normal -0.425737 0.898088 0.110391
    outer loop
      vertex 28.4036 105.513 32.1593
      vertex 28.5899 105.783 30.6812
      vertex 28.4036 105.696 30.6705
    endloop
  endfacet
  facet normal 0.94166 -0.334053 -0.041061
    outer loop
      vertex 25.6599 108.236 32.4937
      vertex 25.5904 108.226 30.9812
      vertex 25.6599 108.419 31.0049
    endloop
  endfacet
  facet normal 0.941111 -0.335599 -0.0410256
    outer loop
      vertex 25.5904 108.226 30.9812
      vertex 25.6599 108.236 32.4937
      vertex 25.5904 108.044 32.47
    endloop
  endfacet
  facet normal 0.98917 -0.145679 -0.0179065
    outer loop
      vertex 25.5403 107.845 32.4457
      vertex 25.5101 107.826 30.932
      vertex 25.5403 108.028 30.9569
    endloop
  endfacet
  facet normal 0.98917 -0.145679 -0.0179065
    outer loop
      vertex 25.5101 107.826 30.932
      vertex 25.5403 107.845 32.4457
      vertex 25.5101 107.643 32.4208
    endloop
  endfacet
  facet normal -0.739723 0.667885 0.082095
    outer loop
      vertex 29.0849 106.148 30.726
      vertex 29.2233 106.116 32.2334
      vertex 29.2233 106.299 30.7446
    endloop
  endfacet
  facet normal -0.739723 0.667885 0.082095
    outer loop
      vertex 29.2233 106.116 32.2334
      vertex 29.0849 106.148 30.726
      vertex 29.0849 105.965 32.2148
    endloop
  endfacet
  facet normal -0.244342 -0.962447 -0.118294
    outer loop
      vertex 28.0097 109.666 31.1579
      vertex 28.2096 109.433 32.6407
      vertex 28.0097 109.483 32.6468
    endloop
  endfacet
  facet normal -0.244342 -0.962447 -0.118294
    outer loop
      vertex 28.2096 109.433 32.6407
      vertex 28.0097 109.666 31.1579
      vertex 28.2096 109.616 31.1518
    endloop
  endfacet
  facet normal 0.425737 0.898088 0.110391
    outer loop
      vertex 26.7964 105.513 32.1593
      vertex 26.6101 105.783 30.6812
      vertex 26.6101 105.6 32.17
    endloop
  endfacet
  facet normal 0.425737 0.898088 0.110391
    outer loop
      vertex 26.6101 105.783 30.6812
      vertex 26.7964 105.513 32.1593
      vertex 26.7964 105.696 30.6705
    endloop
  endfacet
  facet normal 0.337351 0.934347 0.114848
    outer loop
      vertex 82.1904 105.444 32.1508
      vertex 81.9964 105.696 30.6705
      vertex 81.9964 105.513 32.1593
    endloop
  endfacet
  facet normal 0.337351 0.934347 0.114848
    outer loop
      vertex 81.9964 105.696 30.6705
      vertex 82.1904 105.444 32.1508
      vertex 82.1904 105.627 30.662
    endloop
  endfacet
  facet normal -0.989099 -0.14615 -0.0179645
    outer loop
      vertex 84.8899 107.826 30.932
      vertex 84.8596 107.845 32.4457
      vertex 84.8596 108.028 30.9569
    endloop
  endfacet
  facet normal -0.989099 -0.14615 -0.0179645
    outer loop
      vertex 84.8596 107.845 32.4457
      vertex 84.8899 107.826 30.932
      vertex 84.8899 107.643 32.4208
    endloop
  endfacet
  facet normal -0.998806 -0.0484799 -0.00595904
    outer loop
      vertex 84.9 107.621 30.9069
      vertex 84.8899 107.643 32.4208
      vertex 84.8899 107.826 30.932
    endloop
  endfacet
  facet normal -0.998795 -0.0487203 -0.00595547
    outer loop
      vertex 84.8899 107.643 32.4208
      vertex 84.9 107.621 30.9069
      vertex 84.9 107.439 32.3958
    endloop
  endfacet
  facet normal -0.969995 -0.241328 -0.0295014
    outer loop
      vertex 84.8596 108.028 30.9569
      vertex 84.8096 108.044 32.47
      vertex 84.8096 108.226 30.9812
    endloop
  endfacet
  facet normal -0.970278 -0.240184 -0.0295228
    outer loop
      vertex 84.8096 108.044 32.47
      vertex 84.8596 108.028 30.9569
      vertex 84.8596 107.845 32.4457
    endloop
  endfacet
  facet normal 0.98917 -0.145679 -0.0179065
    outer loop
      vertex 80.7403 107.845 32.4457
      vertex 80.7101 107.826 30.932
      vertex 80.7403 108.028 30.9569
    endloop
  endfacet
  facet normal 0.98917 -0.145679 -0.0179065
    outer loop
      vertex 80.7101 107.826 30.932
      vertex 80.7403 107.845 32.4457
      vertex 80.7101 107.643 32.4208
    endloop
  endfacet
  facet normal 0.244342 0.962446 0.118302
    outer loop
      vertex 82.3903 105.394 32.1447
      vertex 82.1904 105.627 30.662
      vertex 82.1904 105.444 32.1508
    endloop
  endfacet
  facet normal 0.244342 0.962446 0.118302
    outer loop
      vertex 82.1904 105.627 30.662
      vertex 82.3903 105.394 32.1447
      vertex 82.3903 105.577 30.6559
    endloop
  endfacet
  facet normal -0.337351 -0.934348 -0.11484
    outer loop
      vertex 83.4096 109.616 31.1518
      vertex 83.6036 109.364 32.6322
      vertex 83.4096 109.433 32.6407
    endloop
  endfacet
  facet normal -0.337299 -0.934366 -0.11485
    outer loop
      vertex 83.6036 109.364 32.6322
      vertex 83.4096 109.616 31.1518
      vertex 83.6036 109.547 31.1434
    endloop
  endfacet
  facet normal 0.513502 -0.851679 -0.10468
    outer loop
      vertex 81.6333 109.172 32.6085
      vertex 81.8101 109.46 31.1326
      vertex 81.8101 109.277 32.6215
    endloop
  endfacet
  facet normal 0.513458 -0.851704 -0.10469
    outer loop
      vertex 81.8101 109.46 31.1326
      vertex 81.6333 109.172 32.6085
      vertex 81.6333 109.355 31.1197
    endloop
  endfacet
  facet normal 0.904092 0.424146 0.0521351
    outer loop
      vertex 80.8599 106.641 32.2978
      vertex 80.948 106.639 30.7863
      vertex 80.8599 106.824 30.809
    endloop
  endfacet
  facet normal 0.904092 0.424146 0.0521351
    outer loop
      vertex 80.948 106.639 30.7863
      vertex 80.8599 106.641 32.2978
      vertex 80.948 106.456 32.2751
    endloop
  endfacet
  facet normal 0.244342 -0.962447 -0.118294
    outer loop
      vertex 82.1904 109.433 32.6407
      vertex 82.3903 109.666 31.1579
      vertex 82.3903 109.483 32.6468
    endloop
  endfacet
  facet normal 0.244342 -0.962447 -0.118294
    outer loop
      vertex 82.3903 109.666 31.1579
      vertex 82.1904 109.433 32.6407
      vertex 82.1904 109.616 31.1518
    endloop
  endfacet
  facet normal 0.858543 0.508912 0.0625543
    outer loop
      vertex 80.948 106.456 32.2751
      vertex 81.0539 106.463 30.7647
      vertex 80.948 106.639 30.7863
    endloop
  endfacet
  facet normal 0.857256 0.511087 0.0624742
    outer loop
      vertex 81.0539 106.463 30.7647
      vertex 80.948 106.456 32.2751
      vertex 81.0539 106.281 32.2536
    endloop
  endfacet
  facet normal -0.244342 0.962446 0.118302
    outer loop
      vertex 83.4096 105.627 30.662
      vertex 83.2097 105.394 32.1447
      vertex 83.4096 105.444 32.1508
    endloop
  endfacet
  facet normal -0.244342 0.962446 0.118302
    outer loop
      vertex 83.2097 105.394 32.1447
      vertex 83.4096 105.627 30.662
      vertex 83.2097 105.577 30.6559
    endloop
  endfacet
  facet normal 0.593094 0.799119 0.098226
    outer loop
      vertex 81.6333 105.706 32.183
      vertex 81.4678 106.01 30.7091
      vertex 81.4678 105.827 32.1979
    endloop
  endfacet
  facet normal 0.596248 0.796869 0.0974076
    outer loop
      vertex 81.4678 106.01 30.7091
      vertex 81.6333 105.706 32.183
      vertex 81.6333 105.888 30.6941
    endloop
  endfacet
  facet normal -0.517036 0.84964 0.103858
    outer loop
      vertex 83.9667 105.888 30.6941
      vertex 83.7899 105.6 32.17
      vertex 83.9667 105.706 32.183
    endloop
  endfacet
  facet normal -0.513458 0.851704 0.10469
    outer loop
      vertex 83.7899 105.6 32.17
      vertex 83.9667 105.888 30.6941
      vertex 83.7899 105.783 30.6812
    endloop
  endfacet
  facet normal -0.802605 0.592104 0.0723776
    outer loop
      vertex 84.4233 106.299 30.7446
      vertex 84.5461 106.281 32.2536
      vertex 84.5461 106.463 30.7647
    endloop
  endfacet
  facet normal -0.804331 0.589743 0.0724899
    outer loop
      vertex 84.5461 106.281 32.2536
      vertex 84.4233 106.299 30.7446
      vertex 84.4233 106.116 32.2334
    endloop
  endfacet
  facet normal -0.146585 -0.981809 -0.120682
    outer loop
      vertex 83.0058 109.696 31.1616
      vertex 83.2097 109.483 32.6468
      vertex 83.0058 109.513 32.6504
    endloop
  endfacet
  facet normal -0.146643 -0.981801 -0.120673
    outer loop
      vertex 83.2097 109.483 32.6468
      vertex 83.0058 109.696 31.1616
      vertex 83.2097 109.666 31.1579
    endloop
  endfacet
  facet normal 0.59621 -0.796831 -0.0979447
    outer loop
      vertex 81.4678 109.05 32.5936
      vertex 81.6333 109.355 31.1197
      vertex 81.6333 109.172 32.6085
    endloop
  endfacet
  facet normal 0.59621 -0.796831 -0.0979447
    outer loop
      vertex 81.6333 109.355 31.1197
      vertex 81.4678 109.05 32.5936
      vertex 81.4678 109.233 31.1048
    endloop
  endfacet
  facet normal -0.425737 0.898088 0.110391
    outer loop
      vertex 83.7899 105.783 30.6812
      vertex 83.6036 105.513 32.1593
      vertex 83.7899 105.6 32.17
    endloop
  endfacet
  facet normal -0.425737 0.898088 0.110391
    outer loop
      vertex 83.6036 105.513 32.1593
      vertex 83.7899 105.783 30.6812
      vertex 83.6036 105.696 30.6705
    endloop
  endfacet
  facet normal 0.804331 -0.589743 -0.0724899
    outer loop
      vertex 81.1767 108.761 32.5581
      vertex 81.0539 108.779 31.0491
      vertex 81.1767 108.944 31.0693
    endloop
  endfacet
  facet normal 0.802626 -0.592075 -0.0723789
    outer loop
      vertex 81.0539 108.779 31.0491
      vertex 81.1767 108.761 32.5581
      vertex 81.0539 108.597 32.5379
    endloop
  endfacet
  facet normal -0.989098 0.146159 0.0179644
    outer loop
      vertex 84.8596 107.215 30.857
      vertex 84.8899 107.234 32.3707
      vertex 84.8899 107.417 30.8818
    endloop
  endfacet
  facet normal -0.989099 0.14615 0.0179645
    outer loop
      vertex 84.8899 107.234 32.3707
      vertex 84.8596 107.215 30.857
      vertex 84.8596 107.032 32.3458
    endloop
  endfacet
  facet normal 0.94166 -0.334053 -0.041061
    outer loop
      vertex 80.8599 108.236 32.4937
      vertex 80.7904 108.226 30.9812
      vertex 80.8599 108.419 31.0049
    endloop
  endfacet
  facet normal 0.941111 -0.335599 -0.0410256
    outer loop
      vertex 80.7904 108.226 30.9812
      vertex 80.8599 108.236 32.4937
      vertex 80.7904 108.044 32.47
    endloop
  endfacet
  facet normal -0.425737 -0.898088 -0.110391
    outer loop
      vertex 83.6036 109.547 31.1434
      vertex 83.7899 109.277 32.6215
      vertex 83.6036 109.364 32.6322
    endloop
  endfacet
  facet normal -0.425786 -0.898066 -0.110381
    outer loop
      vertex 83.7899 109.277 32.6215
      vertex 83.6036 109.547 31.1434
      vertex 83.7899 109.46 31.1326
    endloop
  endfacet
  facet normal 0.941105 0.335618 0.0410252
    outer loop
      vertex 80.7904 106.834 32.3215
      vertex 80.8599 106.824 30.809
      vertex 80.7904 107.016 30.8326
    endloop
  endfacet
  facet normal 0.94166 0.334053 0.041061
    outer loop
      vertex 80.8599 106.824 30.809
      vertex 80.7904 106.834 32.3215
      vertex 80.8599 106.641 32.2978
    endloop
  endfacet
  facet normal -0.970282 0.24017 0.0295211
    outer loop
      vertex 84.8096 107.016 30.8326
      vertex 84.8596 107.032 32.3458
      vertex 84.8596 107.215 30.857
    endloop
  endfacet
  facet normal -0.969995 0.241328 0.0294994
    outer loop
      vertex 84.8596 107.032 32.3458
      vertex 84.8096 107.016 30.8326
      vertex 84.8096 106.834 32.3215
    endloop
  endfacet
  facet normal 0.0489398 -0.991341 -0.121853
    outer loop
      vertex 82.5942 109.513 32.6504
      vertex 82.8 109.706 31.1629
      vertex 82.8 109.523 32.6517
    endloop
  endfacet
  facet normal 0.0489398 -0.991341 -0.121853
    outer loop
      vertex 82.8 109.706 31.1629
      vertex 82.5942 109.513 32.6504
      vertex 82.5942 109.696 31.1616
    endloop
  endfacet
  facet normal 0.425737 -0.898088 -0.110391
    outer loop
      vertex 81.8101 109.277 32.6215
      vertex 81.9964 109.547 31.1434
      vertex 81.9964 109.364 32.6322
    endloop
  endfacet
  facet normal 0.425786 -0.898066 -0.110381
    outer loop
      vertex 81.9964 109.547 31.1434
      vertex 81.8101 109.277 32.6215
      vertex 81.8101 109.46 31.1326
    endloop
  endfacet
  facet normal 0.673237 -0.733904 -0.0902098
    outer loop
      vertex 81.3151 108.912 32.5767
      vertex 81.4678 109.233 31.1048
      vertex 81.4678 109.05 32.5936
    endloop
  endfacet
  facet normal 0.673237 -0.733904 -0.0902098
    outer loop
      vertex 81.4678 109.233 31.1048
      vertex 81.3151 108.912 32.5767
      vertex 81.3151 109.095 31.0879
    endloop
  endfacet
  facet normal -0.337351 0.934347 0.114848
    outer loop
      vertex 83.6036 105.696 30.6705
      vertex 83.4096 105.444 32.1508
      vertex 83.6036 105.513 32.1593
    endloop
  endfacet
  facet normal -0.337351 0.934347 0.114848
    outer loop
      vertex 83.4096 105.444 32.1508
      vertex 83.6036 105.696 30.6705
      vertex 83.4096 105.627 30.662
    endloop
  endfacet
  facet normal 0.337351 -0.934348 -0.11484
    outer loop
      vertex 81.9964 109.364 32.6322
      vertex 82.1904 109.616 31.1518
      vertex 82.1904 109.433 32.6407
    endloop
  endfacet
  facet normal 0.337299 -0.934366 -0.11485
    outer loop
      vertex 82.1904 109.616 31.1518
      vertex 81.9964 109.364 32.6322
      vertex 81.9964 109.547 31.1434
    endloop
  endfacet
  facet normal -0.804331 -0.589743 -0.0724899
    outer loop
      vertex 84.5461 108.779 31.0491
      vertex 84.4233 108.761 32.5581
      vertex 84.4233 108.944 31.0693
    endloop
  endfacet
  facet normal -0.802626 -0.592075 -0.0723789
    outer loop
      vertex 84.4233 108.761 32.5581
      vertex 84.5461 108.779 31.0491
      vertex 84.5461 108.597 32.5379
    endloop
  endfacet
  facet normal 0.857256 -0.511086 -0.0624783
    outer loop
      vertex 81.0539 108.597 32.5379
      vertex 80.948 108.604 31.0276
      vertex 81.0539 108.779 31.0491
    endloop
  endfacet
  facet normal 0.858527 -0.508938 -0.0625575
    outer loop
      vertex 80.948 108.604 31.0276
      vertex 81.0539 108.597 32.5379
      vertex 80.948 108.421 32.5164
    endloop
  endfacet
  facet normal -0.998795 0.0487174 0.00595512
    outer loop
      vertex 84.8899 107.417 30.8818
      vertex 84.9 107.439 32.3958
      vertex 84.9 107.621 30.9069
    endloop
  endfacet
  facet normal -0.998806 0.0484799 0.00595864
    outer loop
      vertex 84.9 107.439 32.3958
      vertex 84.8899 107.417 30.8818
      vertex 84.8899 107.234 32.3707
    endloop
  endfacet
  facet normal -0.903904 0.424539 0.0521835
    outer loop
      vertex 84.652 106.639 30.7863
      vertex 84.7402 106.641 32.2978
      vertex 84.7402 106.824 30.809
    endloop
  endfacet
  facet normal -0.903904 0.424539 0.0521835
    outer loop
      vertex 84.7402 106.641 32.2978
      vertex 84.652 106.639 30.7863
      vertex 84.652 106.456 32.2751
    endloop
  endfacet
  facet normal -0.857256 -0.511086 -0.0624783
    outer loop
      vertex 84.652 108.604 31.0276
      vertex 84.5461 108.597 32.5379
      vertex 84.5461 108.779 31.0491
    endloop
  endfacet
  facet normal -0.858527 -0.508938 -0.0625575
    outer loop
      vertex 84.5461 108.597 32.5379
      vertex 84.652 108.604 31.0276
      vertex 84.652 108.421 32.5164
    endloop
  endfacet
  facet normal 0.673237 0.733904 0.0902098
    outer loop
      vertex 81.4678 105.827 32.1979
      vertex 81.3151 106.148 30.726
      vertex 81.3151 105.965 32.2148
    endloop
  endfacet
  facet normal 0.673237 0.733904 0.0902098
    outer loop
      vertex 81.3151 106.148 30.726
      vertex 81.4678 105.827 32.1979
      vertex 81.4678 106.01 30.7091
    endloop
  endfacet
  facet normal -0.59621 -0.796831 -0.0979447
    outer loop
      vertex 83.9667 109.355 31.1197
      vertex 84.1322 109.05 32.5936
      vertex 83.9667 109.172 32.6085
    endloop
  endfacet
  facet normal -0.59621 -0.796831 -0.0979447
    outer loop
      vertex 84.1322 109.05 32.5936
      vertex 83.9667 109.355 31.1197
      vertex 84.1322 109.233 31.1048
    endloop
  endfacet
  facet normal 0.517036 0.84964 0.103858
    outer loop
      vertex 81.8101 105.6 32.17
      vertex 81.6333 105.888 30.6941
      vertex 81.6333 105.706 32.183
    endloop
  endfacet
  facet normal 0.513458 0.851704 0.10469
    outer loop
      vertex 81.6333 105.888 30.6941
      vertex 81.8101 105.6 32.17
      vertex 81.8101 105.783 30.6812
    endloop
  endfacet
  facet normal -0.513502 -0.851679 -0.10468
    outer loop
      vertex 83.7899 109.46 31.1326
      vertex 83.9667 109.172 32.6085
      vertex 83.7899 109.277 32.6215
    endloop
  endfacet
  facet normal -0.513458 -0.851704 -0.10469
    outer loop
      vertex 83.9667 109.172 32.6085
      vertex 83.7899 109.46 31.1326
      vertex 83.9667 109.355 31.1197
    endloop
  endfacet
  facet normal -0.146585 0.981809 0.120682
    outer loop
      vertex 83.2097 105.577 30.6559
      vertex 83.0058 105.364 32.1411
      vertex 83.2097 105.394 32.1447
    endloop
  endfacet
  facet normal -0.146643 0.981801 0.120673
    outer loop
      vertex 83.0058 105.364 32.1411
      vertex 83.2097 105.577 30.6559
      vertex 83.0058 105.547 30.6522
    endloop
  endfacet
  facet normal -0.941813 -0.333627 -0.0410086
    outer loop
      vertex 84.8096 108.226 30.9812
      vertex 84.7402 108.236 32.4937
      vertex 84.7402 108.419 31.0049
    endloop
  endfacet
  facet normal -0.941266 -0.335171 -0.0409733
    outer loop
      vertex 84.7402 108.236 32.4937
      vertex 84.8096 108.226 30.9812
      vertex 84.8096 108.044 32.47
    endloop
  endfacet
  facet normal -0.858543 0.508912 0.0625543
    outer loop
      vertex 84.5461 106.463 30.7647
      vertex 84.652 106.456 32.2751
      vertex 84.652 106.639 30.7863
    endloop
  endfacet
  facet normal -0.857256 0.511087 0.0624742
    outer loop
      vertex 84.652 106.456 32.2751
      vertex 84.5461 106.463 30.7647
      vertex 84.5461 106.281 32.2536
    endloop
  endfacet
  facet normal 0.998795 0.0487174 0.00595512
    outer loop
      vertex 80.7 107.439 32.3958
      vertex 80.7101 107.417 30.8818
      vertex 80.7 107.621 30.9069
    endloop
  endfacet
  facet normal 0.998806 0.0484799 0.00595864
    outer loop
      vertex 80.7101 107.417 30.8818
      vertex 80.7 107.439 32.3958
      vertex 80.7101 107.234 32.3707
    endloop
  endfacet
  facet normal -0.941259 0.33519 0.0409729
    outer loop
      vertex 84.7402 106.824 30.809
      vertex 84.8096 106.834 32.3215
      vertex 84.8096 107.016 30.8326
    endloop
  endfacet
  facet normal -0.941813 0.333627 0.0410086
    outer loop
      vertex 84.8096 106.834 32.3215
      vertex 84.7402 106.824 30.809
      vertex 84.7402 106.641 32.2978
    endloop
  endfacet
  facet normal 0.146585 -0.981809 -0.120682
    outer loop
      vertex 82.3903 109.483 32.6468
      vertex 82.5942 109.696 31.1616
      vertex 82.5942 109.513 32.6504
    endloop
  endfacet
  facet normal 0.146643 -0.981801 -0.120673
    outer loop
      vertex 82.5942 109.696 31.1616
      vertex 82.3903 109.483 32.6468
      vertex 82.3903 109.666 31.1579
    endloop
  endfacet
  facet normal -0.739723 -0.667885 -0.082095
    outer loop
      vertex 84.4233 108.944 31.0693
      vertex 84.2849 108.912 32.5767
      vertex 84.2849 109.095 31.0879
    endloop
  endfacet
  facet normal -0.739723 -0.667885 -0.082095
    outer loop
      vertex 84.2849 108.912 32.5767
      vertex 84.4233 108.944 31.0693
      vertex 84.4233 108.761 32.5581
    endloop
  endfacet
  facet normal -0.0489398 -0.991341 -0.121853
    outer loop
      vertex 82.8 109.706 31.1629
      vertex 83.0058 109.513 32.6504
      vertex 82.8 109.523 32.6517
    endloop
  endfacet
  facet normal -0.0489398 -0.991341 -0.121853
    outer loop
      vertex 83.0058 109.513 32.6504
      vertex 82.8 109.706 31.1629
      vertex 83.0058 109.696 31.1616
    endloop
  endfacet
  facet normal -0.903904 -0.424539 -0.0521835
    outer loop
      vertex 84.7402 108.419 31.0049
      vertex 84.652 108.421 32.5164
      vertex 84.652 108.604 31.0276
    endloop
  endfacet
  facet normal -0.903904 -0.424539 -0.0521835
    outer loop
      vertex 84.652 108.421 32.5164
      vertex 84.7402 108.419 31.0049
      vertex 84.7402 108.236 32.4937
    endloop
  endfacet
  facet normal 0.146585 0.981809 0.120682
    outer loop
      vertex 82.5942 105.364 32.1411
      vertex 82.3903 105.577 30.6559
      vertex 82.3903 105.394 32.1447
    endloop
  endfacet
  facet normal 0.146643 0.981801 0.120673
    outer loop
      vertex 82.3903 105.577 30.6559
      vertex 82.5942 105.364 32.1411
      vertex 82.5942 105.547 30.6522
    endloop
  endfacet
  facet normal -0.673237 0.733904 0.0902098
    outer loop
      vertex 84.2849 106.148 30.726
      vertex 84.1322 105.827 32.1979
      vertex 84.2849 105.965 32.2148
    endloop
  endfacet
  facet normal -0.673237 0.733904 0.0902098
    outer loop
      vertex 84.1322 105.827 32.1979
      vertex 84.2849 106.148 30.726
      vertex 84.1322 106.01 30.7091
    endloop
  endfacet
  facet normal 0.0489398 0.991342 0.121845
    outer loop
      vertex 82.8 105.354 32.1398
      vertex 82.5942 105.547 30.6522
      vertex 82.5942 105.364 32.1411
    endloop
  endfacet
  facet normal 0.0488808 0.991344 0.121854
    outer loop
      vertex 82.5942 105.547 30.6522
      vertex 82.8 105.354 32.1398
      vertex 82.8 105.537 30.651
    endloop
  endfacet
  facet normal 0.739723 -0.667885 -0.082095
    outer loop
      vertex 81.3151 108.912 32.5767
      vertex 81.1767 108.944 31.0693
      vertex 81.3151 109.095 31.0879
    endloop
  endfacet
  facet normal 0.739723 -0.667885 -0.082095
    outer loop
      vertex 81.1767 108.944 31.0693
      vertex 81.3151 108.912 32.5767
      vertex 81.1767 108.761 32.5581
    endloop
  endfacet
  facet normal -0.673237 -0.733904 -0.0902098
    outer loop
      vertex 84.1322 109.233 31.1048
      vertex 84.2849 108.912 32.5767
      vertex 84.1322 109.05 32.5936
    endloop
  endfacet
  facet normal -0.673237 -0.733904 -0.0902098
    outer loop
      vertex 84.2849 108.912 32.5767
      vertex 84.1322 109.233 31.1048
      vertex 84.2849 109.095 31.0879
    endloop
  endfacet
  facet normal 0.904092 -0.424146 -0.0521351
    outer loop
      vertex 80.948 108.421 32.5164
      vertex 80.8599 108.419 31.0049
      vertex 80.948 108.604 31.0276
    endloop
  endfacet
  facet normal 0.904092 -0.424146 -0.0521351
    outer loop
      vertex 80.8599 108.419 31.0049
      vertex 80.948 108.421 32.5164
      vertex 80.8599 108.236 32.4937
    endloop
  endfacet
  facet normal 0.96988 -0.241782 -0.0295569
    outer loop
      vertex 80.7904 108.044 32.47
      vertex 80.7403 108.028 30.9569
      vertex 80.7904 108.226 30.9812
    endloop
  endfacet
  facet normal 0.970165 -0.240636 -0.0295784
    outer loop
      vertex 80.7403 108.028 30.9569
      vertex 80.7904 108.044 32.47
      vertex 80.7403 107.845 32.4457
    endloop
  endfacet
  facet normal -0.244342 -0.962447 -0.118294
    outer loop
      vertex 83.2097 109.666 31.1579
      vertex 83.4096 109.433 32.6407
      vertex 83.2097 109.483 32.6468
    endloop
  endfacet
  facet normal -0.244342 -0.962447 -0.118294
    outer loop
      vertex 83.4096 109.433 32.6407
      vertex 83.2097 109.666 31.1579
      vertex 83.4096 109.616 31.1518
    endloop
  endfacet
  facet normal 0.970168 0.240622 0.0295767
    outer loop
      vertex 80.7403 107.032 32.3458
      vertex 80.7904 107.016 30.8326
      vertex 80.7403 107.215 30.857
    endloop
  endfacet
  facet normal 0.96988 0.241782 0.0295549
    outer loop
      vertex 80.7904 107.016 30.8326
      vertex 80.7403 107.032 32.3458
      vertex 80.7904 106.834 32.3215
    endloop
  endfacet
  facet normal 0.425737 0.898088 0.110391
    outer loop
      vertex 81.9964 105.513 32.1593
      vertex 81.8101 105.783 30.6812
      vertex 81.8101 105.6 32.17
    endloop
  endfacet
  facet normal 0.425737 0.898088 0.110391
    outer loop
      vertex 81.8101 105.783 30.6812
      vertex 81.9964 105.513 32.1593
      vertex 81.9964 105.696 30.6705
    endloop
  endfacet
  facet normal 0.739723 0.667885 0.082095
    outer loop
      vertex 81.1767 106.116 32.2334
      vertex 81.3151 106.148 30.726
      vertex 81.1767 106.299 30.7446
    endloop
  endfacet
  facet normal 0.739723 0.667885 0.082095
    outer loop
      vertex 81.3151 106.148 30.726
      vertex 81.1767 106.116 32.2334
      vertex 81.3151 105.965 32.2148
    endloop
  endfacet
  facet normal -0.0489398 0.991342 0.121845
    outer loop
      vertex 83.0058 105.547 30.6522
      vertex 82.8 105.354 32.1398
      vertex 83.0058 105.364 32.1411
    endloop
  endfacet
  facet normal -0.0488808 0.991344 0.121854
    outer loop
      vertex 82.8 105.354 32.1398
      vertex 83.0058 105.547 30.6522
      vertex 82.8 105.537 30.651
    endloop
  endfacet
  facet normal 0.989169 0.145687 0.0179063
    outer loop
      vertex 80.7101 107.234 32.3707
      vertex 80.7403 107.215 30.857
      vertex 80.7101 107.417 30.8818
    endloop
  endfacet
  facet normal 0.98917 0.145679 0.0179065
    outer loop
      vertex 80.7403 107.215 30.857
      vertex 80.7101 107.234 32.3707
      vertex 80.7403 107.032 32.3458
    endloop
  endfacet
  facet normal -0.593094 0.799119 0.098226
    outer loop
      vertex 84.1322 106.01 30.7091
      vertex 83.9667 105.706 32.183
      vertex 84.1322 105.827 32.1979
    endloop
  endfacet
  facet normal -0.596248 0.796869 0.0974076
    outer loop
      vertex 83.9667 105.706 32.183
      vertex 84.1322 106.01 30.7091
      vertex 83.9667 105.888 30.6941
    endloop
  endfacet
  facet normal -0.00603079 -0.121822 0.992534
    outer loop
      vertex 84.8899 107.826 30.932
      vertex 84.8899 107.417 30.8818
      vertex 84.9 107.621 30.9069
    endloop
  endfacet
  facet normal 0.00349998 -0.121823 0.992546
    outer loop
      vertex 84.8596 108.028 30.9569
      vertex 84.8899 107.417 30.8818
      vertex 84.8899 107.826 30.932
    endloop
  endfacet
  facet normal 0.000701071 -0.121961 0.992535
    outer loop
      vertex 84.8596 108.028 30.9569
      vertex 84.8596 107.215 30.857
      vertex 84.8899 107.417 30.8818
    endloop
  endfacet
  facet normal -0.000593323 -0.121961 0.992535
    outer loop
      vertex 84.8096 108.226 30.9812
      vertex 84.8596 107.215 30.857
      vertex 84.8596 108.028 30.9569
    endloop
  endfacet
  facet normal 0.000777629 -0.121894 0.992543
    outer loop
      vertex 84.8096 108.226 30.9812
      vertex 84.8096 107.016 30.8326
      vertex 84.8596 107.215 30.857
    endloop
  endfacet
  facet normal -3.3095e-05 -0.121894 0.992543
    outer loop
      vertex 84.7402 108.419 31.0049
      vertex 84.8096 107.016 30.8326
      vertex 84.8096 108.226 30.9812
    endloop
  endfacet
  facet normal -0.000261825 -0.121905 0.992542
    outer loop
      vertex 84.7402 108.419 31.0049
      vertex 84.7402 106.824 30.809
      vertex 84.8096 107.016 30.8326
    endloop
  endfacet
  facet normal -0.000246938 -0.121905 0.992542
    outer loop
      vertex 84.652 108.604 31.0276
      vertex 84.7402 106.824 30.809
      vertex 84.7402 108.419 31.0049
    endloop
  endfacet
  facet normal 0.000200441 -0.121883 0.992544
    outer loop
      vertex 84.652 108.604 31.0276
      vertex 84.652 106.639 30.7863
      vertex 84.7402 106.824 30.809
    endloop
  endfacet
  facet normal 9.53941e-05 -0.121883 0.992544
    outer loop
      vertex 84.5461 108.779 31.0491
      vertex 84.652 106.639 30.7863
      vertex 84.652 108.604 31.0276
    endloop
  endfacet
  facet normal 0.000116549 -0.121882 0.992545
    outer loop
      vertex 84.5461 108.779 31.0491
      vertex 84.5461 106.463 30.7647
      vertex 84.652 106.639 30.7863
    endloop
  endfacet
  facet normal -0.000498358 -0.121882 0.992544
    outer loop
      vertex 84.4233 108.944 31.0693
      vertex 84.5461 106.463 30.7647
      vertex 84.5461 108.779 31.0491
    endloop
  endfacet
  facet normal 0.000263717 -0.121845 0.992549
    outer loop
      vertex 84.4233 108.944 31.0693
      vertex 84.4233 106.299 30.7446
      vertex 84.5461 106.463 30.7647
    endloop
  endfacet
  facet normal 0.000453614 -0.121845 0.992549
    outer loop
      vertex 84.2849 109.095 31.0879
      vertex 84.4233 106.299 30.7446
      vertex 84.4233 108.944 31.0693
    endloop
  endfacet
  facet normal -0.000407127 -0.121887 0.992544
    outer loop
      vertex 84.2849 109.095 31.0879
      vertex 84.2849 106.148 30.726
      vertex 84.4233 106.299 30.7446
    endloop
  endfacet
  facet normal -0.000304155 -0.121887 0.992544
    outer loop
      vertex 84.1322 109.233 31.1048
      vertex 84.2849 106.148 30.726
      vertex 84.2849 109.095 31.0879
    endloop
  endfacet
  facet normal 0.00027811 -0.121859 0.992547
    outer loop
      vertex 84.1322 109.233 31.1048
      vertex 84.1322 106.01 30.7091
      vertex 84.2849 106.148 30.726
    endloop
  endfacet
  facet normal -0.000470217 -0.121859 0.992547
    outer loop
      vertex 83.9667 109.355 31.1197
      vertex 84.1322 106.01 30.7091
      vertex 84.1322 109.233 31.1048
    endloop
  endfacet
  facet normal -0.000141499 -0.121843 0.992549
    outer loop
      vertex 83.9667 109.355 31.1197
      vertex 83.9667 105.888 30.6941
      vertex 84.1322 106.01 30.7091
    endloop
  endfacet
  facet normal 5.87791e-05 -0.121843 0.992549
    outer loop
      vertex 83.7899 109.46 31.1326
      vertex 83.9667 105.888 30.6941
      vertex 83.9667 109.355 31.1197
    endloop
  endfacet
  facet normal -5.5422e-05 -0.121848 0.992549
    outer loop
      vertex 83.7899 109.46 31.1326
      vertex 83.7899 105.783 30.6812
      vertex 83.9667 105.888 30.6941
    endloop
  endfacet
  facet normal 0.000637236 -0.121848 0.992549
    outer loop
      vertex 83.6036 109.547 31.1434
      vertex 83.7899 105.783 30.6812
      vertex 83.7899 109.46 31.1326
    endloop
  endfacet
  facet normal -8.77107e-05 -0.121884 0.992544
    outer loop
      vertex 83.6036 109.547 31.1434
      vertex 83.6036 105.696 30.6705
      vertex 83.7899 105.783 30.6812
    endloop
  endfacet
  facet normal -0.00037425 -0.121884 0.992544
    outer loop
      vertex 83.4096 109.616 31.1518
      vertex 83.6036 105.696 30.6705
      vertex 83.6036 109.547 31.1434
    endloop
  endfacet
  facet normal -0.000141469 -0.121872 0.992546
    outer loop
      vertex 83.4096 109.616 31.1518
      vertex 83.4096 105.627 30.662
      vertex 83.6036 105.696 30.6705
    endloop
  endfacet
  facet normal -0.000195546 -0.121872 0.992546
    outer loop
      vertex 83.2097 109.666 31.1579
      vertex 83.4096 105.627 30.662
      vertex 83.4096 109.616 31.1518
    endloop
  endfacet
  facet normal 0.000190765 -0.121854 0.992548
    outer loop
      vertex 83.2097 109.666 31.1579
      vertex 83.2097 105.577 30.6559
      vertex 83.4096 105.627 30.662
    endloop
  endfacet
  facet normal 8.24993e-05 -0.121854 0.992548
    outer loop
      vertex 83.0058 109.696 31.1616
      vertex 83.2097 105.577 30.6559
      vertex 83.2097 109.666 31.1579
    endloop
  endfacet
  facet normal -8.13062e-05 -0.121862 0.992547
    outer loop
      vertex 83.0058 109.696 31.1616
      vertex 83.0058 105.547 30.6522
      vertex 83.2097 105.577 30.6559
    endloop
  endfacet
  facet normal 0.000348377 -0.121862 0.992547
    outer loop
      vertex 82.8 109.706 31.1629
      vertex 83.0058 105.547 30.6522
      vertex 83.0058 109.696 31.1616
    endloop
  endfacet
  facet normal 0.000134425 -0.121872 0.992546
    outer loop
      vertex 82.8 109.706 31.1629
      vertex 82.8 105.537 30.651
      vertex 83.0058 105.547 30.6522
    endloop
  endfacet
  facet normal -0.000347862 -0.121872 0.992546
    outer loop
      vertex 82.5942 109.696 31.1616
      vertex 82.8 105.537 30.651
      vertex 82.8 109.706 31.1629
    endloop
  endfacet
  facet normal -0.000133911 -0.121862 0.992547
    outer loop
      vertex 82.5942 109.696 31.1616
      vertex 82.5942 105.547 30.6522
      vertex 82.8 105.537 30.651
    endloop
  endfacet
  facet normal -8.13062e-05 -0.121862 0.992547
    outer loop
      vertex 82.3903 109.666 31.1579
      vertex 82.5942 105.547 30.6522
      vertex 82.5942 109.696 31.1616
    endloop
  endfacet
  facet normal 8.24993e-05 -0.121854 0.992548
    outer loop
      vertex 82.3903 109.666 31.1579
      vertex 82.3903 105.577 30.6559
      vertex 82.5942 105.547 30.6522
    endloop
  endfacet
  facet normal 0.000190765 -0.121854 0.992548
    outer loop
      vertex 82.1904 109.616 31.1518
      vertex 82.3903 105.577 30.6559
      vertex 82.3903 109.666 31.1579
    endloop
  endfacet
  facet normal -0.000195546 -0.121872 0.992546
    outer loop
      vertex 82.1904 109.616 31.1518
      vertex 82.1904 105.627 30.662
      vertex 82.3903 105.577 30.6559
    endloop
  endfacet
  facet normal 0.000370153 -0.121872 0.992546
    outer loop
      vertex 81.9964 109.547 31.1434
      vertex 82.1904 105.627 30.662
      vertex 82.1904 109.616 31.1518
    endloop
  endfacet
  facet normal 0.000137371 -0.121884 0.992544
    outer loop
      vertex 81.9964 109.547 31.1434
      vertex 81.9964 105.696 30.6705
      vertex 82.1904 105.627 30.662
    endloop
  endfacet
  facet normal -0.000620477 -0.121884 0.992544
    outer loop
      vertex 81.8101 109.46 31.1326
      vertex 81.9964 105.696 30.6705
      vertex 81.9964 109.547 31.1434
    endloop
  endfacet
  facet normal 0.000104467 -0.121848 0.992549
    outer loop
      vertex 81.8101 109.46 31.1326
      vertex 81.8101 105.783 30.6812
      vertex 81.9964 105.696 30.6705
    endloop
  endfacet
  facet normal -5.5422e-05 -0.121848 0.992549
    outer loop
      vertex 81.6333 109.355 31.1197
      vertex 81.8101 105.783 30.6812
      vertex 81.8101 109.46 31.1326
    endloop
  endfacet
  facet normal 5.87791e-05 -0.121843 0.992549
    outer loop
      vertex 81.6333 109.355 31.1197
      vertex 81.6333 105.888 30.6941
      vertex 81.8101 105.783 30.6812
    endloop
  endfacet
  facet normal 0.000458229 -0.121843 0.992549
    outer loop
      vertex 81.4678 109.233 31.1048
      vertex 81.6333 105.888 30.6941
      vertex 81.6333 109.355 31.1197
    endloop
  endfacet
  facet normal 0.00012951 -0.121859 0.992547
    outer loop
      vertex 81.4678 109.233 31.1048
      vertex 81.4678 106.01 30.7091
      vertex 81.6333 105.888 30.6941
    endloop
  endfacet
  facet normal 0.00027811 -0.121859 0.992547
    outer loop
      vertex 81.3151 109.095 31.0879
      vertex 81.4678 106.01 30.7091
      vertex 81.4678 109.233 31.1048
    endloop
  endfacet
  facet normal -0.000304155 -0.121887 0.992544
    outer loop
      vertex 81.3151 109.095 31.0879
      vertex 81.3151 106.148 30.726
      vertex 81.4678 106.01 30.7091
    endloop
  endfacet
  facet normal -0.000407127 -0.121887 0.992544
    outer loop
      vertex 81.1767 108.944 31.0693
      vertex 81.3151 106.148 30.726
      vertex 81.3151 109.095 31.0879
    endloop
  endfacet
  facet normal 0.000453614 -0.121845 0.992549
    outer loop
      vertex 81.1767 108.944 31.0693
      vertex 81.1767 106.299 30.7446
      vertex 81.3151 106.148 30.726
    endloop
  endfacet
  facet normal 0.000447678 -0.121845 0.992549
    outer loop
      vertex 81.0539 108.779 31.0491
      vertex 81.1767 106.299 30.7446
      vertex 81.1767 108.944 31.0693
    endloop
  endfacet
  facet normal -0.000314091 -0.121882 0.992544
    outer loop
      vertex 81.0539 108.779 31.0491
      vertex 81.0539 106.463 30.7647
      vertex 81.1767 106.299 30.7446
    endloop
  endfacet
  facet normal -9.7124e-05 -0.121882 0.992545
    outer loop
      vertex 80.948 108.604 31.0276
      vertex 81.0539 106.463 30.7647
      vertex 81.0539 108.779 31.0491
    endloop
  endfacet
  facet normal -0.000118289 -0.121883 0.992544
    outer loop
      vertex 80.948 108.604 31.0276
      vertex 80.948 106.639 30.7863
      vertex 81.0539 106.463 30.7647
    endloop
  endfacet
  facet normal 0.000200669 -0.121883 0.992544
    outer loop
      vertex 80.8599 108.419 31.0049
      vertex 80.948 106.639 30.7863
      vertex 80.948 108.604 31.0276
    endloop
  endfacet
  facet normal -0.000247218 -0.121905 0.992542
    outer loop
      vertex 80.8599 108.419 31.0049
      vertex 80.8599 106.824 30.809
      vertex 80.948 106.639 30.7863
    endloop
  endfacet
  facet normal 6.44668e-05 -0.121905 0.992542
    outer loop
      vertex 80.7904 108.226 30.9812
      vertex 80.8599 106.824 30.809
      vertex 80.8599 108.419 31.0049
    endloop
  endfacet
  facet normal 0.000292705 -0.121894 0.992543
    outer loop
      vertex 80.7904 108.226 30.9812
      vertex 80.7904 107.016 30.8326
      vertex 80.8599 106.824 30.809
    endloop
  endfacet
  facet normal 0.000324184 -0.121894 0.992543
    outer loop
      vertex 80.7403 108.028 30.9569
      vertex 80.7904 107.016 30.8326
      vertex 80.7904 108.226 30.9812
    endloop
  endfacet
  facet normal -0.00104538 -0.121961 0.992534
    outer loop
      vertex 80.7403 108.028 30.9569
      vertex 80.7403 107.215 30.857
      vertex 80.7904 107.016 30.8326
    endloop
  endfacet
  facet normal -0.00258314 -0.121961 0.992532
    outer loop
      vertex 80.7101 107.826 30.932
      vertex 80.7403 107.215 30.857
      vertex 80.7403 108.028 30.9569
    endloop
  endfacet
  facet normal 0.000224999 -0.121824 0.992552
    outer loop
      vertex 80.7101 107.826 30.932
      vertex 80.7101 107.417 30.8818
      vertex 80.7403 107.215 30.857
    endloop
  endfacet
  facet normal 0.00603079 -0.121822 0.992534
    outer loop
      vertex 80.7101 107.417 30.8818
      vertex 80.7101 107.826 30.932
      vertex 80.7 107.621 30.9069
    endloop
  endfacet
  facet normal 0.802605 0.592104 0.0723776
    outer loop
      vertex 81.0539 106.281 32.2536
      vertex 81.1767 106.299 30.7446
      vertex 81.0539 106.463 30.7647
    endloop
  endfacet
  facet normal 0.804331 0.589743 0.0724899
    outer loop
      vertex 81.1767 106.299 30.7446
      vertex 81.0539 106.281 32.2536
      vertex 81.1767 106.116 32.2334
    endloop
  endfacet
  facet normal 0.998806 -0.0484799 -0.00595904
    outer loop
      vertex 80.7101 107.643 32.4208
      vertex 80.7 107.621 30.9069
      vertex 80.7101 107.826 30.932
    endloop
  endfacet
  facet normal 0.998795 -0.0487203 -0.00595547
    outer loop
      vertex 80.7 107.621 30.9069
      vertex 80.7101 107.643 32.4208
      vertex 80.7 107.439 32.3958
    endloop
  endfacet
  facet normal -0.739723 0.667885 0.082095
    outer loop
      vertex 84.2849 106.148 30.726
      vertex 84.4233 106.116 32.2334
      vertex 84.4233 106.299 30.7446
    endloop
  endfacet
  facet normal -0.739723 0.667885 0.082095
    outer loop
      vertex 84.4233 106.116 32.2334
      vertex 84.2849 106.148 30.726
      vertex 84.2849 105.965 32.2148
    endloop
  endfacet
endsolid OpenSCAD_Model
