solid OpenSCAD_Model
  facet normal -0.980779 -0.195122 0
    outer loop
      vertex 53.282 2.8741 0
      vertex 53.2284 3.14352 1
      vertex 53.2284 3.14352 0
    endloop
  endfacet
  facet normal -0.980779 -0.195122 0
    outer loop
      vertex 53.2284 3.14352 1
      vertex 53.282 2.8741 0
      vertex 53.282 2.8741 1
    endloop
  endfacet
  facet normal -0.997851 -0.0655283 0
    outer loop
      vertex 53.3 2.6 0
      vertex 53.282 2.8741 1
      vertex 53.282 2.8741 0
    endloop
  endfacet
  facet normal -0.997851 -0.0655283 0
    outer loop
      vertex 53.282 2.8741 1
      vertex 53.3 2.6 0
      vertex 53.3 2.6 1
    endloop
  endfacet
  facet normal -0.555568 0.831471 0
    outer loop
      vertex 52.4784 0.933957 0
      vertex 52.25 0.781346 1
      vertex 52.4784 0.933957 1
    endloop
  endfacet
  facet normal -0.555568 0.831471 0
    outer loop
      vertex 52.25 0.781346 1
      vertex 52.4784 0.933957 0
      vertex 52.25 0.781346 0
    endloop
  endfacet
  facet normal 0.195101 -0.980783 0
    outer loop
      vertex 50.6565 4.62844 0
      vertex 50.9259 4.68203 1
      vertex 50.6565 4.62844 1
    endloop
  endfacet
  facet normal 0.195101 -0.980783 0
    outer loop
      vertex 50.9259 4.68203 1
      vertex 50.6565 4.62844 0
      vertex 50.9259 4.68203 0
    endloop
  endfacet
  facet normal -0.751864 -0.659319 0
    outer loop
      vertex 52.866 3.8784 0
      vertex 52.6849 4.08492 1
      vertex 52.6849 4.08492 0
    endloop
  endfacet
  facet normal -0.751864 -0.659319 0
    outer loop
      vertex 52.6849 4.08492 1
      vertex 52.866 3.8784 0
      vertex 52.866 3.8784 1
    endloop
  endfacet
  facet normal -0.195101 0.980783 0
    outer loop
      vertex 51.7435 0.571555 0
      vertex 51.4741 0.517965 1
      vertex 51.7435 0.571555 1
    endloop
  endfacet
  facet normal -0.195101 0.980783 0
    outer loop
      vertex 51.4741 0.517965 1
      vertex 51.7435 0.571555 0
      vertex 51.4741 0.517965 0
    endloop
  endfacet
  facet normal -0.831322 -0.555792 0
    outer loop
      vertex 53.0187 3.65 0
      vertex 52.866 3.8784 1
      vertex 52.866 3.8784 0
    endloop
  endfacet
  facet normal -0.831322 -0.555792 0
    outer loop
      vertex 52.866 3.8784 1
      vertex 53.0187 3.65 0
      vertex 53.0187 3.65 1
    endloop
  endfacet
  facet normal 0.997851 0.0655259 0
    outer loop
      vertex 49.118 2.32589 1
      vertex 49.1 2.6 0
      vertex 49.1 2.6 1
    endloop
  endfacet
  facet normal 0.997851 0.0655259 0
    outer loop
      vertex 49.1 2.6 0
      vertex 49.118 2.32589 1
      vertex 49.118 2.32589 0
    endloop
  endfacet
  facet normal 0.321459 0.946924 -0
    outer loop
      vertex 50.6565 0.571555 0
      vertex 50.3964 0.659853 1
      vertex 50.6565 0.571555 1
    endloop
  endfacet
  facet normal 0.321459 0.946924 0
    outer loop
      vertex 50.3964 0.659853 1
      vertex 50.6565 0.571555 0
      vertex 50.3964 0.659853 0
    endloop
  endfacet
  facet normal -0.997851 0.0655259 0
    outer loop
      vertex 53.282 2.32589 0
      vertex 53.3 2.6 1
      vertex 53.3 2.6 0
    endloop
  endfacet
  facet normal -0.997851 0.0655259 0
    outer loop
      vertex 53.3 2.6 1
      vertex 53.282 2.32589 0
      vertex 53.282 2.32589 1
    endloop
  endfacet
  facet normal -0.0654196 -0.997858 0
    outer loop
      vertex 51.2 4.7 0
      vertex 51.4741 4.68203 1
      vertex 51.2 4.7 1
    endloop
  endfacet
  facet normal -0.0654196 -0.997858 -0
    outer loop
      vertex 51.4741 4.68203 1
      vertex 51.2 4.7 0
      vertex 51.4741 4.68203 0
    endloop
  endfacet
  facet normal 0.831322 0.555792 0
    outer loop
      vertex 49.534 1.3216 1
      vertex 49.3813 1.55 0
      vertex 49.3813 1.55 1
    endloop
  endfacet
  facet normal 0.831322 0.555792 0
    outer loop
      vertex 49.3813 1.55 0
      vertex 49.534 1.3216 1
      vertex 49.534 1.3216 0
    endloop
  endfacet
  facet normal -0.751864 0.659319 0
    outer loop
      vertex 52.6849 1.11508 0
      vertex 52.866 1.3216 1
      vertex 52.866 1.3216 0
    endloop
  endfacet
  facet normal -0.751864 0.659319 0
    outer loop
      vertex 52.866 1.3216 1
      vertex 52.6849 1.11508 0
      vertex 52.6849 1.11508 1
    endloop
  endfacet
  facet normal 0.997851 -0.0655283 0
    outer loop
      vertex 49.1 2.6 1
      vertex 49.118 2.8741 0
      vertex 49.118 2.8741 1
    endloop
  endfacet
  facet normal 0.997851 -0.0655283 0
    outer loop
      vertex 49.118 2.8741 0
      vertex 49.1 2.6 1
      vertex 49.1 2.6 0
    endloop
  endfacet
  facet normal -0.321433 -0.946932 0
    outer loop
      vertex 51.7435 4.62844 0
      vertex 52.0036 4.54015 1
      vertex 51.7435 4.62844 1
    endloop
  endfacet
  facet normal -0.321433 -0.946932 -0
    outer loop
      vertex 52.0036 4.54015 1
      vertex 51.7435 4.62844 0
      vertex 52.0036 4.54015 0
    endloop
  endfacet
  facet normal 0.659396 -0.751796 0
    outer loop
      vertex 49.7151 4.08492 0
      vertex 49.9216 4.26604 1
      vertex 49.7151 4.08492 1
    endloop
  endfacet
  facet normal 0.659396 -0.751796 0
    outer loop
      vertex 49.9216 4.26604 1
      vertex 49.7151 4.08492 0
      vertex 49.9216 4.26604 0
    endloop
  endfacet
  facet normal 0.555568 0.831471 -0
    outer loop
      vertex 50.15 0.781346 0
      vertex 49.9216 0.933957 1
      vertex 50.15 0.781346 1
    endloop
  endfacet
  facet normal 0.555568 0.831471 0
    outer loop
      vertex 49.9216 0.933957 1
      vertex 50.15 0.781346 0
      vertex 49.9216 0.933957 0
    endloop
  endfacet
  facet normal 0.980779 -0.195122 0
    outer loop
      vertex 49.118 2.8741 1
      vertex 49.1716 3.14352 0
      vertex 49.1716 3.14352 1
    endloop
  endfacet
  facet normal 0.980779 -0.195122 0
    outer loop
      vertex 49.1716 3.14352 0
      vertex 49.118 2.8741 1
      vertex 49.118 2.8741 0
    endloop
  endfacet
  facet normal 0 0 -1
    outer loop
      vertex 53.282 2.32589 1
      vertex 53.282 2.8741 1
      vertex 53.3 2.6 1
    endloop
  endfacet
  facet normal 0 0 -1
    outer loop
      vertex 53.2284 2.05648 1
      vertex 53.282 2.8741 1
      vertex 53.282 2.32589 1
    endloop
  endfacet
  facet normal 0 0 -1
    outer loop
      vertex 53.2284 2.05648 1
      vertex 53.2284 3.14352 1
      vertex 53.282 2.8741 1
    endloop
  endfacet
  facet normal 0 0 -1
    outer loop
      vertex 53.1401 1.79636 1
      vertex 53.2284 3.14352 1
      vertex 53.2284 2.05648 1
    endloop
  endfacet
  facet normal 0 0 -1
    outer loop
      vertex 53.1401 1.79636 1
      vertex 53.1401 3.40364 1
      vertex 53.2284 3.14352 1
    endloop
  endfacet
  facet normal 0 0 -1
    outer loop
      vertex 53.0187 1.55 1
      vertex 53.1401 3.40364 1
      vertex 53.1401 1.79636 1
    endloop
  endfacet
  facet normal 0 0 -1
    outer loop
      vertex 53.0187 1.55 1
      vertex 53.0187 3.65 1
      vertex 53.1401 3.40364 1
    endloop
  endfacet
  facet normal 0 0 -1
    outer loop
      vertex 52.866 1.3216 1
      vertex 53.0187 3.65 1
      vertex 53.0187 1.55 1
    endloop
  endfacet
  facet normal 0 0 -1
    outer loop
      vertex 52.866 1.3216 1
      vertex 52.866 3.8784 1
      vertex 53.0187 3.65 1
    endloop
  endfacet
  facet normal 0 0 -1
    outer loop
      vertex 52.6849 1.11508 1
      vertex 52.866 3.8784 1
      vertex 52.866 1.3216 1
    endloop
  endfacet
  facet normal 0 0 -1
    outer loop
      vertex 52.6849 1.11508 1
      vertex 52.6849 4.08492 1
      vertex 52.866 3.8784 1
    endloop
  endfacet
  facet normal 0 0 -1
    outer loop
      vertex 52.4784 0.933957 1
      vertex 52.6849 4.08492 1
      vertex 52.6849 1.11508 1
    endloop
  endfacet
  facet normal 0 0 -1
    outer loop
      vertex 52.4784 0.933957 1
      vertex 52.4784 4.26604 1
      vertex 52.6849 4.08492 1
    endloop
  endfacet
  facet normal 0 0 -1
    outer loop
      vertex 52.25 0.781346 1
      vertex 52.4784 4.26604 1
      vertex 52.4784 0.933957 1
    endloop
  endfacet
  facet normal 0 0 -1
    outer loop
      vertex 52.25 0.781346 1
      vertex 52.25 4.41865 1
      vertex 52.4784 4.26604 1
    endloop
  endfacet
  facet normal 0 0 -1
    outer loop
      vertex 52.0036 0.659853 1
      vertex 52.25 4.41865 1
      vertex 52.25 0.781346 1
    endloop
  endfacet
  facet normal 0 0 -1
    outer loop
      vertex 52.0036 0.659853 1
      vertex 52.0036 4.54015 1
      vertex 52.25 4.41865 1
    endloop
  endfacet
  facet normal 0 0 -1
    outer loop
      vertex 51.7435 0.571555 1
      vertex 52.0036 4.54015 1
      vertex 52.0036 0.659853 1
    endloop
  endfacet
  facet normal 0 0 -1
    outer loop
      vertex 51.7435 0.571555 1
      vertex 51.7435 4.62844 1
      vertex 52.0036 4.54015 1
    endloop
  endfacet
  facet normal 0 0 -1
    outer loop
      vertex 51.4741 0.517965 1
      vertex 51.7435 4.62844 1
      vertex 51.7435 0.571555 1
    endloop
  endfacet
  facet normal 0 0 -1
    outer loop
      vertex 51.4741 0.517965 1
      vertex 51.4741 4.68203 1
      vertex 51.7435 4.62844 1
    endloop
  endfacet
  facet normal 0 0 -1
    outer loop
      vertex 51.2 0.5 1
      vertex 51.4741 4.68203 1
      vertex 51.4741 0.517965 1
    endloop
  endfacet
  facet normal 0 0 -1
    outer loop
      vertex 51.2 0.5 1
      vertex 51.2 4.7 1
      vertex 51.4741 4.68203 1
    endloop
  endfacet
  facet normal 0 0 -1
    outer loop
      vertex 50.9259 0.517965 1
      vertex 51.2 4.7 1
      vertex 51.2 0.5 1
    endloop
  endfacet
  facet normal 0 0 -1
    outer loop
      vertex 50.9259 0.517965 1
      vertex 50.9259 4.68203 1
      vertex 51.2 4.7 1
    endloop
  endfacet
  facet normal 0 0 -1
    outer loop
      vertex 50.6565 0.571555 1
      vertex 50.9259 4.68203 1
      vertex 50.9259 0.517965 1
    endloop
  endfacet
  facet normal 0 0 -1
    outer loop
      vertex 50.6565 0.571555 1
      vertex 50.6565 4.62844 1
      vertex 50.9259 4.68203 1
    endloop
  endfacet
  facet normal 0 0 -1
    outer loop
      vertex 50.3964 0.659853 1
      vertex 50.6565 4.62844 1
      vertex 50.6565 0.571555 1
    endloop
  endfacet
  facet normal 0 0 -1
    outer loop
      vertex 50.3964 0.659853 1
      vertex 50.3964 4.54015 1
      vertex 50.6565 4.62844 1
    endloop
  endfacet
  facet normal 0 0 -1
    outer loop
      vertex 50.15 0.781346 1
      vertex 50.3964 4.54015 1
      vertex 50.3964 0.659853 1
    endloop
  endfacet
  facet normal 0 0 -1
    outer loop
      vertex 50.15 0.781346 1
      vertex 50.15 4.41865 1
      vertex 50.3964 4.54015 1
    endloop
  endfacet
  facet normal 0 0 -1
    outer loop
      vertex 49.9216 0.933957 1
      vertex 50.15 4.41865 1
      vertex 50.15 0.781346 1
    endloop
  endfacet
  facet normal 0 0 -1
    outer loop
      vertex 49.9216 0.933957 1
      vertex 49.9216 4.26604 1
      vertex 50.15 4.41865 1
    endloop
  endfacet
  facet normal 0 0 -1
    outer loop
      vertex 49.7151 1.11508 1
      vertex 49.9216 4.26604 1
      vertex 49.9216 0.933957 1
    endloop
  endfacet
  facet normal 0 0 -1
    outer loop
      vertex 49.7151 1.11508 1
      vertex 49.7151 4.08492 1
      vertex 49.9216 4.26604 1
    endloop
  endfacet
  facet normal 0 0 -1
    outer loop
      vertex 49.534 1.3216 1
      vertex 49.7151 4.08492 1
      vertex 49.7151 1.11508 1
    endloop
  endfacet
  facet normal 0 0 -1
    outer loop
      vertex 49.534 1.3216 1
      vertex 49.534 3.8784 1
      vertex 49.7151 4.08492 1
    endloop
  endfacet
  facet normal 0 0 -1
    outer loop
      vertex 49.3813 1.55 1
      vertex 49.534 3.8784 1
      vertex 49.534 1.3216 1
    endloop
  endfacet
  facet normal 0 0 -1
    outer loop
      vertex 49.3813 1.55 1
      vertex 49.3813 3.65 1
      vertex 49.534 3.8784 1
    endloop
  endfacet
  facet normal 0 0 -1
    outer loop
      vertex 49.2599 1.79636 1
      vertex 49.3813 3.65 1
      vertex 49.3813 1.55 1
    endloop
  endfacet
  facet normal 0 0 -1
    outer loop
      vertex 49.2599 1.79636 1
      vertex 49.2599 3.40364 1
      vertex 49.3813 3.65 1
    endloop
  endfacet
  facet normal 0 0 -1
    outer loop
      vertex 49.1716 2.05648 1
      vertex 49.2599 3.40364 1
      vertex 49.2599 1.79636 1
    endloop
  endfacet
  facet normal 0 0 -1
    outer loop
      vertex 49.1716 2.05648 1
      vertex 49.1716 3.14352 1
      vertex 49.2599 3.40364 1
    endloop
  endfacet
  facet normal 0 0 -1
    outer loop
      vertex 49.118 2.32589 1
      vertex 49.1716 3.14352 1
      vertex 49.1716 2.05648 1
    endloop
  endfacet
  facet normal 0 0 -1
    outer loop
      vertex 49.118 2.32589 1
      vertex 49.118 2.8741 1
      vertex 49.1716 3.14352 1
    endloop
  endfacet
  facet normal 0 -0 -1
    outer loop
      vertex 49.118 2.8741 1
      vertex 49.118 2.32589 1
      vertex 49.1 2.6 1
    endloop
  endfacet
  facet normal -0.442256 -0.896889 0
    outer loop
      vertex 52.0036 4.54015 0
      vertex 52.25 4.41865 1
      vertex 52.0036 4.54015 1
    endloop
  endfacet
  facet normal -0.442256 -0.896889 -0
    outer loop
      vertex 52.25 4.41865 1
      vertex 52.0036 4.54015 0
      vertex 52.25 4.41865 0
    endloop
  endfacet
  facet normal -0.980778 0.195129 0
    outer loop
      vertex 53.2284 2.05648 0
      vertex 53.282 2.32589 1
      vertex 53.282 2.32589 0
    endloop
  endfacet
  facet normal -0.980778 0.195129 0
    outer loop
      vertex 53.282 2.32589 1
      vertex 53.2284 2.05648 0
      vertex 53.2284 2.05648 1
    endloop
  endfacet
  facet normal -0.321459 0.946924 0
    outer loop
      vertex 52.0036 0.659853 0
      vertex 51.7435 0.571555 1
      vertex 52.0036 0.659853 1
    endloop
  endfacet
  facet normal -0.321459 0.946924 0
    outer loop
      vertex 51.7435 0.571555 1
      vertex 52.0036 0.659853 0
      vertex 51.7435 0.571555 0
    endloop
  endfacet
  facet normal 0.946929 0.321443 0
    outer loop
      vertex 49.2599 1.79636 1
      vertex 49.1716 2.05648 0
      vertex 49.1716 2.05648 1
    endloop
  endfacet
  facet normal 0.946929 0.321443 0
    outer loop
      vertex 49.1716 2.05648 0
      vertex 49.2599 1.79636 1
      vertex 49.2599 1.79636 0
    endloop
  endfacet
  facet normal -0.659402 0.75179 0
    outer loop
      vertex 52.6849 1.11508 0
      vertex 52.4784 0.933957 1
      vertex 52.6849 1.11508 1
    endloop
  endfacet
  facet normal -0.659402 0.75179 0
    outer loop
      vertex 52.4784 0.933957 1
      vertex 52.6849 1.11508 0
      vertex 52.4784 0.933957 0
    endloop
  endfacet
  facet normal 0.897005 -0.442021 0
    outer loop
      vertex 49.2599 3.40364 1
      vertex 49.3813 3.65 0
      vertex 49.3813 3.65 1
    endloop
  endfacet
  facet normal 0.897005 -0.442021 0
    outer loop
      vertex 49.3813 3.65 0
      vertex 49.2599 3.40364 1
      vertex 49.2599 3.40364 0
    endloop
  endfacet
  facet normal -0.659396 -0.751796 0
    outer loop
      vertex 52.4784 4.26604 0
      vertex 52.6849 4.08492 1
      vertex 52.4784 4.26604 1
    endloop
  endfacet
  facet normal -0.659396 -0.751796 -0
    outer loop
      vertex 52.6849 4.08492 1
      vertex 52.4784 4.26604 0
      vertex 52.6849 4.08492 0
    endloop
  endfacet
  facet normal 0.659402 0.75179 -0
    outer loop
      vertex 49.9216 0.933957 0
      vertex 49.7151 1.11508 1
      vertex 49.9216 0.933957 1
    endloop
  endfacet
  facet normal 0.659402 0.75179 0
    outer loop
      vertex 49.7151 1.11508 1
      vertex 49.9216 0.933957 0
      vertex 49.7151 1.11508 0
    endloop
  endfacet
  facet normal 0.946929 -0.321443 0
    outer loop
      vertex 49.1716 3.14352 1
      vertex 49.2599 3.40364 0
      vertex 49.2599 3.40364 1
    endloop
  endfacet
  facet normal 0.946929 -0.321443 0
    outer loop
      vertex 49.2599 3.40364 0
      vertex 49.1716 3.14352 1
      vertex 49.1716 3.14352 0
    endloop
  endfacet
  facet normal 0.321433 -0.946932 0
    outer loop
      vertex 50.3964 4.54015 0
      vertex 50.6565 4.62844 1
      vertex 50.3964 4.54015 1
    endloop
  endfacet
  facet normal 0.321433 -0.946932 0
    outer loop
      vertex 50.6565 4.62844 1
      vertex 50.3964 4.54015 0
      vertex 50.6565 4.62844 0
    endloop
  endfacet
  facet normal 0.195101 0.980783 -0
    outer loop
      vertex 50.9259 0.517965 0
      vertex 50.6565 0.571555 1
      vertex 50.9259 0.517965 1
    endloop
  endfacet
  facet normal 0.195101 0.980783 0
    outer loop
      vertex 50.6565 0.571555 1
      vertex 50.9259 0.517965 0
      vertex 50.6565 0.571555 0
    endloop
  endfacet
  facet normal 0.0654015 0.997859 -0
    outer loop
      vertex 51.2 0.5 0
      vertex 50.9259 0.517965 1
      vertex 51.2 0.5 1
    endloop
  endfacet
  facet normal 0.0654015 0.997859 0
    outer loop
      vertex 50.9259 0.517965 1
      vertex 51.2 0.5 0
      vertex 50.9259 0.517965 0
    endloop
  endfacet
  facet normal -0.555565 -0.831473 0
    outer loop
      vertex 52.25 4.41865 0
      vertex 52.4784 4.26604 1
      vertex 52.25 4.41865 1
    endloop
  endfacet
  facet normal -0.555565 -0.831473 -0
    outer loop
      vertex 52.4784 4.26604 1
      vertex 52.25 4.41865 0
      vertex 52.4784 4.26604 0
    endloop
  endfacet
  facet normal -0.831322 0.555792 0
    outer loop
      vertex 52.866 1.3216 0
      vertex 53.0187 1.55 1
      vertex 53.0187 1.55 0
    endloop
  endfacet
  facet normal -0.831322 0.555792 0
    outer loop
      vertex 53.0187 1.55 1
      vertex 52.866 1.3216 0
      vertex 52.866 1.3216 1
    endloop
  endfacet
  facet normal 0.897005 0.442021 0
    outer loop
      vertex 49.3813 1.55 1
      vertex 49.2599 1.79636 0
      vertex 49.2599 1.79636 1
    endloop
  endfacet
  facet normal 0.897005 0.442021 0
    outer loop
      vertex 49.2599 1.79636 0
      vertex 49.3813 1.55 1
      vertex 49.3813 1.55 0
    endloop
  endfacet
  facet normal -0.897005 -0.442021 0
    outer loop
      vertex 53.1401 3.40364 0
      vertex 53.0187 3.65 1
      vertex 53.0187 3.65 0
    endloop
  endfacet
  facet normal -0.897005 -0.442021 0
    outer loop
      vertex 53.0187 3.65 1
      vertex 53.1401 3.40364 0
      vertex 53.1401 3.40364 1
    endloop
  endfacet
  facet normal 0.751864 0.659319 0
    outer loop
      vertex 49.7151 1.11508 1
      vertex 49.534 1.3216 0
      vertex 49.534 1.3216 1
    endloop
  endfacet
  facet normal 0.751864 0.659319 0
    outer loop
      vertex 49.534 1.3216 0
      vertex 49.7151 1.11508 1
      vertex 49.7151 1.11508 0
    endloop
  endfacet
  facet normal -0.897005 0.442021 0
    outer loop
      vertex 53.0187 1.55 0
      vertex 53.1401 1.79636 1
      vertex 53.1401 1.79636 0
    endloop
  endfacet
  facet normal -0.897005 0.442021 0
    outer loop
      vertex 53.1401 1.79636 1
      vertex 53.0187 1.55 0
      vertex 53.0187 1.55 1
    endloop
  endfacet
  facet normal -0.442236 0.896899 0
    outer loop
      vertex 52.25 0.781346 0
      vertex 52.0036 0.659853 1
      vertex 52.25 0.781346 1
    endloop
  endfacet
  facet normal -0.442236 0.896899 0
    outer loop
      vertex 52.0036 0.659853 1
      vertex 52.25 0.781346 0
      vertex 52.0036 0.659853 0
    endloop
  endfacet
  facet normal 0.442256 -0.896889 0
    outer loop
      vertex 50.15 4.41865 0
      vertex 50.3964 4.54015 1
      vertex 50.15 4.41865 1
    endloop
  endfacet
  facet normal 0.442256 -0.896889 0
    outer loop
      vertex 50.3964 4.54015 1
      vertex 50.15 4.41865 0
      vertex 50.3964 4.54015 0
    endloop
  endfacet
  facet normal 0.831322 -0.555792 0
    outer loop
      vertex 49.3813 3.65 1
      vertex 49.534 3.8784 0
      vertex 49.534 3.8784 1
    endloop
  endfacet
  facet normal 0.831322 -0.555792 0
    outer loop
      vertex 49.534 3.8784 0
      vertex 49.3813 3.65 1
      vertex 49.3813 3.65 0
    endloop
  endfacet
  facet normal 0.442236 0.896899 -0
    outer loop
      vertex 50.3964 0.659853 0
      vertex 50.15 0.781346 1
      vertex 50.3964 0.659853 1
    endloop
  endfacet
  facet normal 0.442236 0.896899 0
    outer loop
      vertex 50.15 0.781346 1
      vertex 50.3964 0.659853 0
      vertex 50.15 0.781346 0
    endloop
  endfacet
  facet normal -0.0654015 0.997859 0
    outer loop
      vertex 51.4741 0.517965 0
      vertex 51.2 0.5 1
      vertex 51.4741 0.517965 1
    endloop
  endfacet
  facet normal -0.0654015 0.997859 0
    outer loop
      vertex 51.2 0.5 1
      vertex 51.4741 0.517965 0
      vertex 51.2 0.5 0
    endloop
  endfacet
  facet normal -0.946929 -0.321443 0
    outer loop
      vertex 53.2284 3.14352 0
      vertex 53.1401 3.40364 1
      vertex 53.1401 3.40364 0
    endloop
  endfacet
  facet normal -0.946929 -0.321443 0
    outer loop
      vertex 53.1401 3.40364 1
      vertex 53.2284 3.14352 0
      vertex 53.2284 3.14352 1
    endloop
  endfacet
  facet normal -0.195101 -0.980783 0
    outer loop
      vertex 51.4741 4.68203 0
      vertex 51.7435 4.62844 1
      vertex 51.4741 4.68203 1
    endloop
  endfacet
  facet normal -0.195101 -0.980783 -0
    outer loop
      vertex 51.7435 4.62844 1
      vertex 51.4741 4.68203 0
      vertex 51.7435 4.62844 0
    endloop
  endfacet
  facet normal 0.0654196 -0.997858 0
    outer loop
      vertex 50.9259 4.68203 0
      vertex 51.2 4.7 1
      vertex 50.9259 4.68203 1
    endloop
  endfacet
  facet normal 0.0654196 -0.997858 0
    outer loop
      vertex 51.2 4.7 1
      vertex 50.9259 4.68203 0
      vertex 51.2 4.7 0
    endloop
  endfacet
  facet normal -0.946929 0.321443 0
    outer loop
      vertex 53.1401 1.79636 0
      vertex 53.2284 2.05648 1
      vertex 53.2284 2.05648 0
    endloop
  endfacet
  facet normal -0.946929 0.321443 0
    outer loop
      vertex 53.2284 2.05648 1
      vertex 53.1401 1.79636 0
      vertex 53.1401 1.79636 1
    endloop
  endfacet
  facet normal 0.751864 -0.659319 0
    outer loop
      vertex 49.534 3.8784 1
      vertex 49.7151 4.08492 0
      vertex 49.7151 4.08492 1
    endloop
  endfacet
  facet normal 0.751864 -0.659319 0
    outer loop
      vertex 49.7151 4.08492 0
      vertex 49.534 3.8784 1
      vertex 49.534 3.8784 0
    endloop
  endfacet
  facet normal 0.555565 -0.831473 0
    outer loop
      vertex 49.9216 4.26604 0
      vertex 50.15 4.41865 1
      vertex 49.9216 4.26604 1
    endloop
  endfacet
  facet normal 0.555565 -0.831473 0
    outer loop
      vertex 50.15 4.41865 1
      vertex 49.9216 4.26604 0
      vertex 50.15 4.41865 0
    endloop
  endfacet
  facet normal 0.980778 0.195129 0
    outer loop
      vertex 49.1716 2.05648 1
      vertex 49.118 2.32589 0
      vertex 49.118 2.32589 1
    endloop
  endfacet
  facet normal 0.980778 0.195129 0
    outer loop
      vertex 49.118 2.32589 0
      vertex 49.1716 2.05648 1
      vertex 49.1716 2.05648 0
    endloop
  endfacet
  facet normal -0.980866 -0.194684 0
    outer loop
      vertex 4.68203 116.574 0
      vertex 4.62844 116.844 1
      vertex 4.62844 116.844 0
    endloop
  endfacet
  facet normal -0.980866 -0.194684 0
    outer loop
      vertex 4.62844 116.844 1
      vertex 4.68203 116.574 0
      vertex 4.68203 116.574 1
    endloop
  endfacet
  facet normal -0.997856 -0.0654433 0
    outer loop
      vertex 4.7 116.3 0
      vertex 4.68203 116.574 1
      vertex 4.68203 116.574 0
    endloop
  endfacet
  facet normal -0.997856 -0.0654433 0
    outer loop
      vertex 4.68203 116.574 1
      vertex 4.7 116.3 0
      vertex 4.7 116.3 1
    endloop
  endfacet
  facet normal -0.946895 -0.321544 0
    outer loop
      vertex 4.62844 116.844 0
      vertex 4.54015 117.104 1
      vertex 4.54015 117.104 0
    endloop
  endfacet
  facet normal -0.946895 -0.321544 0
    outer loop
      vertex 4.54015 117.104 1
      vertex 4.62844 116.844 0
      vertex 4.62844 116.844 1
    endloop
  endfacet
  facet normal -0.0655283 0.997851 0
    outer loop
      vertex 2.8741 114.218 0
      vertex 2.6 114.2 1
      vertex 2.8741 114.218 1
    endloop
  endfacet
  facet normal -0.0655283 0.997851 0
    outer loop
      vertex 2.6 114.2 1
      vertex 2.8741 114.218 0
      vertex 2.6 114.2 0
    endloop
  endfacet
  facet normal 0.556546 0.830817 -0
    outer loop
      vertex 1.55 114.481 0
      vertex 1.3216 114.634 1
      vertex 1.55 114.481 1
    endloop
  endfacet
  facet normal 0.556546 0.830817 0
    outer loop
      vertex 1.3216 114.634 1
      vertex 1.55 114.481 0
      vertex 1.3216 114.634 0
    endloop
  endfacet
  facet normal -0.896603 -0.442835 0
    outer loop
      vertex 4.54015 117.104 0
      vertex 4.41865 117.35 1
      vertex 4.41865 117.35 0
    endloop
  endfacet
  facet normal -0.896603 -0.442835 0
    outer loop
      vertex 4.41865 117.35 1
      vertex 4.54015 117.104 0
      vertex 4.54015 117.104 1
    endloop
  endfacet
  facet normal -0.831023 -0.556238 0
    outer loop
      vertex 4.41865 117.35 0
      vertex 4.26604 117.578 1
      vertex 4.26604 117.578 0
    endloop
  endfacet
  facet normal -0.831023 -0.556238 0
    outer loop
      vertex 4.26604 117.578 1
      vertex 4.41865 117.35 0
      vertex 4.41865 117.35 1
    endloop
  endfacet
  facet normal 0.997857 -0.0654252 0
    outer loop
      vertex 0.5 116.3 1
      vertex 0.517965 116.574 0
      vertex 0.517965 116.574 1
    endloop
  endfacet
  facet normal 0.997857 -0.0654252 0
    outer loop
      vertex 0.517965 116.574 0
      vertex 0.5 116.3 1
      vertex 0.5 116.3 0
    endloop
  endfacet
  facet normal 0.0655259 0.997851 -0
    outer loop
      vertex 2.6 114.2 0
      vertex 2.32589 114.218 1
      vertex 2.6 114.2 1
    endloop
  endfacet
  facet normal 0.0655259 0.997851 0
    outer loop
      vertex 2.32589 114.218 1
      vertex 2.6 114.2 0
      vertex 2.32589 114.218 0
    endloop
  endfacet
  facet normal 0.831021 -0.556241 0
    outer loop
      vertex 0.781346 117.35 1
      vertex 0.933957 117.578 0
      vertex 0.933957 117.578 1
    endloop
  endfacet
  facet normal 0.831021 -0.556241 0
    outer loop
      vertex 0.933957 117.578 0
      vertex 0.781346 117.35 1
      vertex 0.781346 117.35 0
    endloop
  endfacet
  facet normal 0.659113 -0.752044 0
    outer loop
      vertex 1.11508 117.785 0
      vertex 1.3216 117.966 1
      vertex 1.11508 117.785 1
    endloop
  endfacet
  facet normal 0.659113 -0.752044 0
    outer loop
      vertex 1.3216 117.966 1
      vertex 1.11508 117.785 0
      vertex 1.3216 117.966 0
    endloop
  endfacet
  facet normal 0.196529 -0.980498 0
    outer loop
      vertex 2.05648 118.328 0
      vertex 2.32589 118.382 1
      vertex 2.05648 118.328 1
    endloop
  endfacet
  facet normal 0.196529 -0.980498 0
    outer loop
      vertex 2.32589 118.382 1
      vertex 2.05648 118.328 0
      vertex 2.32589 118.382 0
    endloop
  endfacet
  facet normal -0.196522 0.980499 0
    outer loop
      vertex 3.14352 114.272 0
      vertex 2.8741 114.218 1
      vertex 3.14352 114.272 1
    endloop
  endfacet
  facet normal -0.196522 0.980499 0
    outer loop
      vertex 2.8741 114.218 1
      vertex 3.14352 114.272 0
      vertex 2.8741 114.218 0
    endloop
  endfacet
  facet normal -0.0655283 -0.997851 0
    outer loop
      vertex 2.6 118.4 0
      vertex 2.8741 118.382 1
      vertex 2.6 118.4 1
    endloop
  endfacet
  facet normal -0.0655283 -0.997851 -0
    outer loop
      vertex 2.8741 118.382 1
      vertex 2.6 118.4 0
      vertex 2.8741 118.382 0
    endloop
  endfacet
  facet normal -0.440848 -0.897582 0
    outer loop
      vertex 3.40364 118.24 0
      vertex 3.65 118.119 1
      vertex 3.40364 118.24 1
    endloop
  endfacet
  facet normal -0.440848 -0.897582 -0
    outer loop
      vertex 3.65 118.119 1
      vertex 3.40364 118.24 0
      vertex 3.65 118.119 0
    endloop
  endfacet
  facet normal -0.752586 -0.658494 0
    outer loop
      vertex 4.26604 117.578 0
      vertex 4.08492 117.785 1
      vertex 4.08492 117.785 0
    endloop
  endfacet
  facet normal -0.752586 -0.658494 0
    outer loop
      vertex 4.08492 117.785 1
      vertex 4.26604 117.578 0
      vertex 4.26604 117.578 1
    endloop
  endfacet
  facet normal -0.659113 0.752044 0
    outer loop
      vertex 4.08492 114.815 0
      vertex 3.8784 114.634 1
      vertex 4.08492 114.815 1
    endloop
  endfacet
  facet normal -0.659113 0.752044 0
    outer loop
      vertex 3.8784 114.634 1
      vertex 4.08492 114.815 0
      vertex 3.8784 114.634 0
    endloop
  endfacet
  facet normal 0.75258 0.6585 0
    outer loop
      vertex 1.11508 114.815 1
      vertex 0.933957 115.022 0
      vertex 0.933957 115.022 1
    endloop
  endfacet
  facet normal 0.75258 0.6585 0
    outer loop
      vertex 0.933957 115.022 0
      vertex 1.11508 114.815 1
      vertex 1.11508 114.815 0
    endloop
  endfacet
  facet normal -0.946895 0.321544 0
    outer loop
      vertex 4.54015 115.496 0
      vertex 4.62844 115.756 1
      vertex 4.62844 115.756 0
    endloop
  endfacet
  facet normal -0.946895 0.321544 0
    outer loop
      vertex 4.62844 115.756 1
      vertex 4.54015 115.496 0
      vertex 4.54015 115.496 1
    endloop
  endfacet
  facet normal 0.75258 -0.6585 0
    outer loop
      vertex 0.933957 117.578 1
      vertex 1.11508 117.785 0
      vertex 1.11508 117.785 1
    endloop
  endfacet
  facet normal 0.75258 -0.6585 0
    outer loop
      vertex 1.11508 117.785 0
      vertex 0.933957 117.578 1
      vertex 0.933957 117.578 0
    endloop
  endfacet
  facet normal 0.440848 -0.897582 0
    outer loop
      vertex 1.55 118.119 0
      vertex 1.79636 118.24 1
      vertex 1.55 118.119 1
    endloop
  endfacet
  facet normal 0.440848 -0.897582 0
    outer loop
      vertex 1.79636 118.24 1
      vertex 1.55 118.119 0
      vertex 1.79636 118.24 0
    endloop
  endfacet
  facet normal -0.997856 0.0654433 0
    outer loop
      vertex 4.68203 116.026 0
      vertex 4.7 116.3 1
      vertex 4.7 116.3 0
    endloop
  endfacet
  facet normal -0.997856 0.0654433 0
    outer loop
      vertex 4.7 116.3 1
      vertex 4.68203 116.026 0
      vertex 4.68203 116.026 1
    endloop
  endfacet
  facet normal 0.896613 -0.442814 0
    outer loop
      vertex 0.659853 117.104 1
      vertex 0.781346 117.35 0
      vertex 0.781346 117.35 1
    endloop
  endfacet
  facet normal 0.896613 -0.442814 0
    outer loop
      vertex 0.781346 117.35 0
      vertex 0.659853 117.104 1
      vertex 0.659853 117.104 0
    endloop
  endfacet
  facet normal -0.556546 -0.830817 0
    outer loop
      vertex 3.65 118.119 0
      vertex 3.8784 117.966 1
      vertex 3.65 118.119 1
    endloop
  endfacet
  facet normal -0.556546 -0.830817 -0
    outer loop
      vertex 3.8784 117.966 1
      vertex 3.65 118.119 0
      vertex 3.8784 117.966 0
    endloop
  endfacet
  facet normal -0.320463 -0.947261 0
    outer loop
      vertex 3.14352 118.328 0
      vertex 3.40364 118.24 1
      vertex 3.14352 118.328 1
    endloop
  endfacet
  facet normal -0.320463 -0.947261 -0
    outer loop
      vertex 3.40364 118.24 1
      vertex 3.14352 118.328 0
      vertex 3.40364 118.24 0
    endloop
  endfacet
  facet normal -0.659113 -0.752044 0
    outer loop
      vertex 3.8784 117.966 0
      vertex 4.08492 117.785 1
      vertex 3.8784 117.966 1
    endloop
  endfacet
  facet normal -0.659113 -0.752044 -0
    outer loop
      vertex 4.08492 117.785 1
      vertex 3.8784 117.966 0
      vertex 4.08492 117.785 0
    endloop
  endfacet
  facet normal -0.980866 0.194684 0
    outer loop
      vertex 4.62844 115.756 0
      vertex 4.68203 116.026 1
      vertex 4.68203 116.026 0
    endloop
  endfacet
  facet normal -0.980866 0.194684 0
    outer loop
      vertex 4.68203 116.026 1
      vertex 4.62844 115.756 0
      vertex 4.62844 115.756 1
    endloop
  endfacet
  facet normal -0.440848 0.897582 0
    outer loop
      vertex 3.65 114.481 0
      vertex 3.40364 114.36 1
      vertex 3.65 114.481 1
    endloop
  endfacet
  facet normal -0.440848 0.897582 0
    outer loop
      vertex 3.40364 114.36 1
      vertex 3.65 114.481 0
      vertex 3.40364 114.36 0
    endloop
  endfacet
  facet normal -0.556546 0.830817 0
    outer loop
      vertex 3.8784 114.634 0
      vertex 3.65 114.481 1
      vertex 3.8784 114.634 1
    endloop
  endfacet
  facet normal -0.556546 0.830817 0
    outer loop
      vertex 3.65 114.481 1
      vertex 3.8784 114.634 0
      vertex 3.65 114.481 0
    endloop
  endfacet
  facet normal 0.0655259 -0.997851 0
    outer loop
      vertex 2.32589 118.382 0
      vertex 2.6 118.4 1
      vertex 2.32589 118.382 1
    endloop
  endfacet
  facet normal 0.0655259 -0.997851 0
    outer loop
      vertex 2.6 118.4 1
      vertex 2.32589 118.382 0
      vertex 2.6 118.4 0
    endloop
  endfacet
  facet normal 0.946886 0.32157 0
    outer loop
      vertex 0.659853 115.496 1
      vertex 0.571555 115.756 0
      vertex 0.571555 115.756 1
    endloop
  endfacet
  facet normal 0.946886 0.32157 0
    outer loop
      vertex 0.571555 115.756 0
      vertex 0.659853 115.496 1
      vertex 0.659853 115.496 0
    endloop
  endfacet
  facet normal -0.752586 0.658494 0
    outer loop
      vertex 4.08492 114.815 0
      vertex 4.26604 115.022 1
      vertex 4.26604 115.022 0
    endloop
  endfacet
  facet normal -0.752586 0.658494 0
    outer loop
      vertex 4.26604 115.022 1
      vertex 4.08492 114.815 0
      vertex 4.08492 114.815 1
    endloop
  endfacet
  facet normal -0.896603 0.442835 0
    outer loop
      vertex 4.41865 115.25 0
      vertex 4.54015 115.496 1
      vertex 4.54015 115.496 0
    endloop
  endfacet
  facet normal -0.896603 0.442835 0
    outer loop
      vertex 4.54015 115.496 1
      vertex 4.41865 115.25 0
      vertex 4.41865 115.25 1
    endloop
  endfacet
  facet normal 0.980866 0.194684 0
    outer loop
      vertex 0.571555 115.756 1
      vertex 0.517965 116.026 0
      vertex 0.517965 116.026 1
    endloop
  endfacet
  facet normal 0.980866 0.194684 0
    outer loop
      vertex 0.517965 116.026 0
      vertex 0.571555 115.756 1
      vertex 0.571555 115.756 0
    endloop
  endfacet
  facet normal 0.659113 0.752044 -0
    outer loop
      vertex 1.3216 114.634 0
      vertex 1.11508 114.815 1
      vertex 1.3216 114.634 1
    endloop
  endfacet
  facet normal 0.659113 0.752044 0
    outer loop
      vertex 1.11508 114.815 1
      vertex 1.3216 114.634 0
      vertex 1.11508 114.815 0
    endloop
  endfacet
  facet normal -0.320463 0.947261 0
    outer loop
      vertex 3.40364 114.36 0
      vertex 3.14352 114.272 1
      vertex 3.40364 114.36 1
    endloop
  endfacet
  facet normal -0.320463 0.947261 0
    outer loop
      vertex 3.14352 114.272 1
      vertex 3.40364 114.36 0
      vertex 3.14352 114.272 0
    endloop
  endfacet
  facet normal 0.997857 0.0654252 0
    outer loop
      vertex 0.517965 116.026 1
      vertex 0.5 116.3 0
      vertex 0.5 116.3 1
    endloop
  endfacet
  facet normal 0.997857 0.0654252 0
    outer loop
      vertex 0.5 116.3 0
      vertex 0.517965 116.026 1
      vertex 0.517965 116.026 0
    endloop
  endfacet
  facet normal 0.556546 -0.830817 0
    outer loop
      vertex 1.3216 117.966 0
      vertex 1.55 118.119 1
      vertex 1.3216 117.966 1
    endloop
  endfacet
  facet normal 0.556546 -0.830817 0
    outer loop
      vertex 1.55 118.119 1
      vertex 1.3216 117.966 0
      vertex 1.55 118.119 0
    endloop
  endfacet
  facet normal 0.980866 -0.194684 0
    outer loop
      vertex 0.517965 116.574 1
      vertex 0.571555 116.844 0
      vertex 0.571555 116.844 1
    endloop
  endfacet
  facet normal 0.980866 -0.194684 0
    outer loop
      vertex 0.571555 116.844 0
      vertex 0.517965 116.574 1
      vertex 0.517965 116.574 0
    endloop
  endfacet
  facet normal 0.896613 0.442814 0
    outer loop
      vertex 0.781346 115.25 1
      vertex 0.659853 115.496 0
      vertex 0.659853 115.496 1
    endloop
  endfacet
  facet normal 0.896613 0.442814 0
    outer loop
      vertex 0.659853 115.496 0
      vertex 0.781346 115.25 1
      vertex 0.781346 115.25 0
    endloop
  endfacet
  facet normal 0.196529 0.980498 -0
    outer loop
      vertex 2.32589 114.218 0
      vertex 2.05648 114.272 1
      vertex 2.32589 114.218 1
    endloop
  endfacet
  facet normal 0.196529 0.980498 0
    outer loop
      vertex 2.05648 114.272 1
      vertex 2.32589 114.218 0
      vertex 2.05648 114.272 0
    endloop
  endfacet
  facet normal -0.831023 0.556238 0
    outer loop
      vertex 4.26604 115.022 0
      vertex 4.41865 115.25 1
      vertex 4.41865 115.25 0
    endloop
  endfacet
  facet normal -0.831023 0.556238 0
    outer loop
      vertex 4.41865 115.25 1
      vertex 4.26604 115.022 0
      vertex 4.26604 115.022 1
    endloop
  endfacet
  facet normal 0.320463 -0.947261 0
    outer loop
      vertex 1.79636 118.24 0
      vertex 2.05648 118.328 1
      vertex 1.79636 118.24 1
    endloop
  endfacet
  facet normal 0.320463 -0.947261 0
    outer loop
      vertex 2.05648 118.328 1
      vertex 1.79636 118.24 0
      vertex 2.05648 118.328 0
    endloop
  endfacet
  facet normal 0 0 -1
    outer loop
      vertex 4.68203 116.026 1
      vertex 4.68203 116.574 1
      vertex 4.7 116.3 1
    endloop
  endfacet
  facet normal 0 0 -1
    outer loop
      vertex 4.62844 115.756 1
      vertex 4.68203 116.574 1
      vertex 4.68203 116.026 1
    endloop
  endfacet
  facet normal 0 0 -1
    outer loop
      vertex 4.62844 115.756 1
      vertex 4.62844 116.844 1
      vertex 4.68203 116.574 1
    endloop
  endfacet
  facet normal 0 0 -1
    outer loop
      vertex 4.54015 115.496 1
      vertex 4.62844 116.844 1
      vertex 4.62844 115.756 1
    endloop
  endfacet
  facet normal 0 0 -1
    outer loop
      vertex 4.54015 115.496 1
      vertex 4.54015 117.104 1
      vertex 4.62844 116.844 1
    endloop
  endfacet
  facet normal 0 0 -1
    outer loop
      vertex 4.41865 115.25 1
      vertex 4.54015 117.104 1
      vertex 4.54015 115.496 1
    endloop
  endfacet
  facet normal 0 0 -1
    outer loop
      vertex 4.41865 115.25 1
      vertex 4.41865 117.35 1
      vertex 4.54015 117.104 1
    endloop
  endfacet
  facet normal 0 0 -1
    outer loop
      vertex 4.26604 115.022 1
      vertex 4.41865 117.35 1
      vertex 4.41865 115.25 1
    endloop
  endfacet
  facet normal 0 0 -1
    outer loop
      vertex 4.26604 115.022 1
      vertex 4.26604 117.578 1
      vertex 4.41865 117.35 1
    endloop
  endfacet
  facet normal 0 0 -1
    outer loop
      vertex 4.08492 114.815 1
      vertex 4.26604 117.578 1
      vertex 4.26604 115.022 1
    endloop
  endfacet
  facet normal 0 0 -1
    outer loop
      vertex 4.08492 114.815 1
      vertex 4.08492 117.785 1
      vertex 4.26604 117.578 1
    endloop
  endfacet
  facet normal 0 0 -1
    outer loop
      vertex 3.8784 114.634 1
      vertex 4.08492 117.785 1
      vertex 4.08492 114.815 1
    endloop
  endfacet
  facet normal 0 0 -1
    outer loop
      vertex 3.8784 114.634 1
      vertex 3.8784 117.966 1
      vertex 4.08492 117.785 1
    endloop
  endfacet
  facet normal 0 0 -1
    outer loop
      vertex 3.65 114.481 1
      vertex 3.8784 117.966 1
      vertex 3.8784 114.634 1
    endloop
  endfacet
  facet normal 0 0 -1
    outer loop
      vertex 3.65 114.481 1
      vertex 3.65 118.119 1
      vertex 3.8784 117.966 1
    endloop
  endfacet
  facet normal 0 0 -1
    outer loop
      vertex 3.40364 114.36 1
      vertex 3.65 118.119 1
      vertex 3.65 114.481 1
    endloop
  endfacet
  facet normal 0 0 -1
    outer loop
      vertex 3.40364 114.36 1
      vertex 3.40364 118.24 1
      vertex 3.65 118.119 1
    endloop
  endfacet
  facet normal 0 0 -1
    outer loop
      vertex 3.14352 114.272 1
      vertex 3.40364 118.24 1
      vertex 3.40364 114.36 1
    endloop
  endfacet
  facet normal 0 0 -1
    outer loop
      vertex 3.14352 114.272 1
      vertex 3.14352 118.328 1
      vertex 3.40364 118.24 1
    endloop
  endfacet
  facet normal 0 0 -1
    outer loop
      vertex 2.8741 114.218 1
      vertex 3.14352 118.328 1
      vertex 3.14352 114.272 1
    endloop
  endfacet
  facet normal 0 0 -1
    outer loop
      vertex 2.8741 114.218 1
      vertex 2.8741 118.382 1
      vertex 3.14352 118.328 1
    endloop
  endfacet
  facet normal 0 0 -1
    outer loop
      vertex 2.6 114.2 1
      vertex 2.8741 118.382 1
      vertex 2.8741 114.218 1
    endloop
  endfacet
  facet normal 0 0 -1
    outer loop
      vertex 2.6 114.2 1
      vertex 2.6 118.4 1
      vertex 2.8741 118.382 1
    endloop
  endfacet
  facet normal 0 0 -1
    outer loop
      vertex 2.32589 114.218 1
      vertex 2.6 118.4 1
      vertex 2.6 114.2 1
    endloop
  endfacet
  facet normal 0 0 -1
    outer loop
      vertex 2.32589 114.218 1
      vertex 2.32589 118.382 1
      vertex 2.6 118.4 1
    endloop
  endfacet
  facet normal 0 0 -1
    outer loop
      vertex 2.05648 114.272 1
      vertex 2.32589 118.382 1
      vertex 2.32589 114.218 1
    endloop
  endfacet
  facet normal 0 0 -1
    outer loop
      vertex 2.05648 114.272 1
      vertex 2.05648 118.328 1
      vertex 2.32589 118.382 1
    endloop
  endfacet
  facet normal 0 0 -1
    outer loop
      vertex 1.79636 114.36 1
      vertex 2.05648 118.328 1
      vertex 2.05648 114.272 1
    endloop
  endfacet
  facet normal 0 0 -1
    outer loop
      vertex 1.79636 114.36 1
      vertex 1.79636 118.24 1
      vertex 2.05648 118.328 1
    endloop
  endfacet
  facet normal 0 0 -1
    outer loop
      vertex 1.55 114.481 1
      vertex 1.79636 118.24 1
      vertex 1.79636 114.36 1
    endloop
  endfacet
  facet normal 0 0 -1
    outer loop
      vertex 1.55 114.481 1
      vertex 1.55 118.119 1
      vertex 1.79636 118.24 1
    endloop
  endfacet
  facet normal 0 0 -1
    outer loop
      vertex 1.3216 114.634 1
      vertex 1.55 118.119 1
      vertex 1.55 114.481 1
    endloop
  endfacet
  facet normal 0 0 -1
    outer loop
      vertex 1.3216 114.634 1
      vertex 1.3216 117.966 1
      vertex 1.55 118.119 1
    endloop
  endfacet
  facet normal 0 0 -1
    outer loop
      vertex 1.11508 114.815 1
      vertex 1.3216 117.966 1
      vertex 1.3216 114.634 1
    endloop
  endfacet
  facet normal 0 0 -1
    outer loop
      vertex 1.11508 114.815 1
      vertex 1.11508 117.785 1
      vertex 1.3216 117.966 1
    endloop
  endfacet
  facet normal 0 0 -1
    outer loop
      vertex 0.933957 115.022 1
      vertex 1.11508 117.785 1
      vertex 1.11508 114.815 1
    endloop
  endfacet
  facet normal 0 0 -1
    outer loop
      vertex 0.933957 115.022 1
      vertex 0.933957 117.578 1
      vertex 1.11508 117.785 1
    endloop
  endfacet
  facet normal 0 0 -1
    outer loop
      vertex 0.781346 115.25 1
      vertex 0.933957 117.578 1
      vertex 0.933957 115.022 1
    endloop
  endfacet
  facet normal 0 0 -1
    outer loop
      vertex 0.781346 115.25 1
      vertex 0.781346 117.35 1
      vertex 0.933957 117.578 1
    endloop
  endfacet
  facet normal 0 0 -1
    outer loop
      vertex 0.659853 115.496 1
      vertex 0.781346 117.35 1
      vertex 0.781346 115.25 1
    endloop
  endfacet
  facet normal 0 0 -1
    outer loop
      vertex 0.659853 115.496 1
      vertex 0.659853 117.104 1
      vertex 0.781346 117.35 1
    endloop
  endfacet
  facet normal 0 0 -1
    outer loop
      vertex 0.571555 115.756 1
      vertex 0.659853 117.104 1
      vertex 0.659853 115.496 1
    endloop
  endfacet
  facet normal 0 0 -1
    outer loop
      vertex 0.571555 115.756 1
      vertex 0.571555 116.844 1
      vertex 0.659853 117.104 1
    endloop
  endfacet
  facet normal 0 0 -1
    outer loop
      vertex 0.517965 116.026 1
      vertex 0.571555 116.844 1
      vertex 0.571555 115.756 1
    endloop
  endfacet
  facet normal 0 0 -1
    outer loop
      vertex 0.517965 116.026 1
      vertex 0.517965 116.574 1
      vertex 0.571555 116.844 1
    endloop
  endfacet
  facet normal 0 -0 -1
    outer loop
      vertex 0.517965 116.574 1
      vertex 0.517965 116.026 1
      vertex 0.5 116.3 1
    endloop
  endfacet
  facet normal -0.196522 -0.980499 0
    outer loop
      vertex 2.8741 118.382 0
      vertex 3.14352 118.328 1
      vertex 2.8741 118.382 1
    endloop
  endfacet
  facet normal -0.196522 -0.980499 -0
    outer loop
      vertex 3.14352 118.328 1
      vertex 2.8741 118.382 0
      vertex 3.14352 118.328 0
    endloop
  endfacet
  facet normal 0.440848 0.897582 -0
    outer loop
      vertex 1.79636 114.36 0
      vertex 1.55 114.481 1
      vertex 1.79636 114.36 1
    endloop
  endfacet
  facet normal 0.440848 0.897582 0
    outer loop
      vertex 1.55 114.481 1
      vertex 1.79636 114.36 0
      vertex 1.55 114.481 0
    endloop
  endfacet
  facet normal 0.320463 0.947261 -0
    outer loop
      vertex 2.05648 114.272 0
      vertex 1.79636 114.36 1
      vertex 2.05648 114.272 1
    endloop
  endfacet
  facet normal 0.320463 0.947261 0
    outer loop
      vertex 1.79636 114.36 1
      vertex 2.05648 114.272 0
      vertex 1.79636 114.36 0
    endloop
  endfacet
  facet normal 0.831021 0.556241 0
    outer loop
      vertex 0.933957 115.022 1
      vertex 0.781346 115.25 0
      vertex 0.781346 115.25 1
    endloop
  endfacet
  facet normal 0.831021 0.556241 0
    outer loop
      vertex 0.781346 115.25 0
      vertex 0.933957 115.022 1
      vertex 0.933957 115.022 0
    endloop
  endfacet
  facet normal 0.946886 -0.32157 0
    outer loop
      vertex 0.571555 116.844 1
      vertex 0.659853 117.104 0
      vertex 0.659853 117.104 1
    endloop
  endfacet
  facet normal 0.946886 -0.32157 0
    outer loop
      vertex 0.659853 117.104 0
      vertex 0.571555 116.844 1
      vertex 0.571555 116.844 0
    endloop
  endfacet
  facet normal -0.196116 0.980581 0
    outer loop
      vertex 100.344 114.272 0
      vertex 100.074 114.218 1
      vertex 100.344 114.272 1
    endloop
  endfacet
  facet normal -0.196116 0.980581 0
    outer loop
      vertex 100.074 114.218 1
      vertex 100.344 114.272 0
      vertex 100.074 114.218 0
    endloop
  endfacet
  facet normal 0.830871 0.556465 0
    outer loop
      vertex 98.134 115.022 1
      vertex 97.9813 115.25 0
      vertex 97.9813 115.25 1
    endloop
  endfacet
  facet normal 0.830871 0.556465 0
    outer loop
      vertex 97.9813 115.25 0
      vertex 98.134 115.022 1
      vertex 98.134 115.022 0
    endloop
  endfacet
  facet normal -0.997849 -0.0655521 0
    outer loop
      vertex 101.9 116.3 0
      vertex 101.882 116.574 1
      vertex 101.882 116.574 0
    endloop
  endfacet
  facet normal -0.997849 -0.0655521 0
    outer loop
      vertex 101.882 116.574 1
      vertex 101.9 116.3 0
      vertex 101.9 116.3 1
    endloop
  endfacet
  facet normal -0.947216 -0.320596 0
    outer loop
      vertex 101.828 116.844 0
      vertex 101.74 117.104 1
      vertex 101.74 117.104 0
    endloop
  endfacet
  facet normal -0.947216 -0.320596 0
    outer loop
      vertex 101.74 117.104 1
      vertex 101.828 116.844 0
      vertex 101.828 116.844 1
    endloop
  endfacet
  facet normal -0.980581 0.196116 0
    outer loop
      vertex 101.828 115.756 0
      vertex 101.882 116.026 1
      vertex 101.882 116.026 0
    endloop
  endfacet
  facet normal -0.980581 0.196116 0
    outer loop
      vertex 101.882 116.026 1
      vertex 101.828 115.756 0
      vertex 101.828 115.756 1
    endloop
  endfacet
  facet normal -0.557219 0.830366 0
    outer loop
      vertex 101.078 114.634 0
      vertex 100.85 114.481 1
      vertex 101.078 114.634 1
    endloop
  endfacet
  facet normal -0.557219 0.830366 0
    outer loop
      vertex 100.85 114.481 1
      vertex 101.078 114.634 0
      vertex 100.85 114.481 0
    endloop
  endfacet
  facet normal -0.441368 -0.897326 0
    outer loop
      vertex 100.604 118.24 0
      vertex 100.85 118.119 1
      vertex 100.604 118.24 1
    endloop
  endfacet
  facet normal -0.441368 -0.897326 -0
    outer loop
      vertex 100.85 118.119 1
      vertex 100.604 118.24 0
      vertex 100.85 118.119 0
    endloop
  endfacet
  facet normal -0.980581 -0.196116 0
    outer loop
      vertex 101.882 116.574 0
      vertex 101.828 116.844 1
      vertex 101.828 116.844 0
    endloop
  endfacet
  facet normal -0.980581 -0.196116 0
    outer loop
      vertex 101.828 116.844 1
      vertex 101.882 116.574 0
      vertex 101.882 116.574 1
    endloop
  endfacet
  facet normal 0.752622 -0.658453 0
    outer loop
      vertex 98.134 117.578 1
      vertex 98.3151 117.785 0
      vertex 98.3151 117.785 1
    endloop
  endfacet
  facet normal 0.752622 -0.658453 0
    outer loop
      vertex 98.3151 117.785 0
      vertex 98.134 117.578 1
      vertex 98.134 117.578 0
    endloop
  endfacet
  facet normal -0.0655521 0.997849 0
    outer loop
      vertex 100.074 114.218 0
      vertex 99.8 114.2 1
      vertex 100.074 114.218 1
    endloop
  endfacet
  facet normal -0.0655521 0.997849 0
    outer loop
      vertex 99.8 114.2 1
      vertex 100.074 114.218 0
      vertex 99.8 114.2 0
    endloop
  endfacet
  facet normal 0.997849 0.0655521 0
    outer loop
      vertex 97.718 116.026 1
      vertex 97.7 116.3 0
      vertex 97.7 116.3 1
    endloop
  endfacet
  facet normal 0.997849 0.0655521 0
    outer loop
      vertex 97.7 116.3 0
      vertex 97.718 116.026 1
      vertex 97.718 116.026 0
    endloop
  endfacet
  facet normal 0.0655283 -0.997851 0
    outer loop
      vertex 99.5259 118.382 0
      vertex 99.8 118.4 1
      vertex 99.5259 118.382 1
    endloop
  endfacet
  facet normal 0.0655283 -0.997851 0
    outer loop
      vertex 99.8 118.4 1
      vertex 99.5259 118.382 0
      vertex 99.8 118.4 0
    endloop
  endfacet
  facet normal -0.897326 -0.441368 0
    outer loop
      vertex 101.74 117.104 0
      vertex 101.619 117.35 1
      vertex 101.619 117.35 0
    endloop
  endfacet
  facet normal -0.897326 -0.441368 0
    outer loop
      vertex 101.619 117.35 1
      vertex 101.74 117.104 0
      vertex 101.74 117.104 1
    endloop
  endfacet
  facet normal -0.897326 0.441368 0
    outer loop
      vertex 101.619 115.25 0
      vertex 101.74 115.496 1
      vertex 101.74 115.496 0
    endloop
  endfacet
  facet normal -0.897326 0.441368 0
    outer loop
      vertex 101.74 115.496 1
      vertex 101.619 115.25 0
      vertex 101.619 115.25 1
    endloop
  endfacet
  facet normal -0.830366 0.557219 0
    outer loop
      vertex 101.466 115.022 0
      vertex 101.619 115.25 1
      vertex 101.619 115.25 0
    endloop
  endfacet
  facet normal -0.830366 0.557219 0
    outer loop
      vertex 101.619 115.25 1
      vertex 101.466 115.022 0
      vertex 101.466 115.022 1
    endloop
  endfacet
  facet normal 0.440791 -0.89761 0
    outer loop
      vertex 98.75 118.119 0
      vertex 98.9964 118.24 1
      vertex 98.75 118.119 1
    endloop
  endfacet
  facet normal 0.440791 -0.89761 0
    outer loop
      vertex 98.9964 118.24 1
      vertex 98.75 118.119 0
      vertex 98.9964 118.24 0
    endloop
  endfacet
  facet normal 0.946884 -0.321576 0
    outer loop
      vertex 97.7716 116.844 1
      vertex 97.8599 117.104 0
      vertex 97.8599 117.104 1
    endloop
  endfacet
  facet normal 0.946884 -0.321576 0
    outer loop
      vertex 97.8599 117.104 0
      vertex 97.7716 116.844 1
      vertex 97.7716 116.844 0
    endloop
  endfacet
  facet normal -0.658247 -0.752802 0
    outer loop
      vertex 101.078 117.966 0
      vertex 101.285 117.785 1
      vertex 101.078 117.966 1
    endloop
  endfacet
  facet normal -0.658247 -0.752802 -0
    outer loop
      vertex 101.285 117.785 1
      vertex 101.078 117.966 0
      vertex 101.285 117.785 0
    endloop
  endfacet
  facet normal -0.0655521 -0.997849 0
    outer loop
      vertex 99.8 118.4 0
      vertex 100.074 118.382 1
      vertex 99.8 118.4 1
    endloop
  endfacet
  facet normal -0.0655521 -0.997849 -0
    outer loop
      vertex 100.074 118.382 1
      vertex 99.8 118.4 0
      vertex 100.074 118.382 0
    endloop
  endfacet
  facet normal 0.196536 -0.980497 0
    outer loop
      vertex 99.2565 118.328 0
      vertex 99.5259 118.382 1
      vertex 99.2565 118.328 1
    endloop
  endfacet
  facet normal 0.196536 -0.980497 0
    outer loop
      vertex 99.5259 118.382 1
      vertex 99.2565 118.328 0
      vertex 99.5259 118.382 0
    endloop
  endfacet
  facet normal -0.320596 0.947216 0
    outer loop
      vertex 100.604 114.36 0
      vertex 100.344 114.272 1
      vertex 100.604 114.36 1
    endloop
  endfacet
  facet normal -0.320596 0.947216 0
    outer loop
      vertex 100.344 114.272 1
      vertex 100.604 114.36 0
      vertex 100.344 114.272 0
    endloop
  endfacet
  facet normal 0.980859 0.194719 0
    outer loop
      vertex 97.7716 115.756 1
      vertex 97.718 116.026 0
      vertex 97.718 116.026 1
    endloop
  endfacet
  facet normal 0.980859 0.194719 0
    outer loop
      vertex 97.718 116.026 0
      vertex 97.7716 115.756 1
      vertex 97.7716 115.756 0
    endloop
  endfacet
  facet normal -0.830366 -0.557219 0
    outer loop
      vertex 101.619 117.35 0
      vertex 101.466 117.578 1
      vertex 101.466 117.578 0
    endloop
  endfacet
  facet normal -0.830366 -0.557219 0
    outer loop
      vertex 101.466 117.578 1
      vertex 101.619 117.35 0
      vertex 101.619 117.35 1
    endloop
  endfacet
  facet normal 0.659149 0.752012 -0
    outer loop
      vertex 98.5216 114.634 0
      vertex 98.3151 114.815 1
      vertex 98.5216 114.634 1
    endloop
  endfacet
  facet normal 0.659149 0.752012 0
    outer loop
      vertex 98.3151 114.815 1
      vertex 98.5216 114.634 0
      vertex 98.3151 114.815 0
    endloop
  endfacet
  facet normal 0.896748 -0.442542 0
    outer loop
      vertex 97.8599 117.104 1
      vertex 97.9813 117.35 0
      vertex 97.9813 117.35 1
    endloop
  endfacet
  facet normal 0.896748 -0.442542 0
    outer loop
      vertex 97.9813 117.35 0
      vertex 97.8599 117.104 1
      vertex 97.8599 117.104 0
    endloop
  endfacet
  facet normal 0.980859 -0.194719 0
    outer loop
      vertex 97.718 116.574 1
      vertex 97.7716 116.844 0
      vertex 97.7716 116.844 1
    endloop
  endfacet
  facet normal 0.980859 -0.194719 0
    outer loop
      vertex 97.7716 116.844 0
      vertex 97.718 116.574 1
      vertex 97.718 116.574 0
    endloop
  endfacet
  facet normal 0.0655283 0.997851 -0
    outer loop
      vertex 99.8 114.2 0
      vertex 99.5259 114.218 1
      vertex 99.8 114.2 1
    endloop
  endfacet
  facet normal 0.0655283 0.997851 0
    outer loop
      vertex 99.5259 114.218 1
      vertex 99.8 114.2 0
      vertex 99.5259 114.218 0
    endloop
  endfacet
  facet normal -0.320596 -0.947216 0
    outer loop
      vertex 100.344 118.328 0
      vertex 100.604 118.24 1
      vertex 100.344 118.328 1
    endloop
  endfacet
  facet normal -0.320596 -0.947216 -0
    outer loop
      vertex 100.604 118.24 1
      vertex 100.344 118.328 0
      vertex 100.604 118.24 0
    endloop
  endfacet
  facet normal 0 0 -1
    outer loop
      vertex 101.882 116.026 1
      vertex 101.882 116.574 1
      vertex 101.9 116.3 1
    endloop
  endfacet
  facet normal 0 0 -1
    outer loop
      vertex 101.828 115.756 1
      vertex 101.882 116.574 1
      vertex 101.882 116.026 1
    endloop
  endfacet
  facet normal 0 0 -1
    outer loop
      vertex 101.828 115.756 1
      vertex 101.828 116.844 1
      vertex 101.882 116.574 1
    endloop
  endfacet
  facet normal 0 0 -1
    outer loop
      vertex 101.74 115.496 1
      vertex 101.828 116.844 1
      vertex 101.828 115.756 1
    endloop
  endfacet
  facet normal 0 0 -1
    outer loop
      vertex 101.74 115.496 1
      vertex 101.74 117.104 1
      vertex 101.828 116.844 1
    endloop
  endfacet
  facet normal 0 0 -1
    outer loop
      vertex 101.619 115.25 1
      vertex 101.74 117.104 1
      vertex 101.74 115.496 1
    endloop
  endfacet
  facet normal 0 0 -1
    outer loop
      vertex 101.619 115.25 1
      vertex 101.619 117.35 1
      vertex 101.74 117.104 1
    endloop
  endfacet
  facet normal 0 0 -1
    outer loop
      vertex 101.466 115.022 1
      vertex 101.619 117.35 1
      vertex 101.619 115.25 1
    endloop
  endfacet
  facet normal 0 0 -1
    outer loop
      vertex 101.466 115.022 1
      vertex 101.466 117.578 1
      vertex 101.619 117.35 1
    endloop
  endfacet
  facet normal 0 0 -1
    outer loop
      vertex 101.285 114.815 1
      vertex 101.466 117.578 1
      vertex 101.466 115.022 1
    endloop
  endfacet
  facet normal 0 0 -1
    outer loop
      vertex 101.285 114.815 1
      vertex 101.285 117.785 1
      vertex 101.466 117.578 1
    endloop
  endfacet
  facet normal 0 0 -1
    outer loop
      vertex 101.078 114.634 1
      vertex 101.285 117.785 1
      vertex 101.285 114.815 1
    endloop
  endfacet
  facet normal 0 0 -1
    outer loop
      vertex 101.078 114.634 1
      vertex 101.078 117.966 1
      vertex 101.285 117.785 1
    endloop
  endfacet
  facet normal 0 0 -1
    outer loop
      vertex 100.85 114.481 1
      vertex 101.078 117.966 1
      vertex 101.078 114.634 1
    endloop
  endfacet
  facet normal 0 0 -1
    outer loop
      vertex 100.85 114.481 1
      vertex 100.85 118.119 1
      vertex 101.078 117.966 1
    endloop
  endfacet
  facet normal 0 0 -1
    outer loop
      vertex 100.604 114.36 1
      vertex 100.85 118.119 1
      vertex 100.85 114.481 1
    endloop
  endfacet
  facet normal 0 0 -1
    outer loop
      vertex 100.604 114.36 1
      vertex 100.604 118.24 1
      vertex 100.85 118.119 1
    endloop
  endfacet
  facet normal 0 0 -1
    outer loop
      vertex 100.344 114.272 1
      vertex 100.604 118.24 1
      vertex 100.604 114.36 1
    endloop
  endfacet
  facet normal 0 0 -1
    outer loop
      vertex 100.344 114.272 1
      vertex 100.344 118.328 1
      vertex 100.604 118.24 1
    endloop
  endfacet
  facet normal 0 0 -1
    outer loop
      vertex 100.074 114.218 1
      vertex 100.344 118.328 1
      vertex 100.344 114.272 1
    endloop
  endfacet
  facet normal 0 0 -1
    outer loop
      vertex 100.074 114.218 1
      vertex 100.074 118.382 1
      vertex 100.344 118.328 1
    endloop
  endfacet
  facet normal 0 0 -1
    outer loop
      vertex 99.8 114.2 1
      vertex 100.074 118.382 1
      vertex 100.074 114.218 1
    endloop
  endfacet
  facet normal 0 0 -1
    outer loop
      vertex 99.8 114.2 1
      vertex 99.8 118.4 1
      vertex 100.074 118.382 1
    endloop
  endfacet
  facet normal 0 0 -1
    outer loop
      vertex 99.5259 114.218 1
      vertex 99.8 118.4 1
      vertex 99.8 114.2 1
    endloop
  endfacet
  facet normal 0 0 -1
    outer loop
      vertex 99.5259 114.218 1
      vertex 99.5259 118.382 1
      vertex 99.8 118.4 1
    endloop
  endfacet
  facet normal 0 0 -1
    outer loop
      vertex 99.2565 114.272 1
      vertex 99.5259 118.382 1
      vertex 99.5259 114.218 1
    endloop
  endfacet
  facet normal 0 0 -1
    outer loop
      vertex 99.2565 114.272 1
      vertex 99.2565 118.328 1
      vertex 99.5259 118.382 1
    endloop
  endfacet
  facet normal 0 0 -1
    outer loop
      vertex 98.9964 114.36 1
      vertex 99.2565 118.328 1
      vertex 99.2565 114.272 1
    endloop
  endfacet
  facet normal 0 0 -1
    outer loop
      vertex 98.9964 114.36 1
      vertex 98.9964 118.24 1
      vertex 99.2565 118.328 1
    endloop
  endfacet
  facet normal 0 0 -1
    outer loop
      vertex 98.75 114.481 1
      vertex 98.9964 118.24 1
      vertex 98.9964 114.36 1
    endloop
  endfacet
  facet normal 0 0 -1
    outer loop
      vertex 98.75 114.481 1
      vertex 98.75 118.119 1
      vertex 98.9964 118.24 1
    endloop
  endfacet
  facet normal 0 0 -1
    outer loop
      vertex 98.5216 114.634 1
      vertex 98.75 118.119 1
      vertex 98.75 114.481 1
    endloop
  endfacet
  facet normal 0 0 -1
    outer loop
      vertex 98.5216 114.634 1
      vertex 98.5216 117.966 1
      vertex 98.75 118.119 1
    endloop
  endfacet
  facet normal 0 0 -1
    outer loop
      vertex 98.3151 114.815 1
      vertex 98.5216 117.966 1
      vertex 98.5216 114.634 1
    endloop
  endfacet
  facet normal 0 0 -1
    outer loop
      vertex 98.3151 114.815 1
      vertex 98.3151 117.785 1
      vertex 98.5216 117.966 1
    endloop
  endfacet
  facet normal 0 0 -1
    outer loop
      vertex 98.134 115.022 1
      vertex 98.3151 117.785 1
      vertex 98.3151 114.815 1
    endloop
  endfacet
  facet normal 0 0 -1
    outer loop
      vertex 98.134 115.022 1
      vertex 98.134 117.578 1
      vertex 98.3151 117.785 1
    endloop
  endfacet
  facet normal 0 0 -1
    outer loop
      vertex 97.9813 115.25 1
      vertex 98.134 117.578 1
      vertex 98.134 115.022 1
    endloop
  endfacet
  facet normal 0 0 -1
    outer loop
      vertex 97.9813 115.25 1
      vertex 97.9813 117.35 1
      vertex 98.134 117.578 1
    endloop
  endfacet
  facet normal 0 0 -1
    outer loop
      vertex 97.8599 115.496 1
      vertex 97.9813 117.35 1
      vertex 97.9813 115.25 1
    endloop
  endfacet
  facet normal 0 0 -1
    outer loop
      vertex 97.8599 115.496 1
      vertex 97.8599 117.104 1
      vertex 97.9813 117.35 1
    endloop
  endfacet
  facet normal 0 0 -1
    outer loop
      vertex 97.7716 115.756 1
      vertex 97.8599 117.104 1
      vertex 97.8599 115.496 1
    endloop
  endfacet
  facet normal 0 0 -1
    outer loop
      vertex 97.7716 115.756 1
      vertex 97.7716 116.844 1
      vertex 97.8599 117.104 1
    endloop
  endfacet
  facet normal 0 0 -1
    outer loop
      vertex 97.718 116.026 1
      vertex 97.7716 116.844 1
      vertex 97.7716 115.756 1
    endloop
  endfacet
  facet normal 0 0 -1
    outer loop
      vertex 97.718 116.026 1
      vertex 97.718 116.574 1
      vertex 97.7716 116.844 1
    endloop
  endfacet
  facet normal 0 -0 -1
    outer loop
      vertex 97.718 116.574 1
      vertex 97.718 116.026 1
      vertex 97.7 116.3 1
    endloop
  endfacet
  facet normal 0.997849 -0.0655521 0
    outer loop
      vertex 97.7 116.3 1
      vertex 97.718 116.574 0
      vertex 97.718 116.574 1
    endloop
  endfacet
  facet normal 0.997849 -0.0655521 0
    outer loop
      vertex 97.718 116.574 0
      vertex 97.7 116.3 1
      vertex 97.7 116.3 0
    endloop
  endfacet
  facet normal -0.557219 -0.830366 0
    outer loop
      vertex 100.85 118.119 0
      vertex 101.078 117.966 1
      vertex 100.85 118.119 1
    endloop
  endfacet
  facet normal -0.557219 -0.830366 -0
    outer loop
      vertex 101.078 117.966 1
      vertex 100.85 118.119 0
      vertex 101.078 117.966 0
    endloop
  endfacet
  facet normal 0.752622 0.658453 0
    outer loop
      vertex 98.3151 114.815 1
      vertex 98.134 115.022 0
      vertex 98.134 115.022 1
    endloop
  endfacet
  facet normal 0.752622 0.658453 0
    outer loop
      vertex 98.134 115.022 0
      vertex 98.3151 114.815 1
      vertex 98.3151 114.815 0
    endloop
  endfacet
  facet normal -0.441368 0.897326 0
    outer loop
      vertex 100.85 114.481 0
      vertex 100.604 114.36 1
      vertex 100.85 114.481 1
    endloop
  endfacet
  facet normal -0.441368 0.897326 0
    outer loop
      vertex 100.604 114.36 1
      vertex 100.85 114.481 0
      vertex 100.604 114.36 0
    endloop
  endfacet
  facet normal 0.946884 0.321576 0
    outer loop
      vertex 97.8599 115.496 1
      vertex 97.7716 115.756 0
      vertex 97.7716 115.756 1
    endloop
  endfacet
  facet normal 0.946884 0.321576 0
    outer loop
      vertex 97.7716 115.756 0
      vertex 97.8599 115.496 1
      vertex 97.8599 115.496 0
    endloop
  endfacet
  facet normal 0.196536 0.980497 -0
    outer loop
      vertex 99.5259 114.218 0
      vertex 99.2565 114.272 1
      vertex 99.5259 114.218 1
    endloop
  endfacet
  facet normal 0.196536 0.980497 0
    outer loop
      vertex 99.2565 114.272 1
      vertex 99.5259 114.218 0
      vertex 99.2565 114.272 0
    endloop
  endfacet
  facet normal 0.320486 -0.947253 0
    outer loop
      vertex 98.9964 118.24 0
      vertex 99.2565 118.328 1
      vertex 98.9964 118.24 1
    endloop
  endfacet
  facet normal 0.320486 -0.947253 0
    outer loop
      vertex 99.2565 118.328 1
      vertex 98.9964 118.24 0
      vertex 99.2565 118.328 0
    endloop
  endfacet
  facet normal -0.752802 0.658247 0
    outer loop
      vertex 101.285 114.815 0
      vertex 101.466 115.022 1
      vertex 101.466 115.022 0
    endloop
  endfacet
  facet normal -0.752802 0.658247 0
    outer loop
      vertex 101.466 115.022 1
      vertex 101.285 114.815 0
      vertex 101.285 114.815 1
    endloop
  endfacet
  facet normal -0.997849 0.0655521 0
    outer loop
      vertex 101.882 116.026 0
      vertex 101.9 116.3 1
      vertex 101.9 116.3 0
    endloop
  endfacet
  facet normal -0.997849 0.0655521 0
    outer loop
      vertex 101.9 116.3 1
      vertex 101.882 116.026 0
      vertex 101.882 116.026 1
    endloop
  endfacet
  facet normal 0.556546 -0.830817 0
    outer loop
      vertex 98.5216 117.966 0
      vertex 98.75 118.119 1
      vertex 98.5216 117.966 1
    endloop
  endfacet
  facet normal 0.556546 -0.830817 0
    outer loop
      vertex 98.75 118.119 1
      vertex 98.5216 117.966 0
      vertex 98.75 118.119 0
    endloop
  endfacet
  facet normal -0.752802 -0.658247 0
    outer loop
      vertex 101.466 117.578 0
      vertex 101.285 117.785 1
      vertex 101.285 117.785 0
    endloop
  endfacet
  facet normal -0.752802 -0.658247 0
    outer loop
      vertex 101.285 117.785 1
      vertex 101.466 117.578 0
      vertex 101.466 117.578 1
    endloop
  endfacet
  facet normal 0.556546 0.830817 -0
    outer loop
      vertex 98.75 114.481 0
      vertex 98.5216 114.634 1
      vertex 98.75 114.481 1
    endloop
  endfacet
  facet normal 0.556546 0.830817 0
    outer loop
      vertex 98.5216 114.634 1
      vertex 98.75 114.481 0
      vertex 98.5216 114.634 0
    endloop
  endfacet
  facet normal 0.830871 -0.556465 0
    outer loop
      vertex 97.9813 117.35 1
      vertex 98.134 117.578 0
      vertex 98.134 117.578 1
    endloop
  endfacet
  facet normal 0.830871 -0.556465 0
    outer loop
      vertex 98.134 117.578 0
      vertex 97.9813 117.35 1
      vertex 97.9813 117.35 0
    endloop
  endfacet
  facet normal -0.196116 -0.980581 0
    outer loop
      vertex 100.074 118.382 0
      vertex 100.344 118.328 1
      vertex 100.074 118.382 1
    endloop
  endfacet
  facet normal -0.196116 -0.980581 -0
    outer loop
      vertex 100.344 118.328 1
      vertex 100.074 118.382 0
      vertex 100.344 118.328 0
    endloop
  endfacet
  facet normal 0.896748 0.442542 0
    outer loop
      vertex 97.9813 115.25 1
      vertex 97.8599 115.496 0
      vertex 97.8599 115.496 1
    endloop
  endfacet
  facet normal 0.896748 0.442542 0
    outer loop
      vertex 97.8599 115.496 0
      vertex 97.9813 115.25 1
      vertex 97.9813 115.25 0
    endloop
  endfacet
  facet normal -0.658247 0.752802 0
    outer loop
      vertex 101.285 114.815 0
      vertex 101.078 114.634 1
      vertex 101.285 114.815 1
    endloop
  endfacet
  facet normal -0.658247 0.752802 0
    outer loop
      vertex 101.078 114.634 1
      vertex 101.285 114.815 0
      vertex 101.078 114.634 0
    endloop
  endfacet
  facet normal -0.947216 0.320596 0
    outer loop
      vertex 101.74 115.496 0
      vertex 101.828 115.756 1
      vertex 101.828 115.756 0
    endloop
  endfacet
  facet normal -0.947216 0.320596 0
    outer loop
      vertex 101.828 115.756 1
      vertex 101.74 115.496 0
      vertex 101.74 115.496 1
    endloop
  endfacet
  facet normal 0.659149 -0.752012 0
    outer loop
      vertex 98.3151 117.785 0
      vertex 98.5216 117.966 1
      vertex 98.3151 117.785 1
    endloop
  endfacet
  facet normal 0.659149 -0.752012 0
    outer loop
      vertex 98.5216 117.966 1
      vertex 98.3151 117.785 0
      vertex 98.5216 117.966 0
    endloop
  endfacet
  facet normal 0.440791 0.89761 -0
    outer loop
      vertex 98.9964 114.36 0
      vertex 98.75 114.481 1
      vertex 98.9964 114.36 1
    endloop
  endfacet
  facet normal 0.440791 0.89761 0
    outer loop
      vertex 98.75 114.481 1
      vertex 98.9964 114.36 0
      vertex 98.75 114.481 0
    endloop
  endfacet
  facet normal 0.320486 0.947253 -0
    outer loop
      vertex 99.2565 114.272 0
      vertex 98.9964 114.36 1
      vertex 99.2565 114.272 1
    endloop
  endfacet
  facet normal 0.320486 0.947253 0
    outer loop
      vertex 98.9964 114.36 1
      vertex 99.2565 114.272 0
      vertex 98.9964 114.36 0
    endloop
  endfacet
  facet normal -1 0 0
    outer loop
      vertex 27.7 14.7 0
      vertex 27.7 28.7 1.5
      vertex 27.7 28.7 0
    endloop
  endfacet
  facet normal -1 -0 0
    outer loop
      vertex 27.7 28.7 1.5
      vertex 27.7 14.7 0
      vertex 27.7 14.7 1.5
    endloop
  endfacet
  facet normal 1 -0 0
    outer loop
      vertex 13.7 14.7 1.5
      vertex 13.7 28.7 0
      vertex 13.7 28.7 1.5
    endloop
  endfacet
  facet normal 1 0 0
    outer loop
      vertex 13.7 28.7 0
      vertex 13.7 14.7 1.5
      vertex 13.7 14.7 0
    endloop
  endfacet
  facet normal 0 -1 0
    outer loop
      vertex 13.7 28.7 0
      vertex 27.7 28.7 1.5
      vertex 13.7 28.7 1.5
    endloop
  endfacet
  facet normal 0 -1 -0
    outer loop
      vertex 27.7 28.7 1.5
      vertex 13.7 28.7 0
      vertex 27.7 28.7 0
    endloop
  endfacet
  facet normal 0 1 -0
    outer loop
      vertex 27.7 14.7 0
      vertex 13.7 14.7 1.5
      vertex 27.7 14.7 1.5
    endloop
  endfacet
  facet normal 0 1 0
    outer loop
      vertex 13.7 14.7 1.5
      vertex 27.7 14.7 0
      vertex 13.7 14.7 0
    endloop
  endfacet
  facet normal -1 0 0
    outer loop
      vertex 47.7 14.7 0
      vertex 47.7 28.7 1.5
      vertex 47.7 28.7 0
    endloop
  endfacet
  facet normal -1 -0 0
    outer loop
      vertex 47.7 28.7 1.5
      vertex 47.7 14.7 0
      vertex 47.7 14.7 1.5
    endloop
  endfacet
  facet normal 1 -0 0
    outer loop
      vertex 33.7 14.7 1.5
      vertex 33.7 28.7 0
      vertex 33.7 28.7 1.5
    endloop
  endfacet
  facet normal 1 0 0
    outer loop
      vertex 33.7 28.7 0
      vertex 33.7 14.7 1.5
      vertex 33.7 14.7 0
    endloop
  endfacet
  facet normal 0 -1 0
    outer loop
      vertex 33.7 28.7 0
      vertex 47.7 28.7 1.5
      vertex 33.7 28.7 1.5
    endloop
  endfacet
  facet normal 0 -1 -0
    outer loop
      vertex 47.7 28.7 1.5
      vertex 33.7 28.7 0
      vertex 47.7 28.7 0
    endloop
  endfacet
  facet normal 0 1 -0
    outer loop
      vertex 47.7 14.7 0
      vertex 33.7 14.7 1.5
      vertex 47.7 14.7 1.5
    endloop
  endfacet
  facet normal 0 1 0
    outer loop
      vertex 33.7 14.7 1.5
      vertex 47.7 14.7 0
      vertex 33.7 14.7 0
    endloop
  endfacet
  facet normal -1 0 0
    outer loop
      vertex 67.7 14.7 0
      vertex 67.7 28.7 1.5
      vertex 67.7 28.7 0
    endloop
  endfacet
  facet normal -1 -0 0
    outer loop
      vertex 67.7 28.7 1.5
      vertex 67.7 14.7 0
      vertex 67.7 14.7 1.5
    endloop
  endfacet
  facet normal 1 -0 0
    outer loop
      vertex 53.7 14.7 1.5
      vertex 53.7 28.7 0
      vertex 53.7 28.7 1.5
    endloop
  endfacet
  facet normal 1 0 0
    outer loop
      vertex 53.7 28.7 0
      vertex 53.7 14.7 1.5
      vertex 53.7 14.7 0
    endloop
  endfacet
  facet normal 0 -1 0
    outer loop
      vertex 53.7 28.7 0
      vertex 67.7 28.7 1.5
      vertex 53.7 28.7 1.5
    endloop
  endfacet
  facet normal 0 -1 -0
    outer loop
      vertex 67.7 28.7 1.5
      vertex 53.7 28.7 0
      vertex 67.7 28.7 0
    endloop
  endfacet
  facet normal 0 1 -0
    outer loop
      vertex 67.7 14.7 0
      vertex 53.7 14.7 1.5
      vertex 67.7 14.7 1.5
    endloop
  endfacet
  facet normal 0 1 0
    outer loop
      vertex 53.7 14.7 1.5
      vertex 67.7 14.7 0
      vertex 53.7 14.7 0
    endloop
  endfacet
  facet normal -1 0 0
    outer loop
      vertex 87.7 14.7 0
      vertex 87.7 28.7 1.5
      vertex 87.7 28.7 0
    endloop
  endfacet
  facet normal -1 -0 0
    outer loop
      vertex 87.7 28.7 1.5
      vertex 87.7 14.7 0
      vertex 87.7 14.7 1.5
    endloop
  endfacet
  facet normal 1 -0 0
    outer loop
      vertex 73.7 14.7 1.5
      vertex 73.7 28.7 0
      vertex 73.7 28.7 1.5
    endloop
  endfacet
  facet normal 1 0 0
    outer loop
      vertex 73.7 28.7 0
      vertex 73.7 14.7 1.5
      vertex 73.7 14.7 0
    endloop
  endfacet
  facet normal 0 -1 0
    outer loop
      vertex 73.7 28.7 0
      vertex 87.7 28.7 1.5
      vertex 73.7 28.7 1.5
    endloop
  endfacet
  facet normal 0 -1 -0
    outer loop
      vertex 87.7 28.7 1.5
      vertex 73.7 28.7 0
      vertex 87.7 28.7 0
    endloop
  endfacet
  facet normal 0 1 -0
    outer loop
      vertex 87.7 14.7 0
      vertex 73.7 14.7 1.5
      vertex 87.7 14.7 1.5
    endloop
  endfacet
  facet normal 0 1 0
    outer loop
      vertex 73.7 14.7 1.5
      vertex 87.7 14.7 0
      vertex 73.7 14.7 0
    endloop
  endfacet
  facet normal -1 0 0
    outer loop
      vertex 27.7 34.7 0
      vertex 27.7 48.7 1.5
      vertex 27.7 48.7 0
    endloop
  endfacet
  facet normal -1 -0 0
    outer loop
      vertex 27.7 48.7 1.5
      vertex 27.7 34.7 0
      vertex 27.7 34.7 1.5
    endloop
  endfacet
  facet normal 1 -0 0
    outer loop
      vertex 13.7 34.7 1.5
      vertex 13.7 48.7 0
      vertex 13.7 48.7 1.5
    endloop
  endfacet
  facet normal 1 0 0
    outer loop
      vertex 13.7 48.7 0
      vertex 13.7 34.7 1.5
      vertex 13.7 34.7 0
    endloop
  endfacet
  facet normal 0 -1 0
    outer loop
      vertex 13.7 48.7 0
      vertex 27.7 48.7 1.5
      vertex 13.7 48.7 1.5
    endloop
  endfacet
  facet normal 0 -1 -0
    outer loop
      vertex 27.7 48.7 1.5
      vertex 13.7 48.7 0
      vertex 27.7 48.7 0
    endloop
  endfacet
  facet normal 0 1 -0
    outer loop
      vertex 27.7 34.7 0
      vertex 13.7 34.7 1.5
      vertex 27.7 34.7 1.5
    endloop
  endfacet
  facet normal 0 1 0
    outer loop
      vertex 13.7 34.7 1.5
      vertex 27.7 34.7 0
      vertex 13.7 34.7 0
    endloop
  endfacet
  facet normal -1 0 0
    outer loop
      vertex 47.7 34.7 0
      vertex 47.7 48.7 1.5
      vertex 47.7 48.7 0
    endloop
  endfacet
  facet normal -1 -0 0
    outer loop
      vertex 47.7 48.7 1.5
      vertex 47.7 34.7 0
      vertex 47.7 34.7 1.5
    endloop
  endfacet
  facet normal 1 -0 0
    outer loop
      vertex 33.7 34.7 1.5
      vertex 33.7 48.7 0
      vertex 33.7 48.7 1.5
    endloop
  endfacet
  facet normal 1 0 0
    outer loop
      vertex 33.7 48.7 0
      vertex 33.7 34.7 1.5
      vertex 33.7 34.7 0
    endloop
  endfacet
  facet normal 0 -1 0
    outer loop
      vertex 33.7 48.7 0
      vertex 47.7 48.7 1.5
      vertex 33.7 48.7 1.5
    endloop
  endfacet
  facet normal 0 -1 -0
    outer loop
      vertex 47.7 48.7 1.5
      vertex 33.7 48.7 0
      vertex 47.7 48.7 0
    endloop
  endfacet
  facet normal 0 1 -0
    outer loop
      vertex 47.7 34.7 0
      vertex 33.7 34.7 1.5
      vertex 47.7 34.7 1.5
    endloop
  endfacet
  facet normal 0 1 0
    outer loop
      vertex 33.7 34.7 1.5
      vertex 47.7 34.7 0
      vertex 33.7 34.7 0
    endloop
  endfacet
  facet normal -1 0 0
    outer loop
      vertex 67.7 34.7 0
      vertex 67.7 48.7 1.5
      vertex 67.7 48.7 0
    endloop
  endfacet
  facet normal -1 -0 0
    outer loop
      vertex 67.7 48.7 1.5
      vertex 67.7 34.7 0
      vertex 67.7 34.7 1.5
    endloop
  endfacet
  facet normal 1 -0 0
    outer loop
      vertex 53.7 34.7 1.5
      vertex 53.7 48.7 0
      vertex 53.7 48.7 1.5
    endloop
  endfacet
  facet normal 1 0 0
    outer loop
      vertex 53.7 48.7 0
      vertex 53.7 34.7 1.5
      vertex 53.7 34.7 0
    endloop
  endfacet
  facet normal 0 -1 0
    outer loop
      vertex 53.7 48.7 0
      vertex 67.7 48.7 1.5
      vertex 53.7 48.7 1.5
    endloop
  endfacet
  facet normal 0 -1 -0
    outer loop
      vertex 67.7 48.7 1.5
      vertex 53.7 48.7 0
      vertex 67.7 48.7 0
    endloop
  endfacet
  facet normal 0 1 -0
    outer loop
      vertex 67.7 34.7 0
      vertex 53.7 34.7 1.5
      vertex 67.7 34.7 1.5
    endloop
  endfacet
  facet normal 0 1 0
    outer loop
      vertex 53.7 34.7 1.5
      vertex 67.7 34.7 0
      vertex 53.7 34.7 0
    endloop
  endfacet
  facet normal -1 0 0
    outer loop
      vertex 87.7 34.7 0
      vertex 87.7 48.7 1.5
      vertex 87.7 48.7 0
    endloop
  endfacet
  facet normal -1 -0 0
    outer loop
      vertex 87.7 48.7 1.5
      vertex 87.7 34.7 0
      vertex 87.7 34.7 1.5
    endloop
  endfacet
  facet normal 1 -0 0
    outer loop
      vertex 73.7 34.7 1.5
      vertex 73.7 48.7 0
      vertex 73.7 48.7 1.5
    endloop
  endfacet
  facet normal 1 0 0
    outer loop
      vertex 73.7 48.7 0
      vertex 73.7 34.7 1.5
      vertex 73.7 34.7 0
    endloop
  endfacet
  facet normal 0 -1 0
    outer loop
      vertex 73.7 48.7 0
      vertex 87.7 48.7 1.5
      vertex 73.7 48.7 1.5
    endloop
  endfacet
  facet normal 0 -1 -0
    outer loop
      vertex 87.7 48.7 1.5
      vertex 73.7 48.7 0
      vertex 87.7 48.7 0
    endloop
  endfacet
  facet normal 0 1 -0
    outer loop
      vertex 87.7 34.7 0
      vertex 73.7 34.7 1.5
      vertex 87.7 34.7 1.5
    endloop
  endfacet
  facet normal 0 1 0
    outer loop
      vertex 73.7 34.7 1.5
      vertex 87.7 34.7 0
      vertex 73.7 34.7 0
    endloop
  endfacet
  facet normal -1 0 0
    outer loop
      vertex 27.7 54.7 0
      vertex 27.7 68.7 1.5
      vertex 27.7 68.7 0
    endloop
  endfacet
  facet normal -1 -0 0
    outer loop
      vertex 27.7 68.7 1.5
      vertex 27.7 54.7 0
      vertex 27.7 54.7 1.5
    endloop
  endfacet
  facet normal 1 -0 0
    outer loop
      vertex 13.7 54.7 1.5
      vertex 13.7 68.7 0
      vertex 13.7 68.7 1.5
    endloop
  endfacet
  facet normal 1 0 0
    outer loop
      vertex 13.7 68.7 0
      vertex 13.7 54.7 1.5
      vertex 13.7 54.7 0
    endloop
  endfacet
  facet normal 0 -1 0
    outer loop
      vertex 13.7 68.7 0
      vertex 27.7 68.7 1.5
      vertex 13.7 68.7 1.5
    endloop
  endfacet
  facet normal 0 -1 -0
    outer loop
      vertex 27.7 68.7 1.5
      vertex 13.7 68.7 0
      vertex 27.7 68.7 0
    endloop
  endfacet
  facet normal 0 1 -0
    outer loop
      vertex 27.7 54.7 0
      vertex 13.7 54.7 1.5
      vertex 27.7 54.7 1.5
    endloop
  endfacet
  facet normal 0 1 0
    outer loop
      vertex 13.7 54.7 1.5
      vertex 27.7 54.7 0
      vertex 13.7 54.7 0
    endloop
  endfacet
  facet normal -1 0 0
    outer loop
      vertex 47.7 54.7 0
      vertex 47.7 68.7 1.5
      vertex 47.7 68.7 0
    endloop
  endfacet
  facet normal -1 -0 0
    outer loop
      vertex 47.7 68.7 1.5
      vertex 47.7 54.7 0
      vertex 47.7 54.7 1.5
    endloop
  endfacet
  facet normal 1 -0 0
    outer loop
      vertex 33.7 54.7 1.5
      vertex 33.7 68.7 0
      vertex 33.7 68.7 1.5
    endloop
  endfacet
  facet normal 1 0 0
    outer loop
      vertex 33.7 68.7 0
      vertex 33.7 54.7 1.5
      vertex 33.7 54.7 0
    endloop
  endfacet
  facet normal 0 -1 0
    outer loop
      vertex 33.7 68.7 0
      vertex 47.7 68.7 1.5
      vertex 33.7 68.7 1.5
    endloop
  endfacet
  facet normal 0 -1 -0
    outer loop
      vertex 47.7 68.7 1.5
      vertex 33.7 68.7 0
      vertex 47.7 68.7 0
    endloop
  endfacet
  facet normal 0 1 -0
    outer loop
      vertex 47.7 54.7 0
      vertex 33.7 54.7 1.5
      vertex 47.7 54.7 1.5
    endloop
  endfacet
  facet normal 0 1 0
    outer loop
      vertex 33.7 54.7 1.5
      vertex 47.7 54.7 0
      vertex 33.7 54.7 0
    endloop
  endfacet
  facet normal -1 0 0
    outer loop
      vertex 67.7 54.7 0
      vertex 67.7 68.7 1.5
      vertex 67.7 68.7 0
    endloop
  endfacet
  facet normal -1 -0 0
    outer loop
      vertex 67.7 68.7 1.5
      vertex 67.7 54.7 0
      vertex 67.7 54.7 1.5
    endloop
  endfacet
  facet normal 1 -0 0
    outer loop
      vertex 53.7 54.7 1.5
      vertex 53.7 68.7 0
      vertex 53.7 68.7 1.5
    endloop
  endfacet
  facet normal 1 0 0
    outer loop
      vertex 53.7 68.7 0
      vertex 53.7 54.7 1.5
      vertex 53.7 54.7 0
    endloop
  endfacet
  facet normal 0 -1 0
    outer loop
      vertex 53.7 68.7 0
      vertex 67.7 68.7 1.5
      vertex 53.7 68.7 1.5
    endloop
  endfacet
  facet normal 0 -1 -0
    outer loop
      vertex 67.7 68.7 1.5
      vertex 53.7 68.7 0
      vertex 67.7 68.7 0
    endloop
  endfacet
  facet normal 0 1 -0
    outer loop
      vertex 67.7 54.7 0
      vertex 53.7 54.7 1.5
      vertex 67.7 54.7 1.5
    endloop
  endfacet
  facet normal 0 1 0
    outer loop
      vertex 53.7 54.7 1.5
      vertex 67.7 54.7 0
      vertex 53.7 54.7 0
    endloop
  endfacet
  facet normal -1 0 0
    outer loop
      vertex 87.7 54.7 0
      vertex 87.7 68.7 1.5
      vertex 87.7 68.7 0
    endloop
  endfacet
  facet normal -1 -0 0
    outer loop
      vertex 87.7 68.7 1.5
      vertex 87.7 54.7 0
      vertex 87.7 54.7 1.5
    endloop
  endfacet
  facet normal 1 -0 0
    outer loop
      vertex 73.7 54.7 1.5
      vertex 73.7 68.7 0
      vertex 73.7 68.7 1.5
    endloop
  endfacet
  facet normal 1 0 0
    outer loop
      vertex 73.7 68.7 0
      vertex 73.7 54.7 1.5
      vertex 73.7 54.7 0
    endloop
  endfacet
  facet normal 0 -1 0
    outer loop
      vertex 73.7 68.7 0
      vertex 87.7 68.7 1.5
      vertex 73.7 68.7 1.5
    endloop
  endfacet
  facet normal 0 -1 -0
    outer loop
      vertex 87.7 68.7 1.5
      vertex 73.7 68.7 0
      vertex 87.7 68.7 0
    endloop
  endfacet
  facet normal 0 1 -0
    outer loop
      vertex 87.7 54.7 0
      vertex 73.7 54.7 1.5
      vertex 87.7 54.7 1.5
    endloop
  endfacet
  facet normal 0 1 0
    outer loop
      vertex 73.7 54.7 1.5
      vertex 87.7 54.7 0
      vertex 73.7 54.7 0
    endloop
  endfacet
  facet normal -1 0 0
    outer loop
      vertex 27.7 74.7 0
      vertex 27.7 88.7 1.5
      vertex 27.7 88.7 0
    endloop
  endfacet
  facet normal -1 -0 0
    outer loop
      vertex 27.7 88.7 1.5
      vertex 27.7 74.7 0
      vertex 27.7 74.7 1.5
    endloop
  endfacet
  facet normal 1 -0 0
    outer loop
      vertex 13.7 74.7 1.5
      vertex 13.7 88.7 0
      vertex 13.7 88.7 1.5
    endloop
  endfacet
  facet normal 1 0 0
    outer loop
      vertex 13.7 88.7 0
      vertex 13.7 74.7 1.5
      vertex 13.7 74.7 0
    endloop
  endfacet
  facet normal 0 -1 0
    outer loop
      vertex 13.7 88.7 0
      vertex 27.7 88.7 1.5
      vertex 13.7 88.7 1.5
    endloop
  endfacet
  facet normal 0 -1 -0
    outer loop
      vertex 27.7 88.7 1.5
      vertex 13.7 88.7 0
      vertex 27.7 88.7 0
    endloop
  endfacet
  facet normal 0 1 -0
    outer loop
      vertex 27.7 74.7 0
      vertex 13.7 74.7 1.5
      vertex 27.7 74.7 1.5
    endloop
  endfacet
  facet normal 0 1 0
    outer loop
      vertex 13.7 74.7 1.5
      vertex 27.7 74.7 0
      vertex 13.7 74.7 0
    endloop
  endfacet
  facet normal -1 0 0
    outer loop
      vertex 47.7 74.7 0
      vertex 47.7 88.7 1.5
      vertex 47.7 88.7 0
    endloop
  endfacet
  facet normal -1 -0 0
    outer loop
      vertex 47.7 88.7 1.5
      vertex 47.7 74.7 0
      vertex 47.7 74.7 1.5
    endloop
  endfacet
  facet normal 1 -0 0
    outer loop
      vertex 33.7 74.7 1.5
      vertex 33.7 88.7 0
      vertex 33.7 88.7 1.5
    endloop
  endfacet
  facet normal 1 0 0
    outer loop
      vertex 33.7 88.7 0
      vertex 33.7 74.7 1.5
      vertex 33.7 74.7 0
    endloop
  endfacet
  facet normal 0 -1 0
    outer loop
      vertex 33.7 88.7 0
      vertex 47.7 88.7 1.5
      vertex 33.7 88.7 1.5
    endloop
  endfacet
  facet normal 0 -1 -0
    outer loop
      vertex 47.7 88.7 1.5
      vertex 33.7 88.7 0
      vertex 47.7 88.7 0
    endloop
  endfacet
  facet normal 0 1 -0
    outer loop
      vertex 47.7 74.7 0
      vertex 33.7 74.7 1.5
      vertex 47.7 74.7 1.5
    endloop
  endfacet
  facet normal 0 1 0
    outer loop
      vertex 33.7 74.7 1.5
      vertex 47.7 74.7 0
      vertex 33.7 74.7 0
    endloop
  endfacet
  facet normal -1 0 0
    outer loop
      vertex 67.7 74.7 0
      vertex 67.7 88.7 1.5
      vertex 67.7 88.7 0
    endloop
  endfacet
  facet normal -1 -0 0
    outer loop
      vertex 67.7 88.7 1.5
      vertex 67.7 74.7 0
      vertex 67.7 74.7 1.5
    endloop
  endfacet
  facet normal 1 -0 0
    outer loop
      vertex 53.7 74.7 1.5
      vertex 53.7 88.7 0
      vertex 53.7 88.7 1.5
    endloop
  endfacet
  facet normal 1 0 0
    outer loop
      vertex 53.7 88.7 0
      vertex 53.7 74.7 1.5
      vertex 53.7 74.7 0
    endloop
  endfacet
  facet normal 0 -1 0
    outer loop
      vertex 53.7 88.7 0
      vertex 67.7 88.7 1.5
      vertex 53.7 88.7 1.5
    endloop
  endfacet
  facet normal 0 -1 -0
    outer loop
      vertex 67.7 88.7 1.5
      vertex 53.7 88.7 0
      vertex 67.7 88.7 0
    endloop
  endfacet
  facet normal 0 1 -0
    outer loop
      vertex 67.7 74.7 0
      vertex 53.7 74.7 1.5
      vertex 67.7 74.7 1.5
    endloop
  endfacet
  facet normal 0 1 0
    outer loop
      vertex 53.7 74.7 1.5
      vertex 67.7 74.7 0
      vertex 53.7 74.7 0
    endloop
  endfacet
  facet normal -1 0 0
    outer loop
      vertex 87.7 74.7 0
      vertex 87.7 88.7 1.5
      vertex 87.7 88.7 0
    endloop
  endfacet
  facet normal -1 -0 0
    outer loop
      vertex 87.7 88.7 1.5
      vertex 87.7 74.7 0
      vertex 87.7 74.7 1.5
    endloop
  endfacet
  facet normal 1 -0 0
    outer loop
      vertex 73.7 74.7 1.5
      vertex 73.7 88.7 0
      vertex 73.7 88.7 1.5
    endloop
  endfacet
  facet normal 1 0 0
    outer loop
      vertex 73.7 88.7 0
      vertex 73.7 74.7 1.5
      vertex 73.7 74.7 0
    endloop
  endfacet
  facet normal 0 -1 0
    outer loop
      vertex 73.7 88.7 0
      vertex 87.7 88.7 1.5
      vertex 73.7 88.7 1.5
    endloop
  endfacet
  facet normal 0 -1 -0
    outer loop
      vertex 87.7 88.7 1.5
      vertex 73.7 88.7 0
      vertex 87.7 88.7 0
    endloop
  endfacet
  facet normal 0 1 -0
    outer loop
      vertex 87.7 74.7 0
      vertex 73.7 74.7 1.5
      vertex 87.7 74.7 1.5
    endloop
  endfacet
  facet normal 0 1 0
    outer loop
      vertex 73.7 74.7 1.5
      vertex 87.7 74.7 0
      vertex 73.7 74.7 0
    endloop
  endfacet
  facet normal -0.321586 0.94688 0
    outer loop
      vertex 21.1937 97.6974 0
      vertex 20.7912 97.5607 1.5
      vertex 21.1937 97.6974 1.5
    endloop
  endfacet
  facet normal -0.321586 0.94688 0
    outer loop
      vertex 20.7912 97.5607 1.5
      vertex 21.1937 97.6974 0
      vertex 20.7912 97.5607 0
    endloop
  endfacet
  facet normal -0.980806 -0.194985 0
    outer loop
      vertex 23.1722 101.124 0
      vertex 23.0893 101.541 1.5
      vertex 23.0893 101.541 0
    endloop
  endfacet
  facet normal -0.980806 -0.194985 0
    outer loop
      vertex 23.0893 101.541 1.5
      vertex 23.1722 101.124 0
      vertex 23.1722 101.124 1.5
    endloop
  endfacet
  facet normal -0.997857 -0.0654256 0
    outer loop
      vertex 23.2 100.7 0
      vertex 23.1722 101.124 1.5
      vertex 23.1722 101.124 0
    endloop
  endfacet
  facet normal -0.997857 -0.0654256 0
    outer loop
      vertex 23.1722 101.124 1.5
      vertex 23.2 100.7 0
      vertex 23.2 100.7 1.5
    endloop
  endfacet
  facet normal -0.947002 -0.321229 0
    outer loop
      vertex 23.0893 101.541 0
      vertex 22.9526 101.944 1.5
      vertex 22.9526 101.944 0
    endloop
  endfacet
  facet normal -0.947002 -0.321229 0
    outer loop
      vertex 22.9526 101.944 1.5
      vertex 23.0893 101.541 0
      vertex 23.0893 101.541 1.5
    endloop
  endfacet
  facet normal -0.831107 -0.556112 0
    outer loop
      vertex 22.7646 102.325 0
      vertex 22.5284 102.678 1.5
      vertex 22.5284 102.678 0
    endloop
  endfacet
  facet normal -0.831107 -0.556112 0
    outer loop
      vertex 22.5284 102.678 1.5
      vertex 22.7646 102.325 0
      vertex 22.7646 102.325 1.5
    endloop
  endfacet
  facet normal -0.320109 -0.947381 0
    outer loop
      vertex 20.7912 103.839 0
      vertex 21.1937 103.703 1.5
      vertex 20.7912 103.839 1.5
    endloop
  endfacet
  facet normal -0.320109 -0.947381 -0
    outer loop
      vertex 21.1937 103.703 1.5
      vertex 20.7912 103.839 0
      vertex 21.1937 103.703 0
    endloop
  endfacet
  facet normal -0.658971 -0.752168 0
    outer loop
      vertex 21.9285 103.278 0
      vertex 22.2481 102.998 1.5
      vertex 21.9285 103.278 1.5
    endloop
  endfacet
  facet normal -0.658971 -0.752168 -0
    outer loop
      vertex 22.2481 102.998 1.5
      vertex 21.9285 103.278 0
      vertex 22.2481 102.998 0
    endloop
  endfacet
  facet normal -0.194985 0.980806 0
    outer loop
      vertex 20.7912 97.5607 0
      vertex 20.3742 97.4778 1.5
      vertex 20.7912 97.5607 1.5
    endloop
  endfacet
  facet normal -0.194985 0.980806 0
    outer loop
      vertex 20.3742 97.4778 1.5
      vertex 20.7912 97.5607 0
      vertex 20.3742 97.4778 0
    endloop
  endfacet
  facet normal -0.896769 -0.4425 0
    outer loop
      vertex 22.9526 101.944 0
      vertex 22.7646 102.325 1.5
      vertex 22.7646 102.325 0
    endloop
  endfacet
  facet normal -0.896769 -0.4425 0
    outer loop
      vertex 22.7646 102.325 1.5
      vertex 22.9526 101.944 0
      vertex 22.9526 101.944 1.5
    endloop
  endfacet
  facet normal -0.195211 -0.980761 0
    outer loop
      vertex 20.3742 103.922 0
      vertex 20.7912 103.839 1.5
      vertex 20.3742 103.922 1.5
    endloop
  endfacet
  facet normal -0.195211 -0.980761 -0
    outer loop
      vertex 20.7912 103.839 1.5
      vertex 20.3742 103.922 0
      vertex 20.7912 103.839 0
    endloop
  endfacet
  facet normal 0.44222 0.896907 -0
    outer loop
      vertex 18.7063 97.6974 0
      vertex 18.325 97.8854 1.5
      vertex 18.7063 97.6974 1.5
    endloop
  endfacet
  facet normal 0.44222 0.896907 0
    outer loop
      vertex 18.325 97.8854 1.5
      vertex 18.7063 97.6974 0
      vertex 18.325 97.8854 0
    endloop
  endfacet
  facet normal -0.44222 0.896907 0
    outer loop
      vertex 21.575 97.8854 0
      vertex 21.1937 97.6974 1.5
      vertex 21.575 97.8854 1.5
    endloop
  endfacet
  facet normal -0.44222 0.896907 0
    outer loop
      vertex 21.1937 97.6974 1.5
      vertex 21.575 97.8854 0
      vertex 21.1937 97.6974 0
    endloop
  endfacet
  facet normal 0.947002 -0.321229 0
    outer loop
      vertex 16.8107 101.541 1.5
      vertex 16.9474 101.944 0
      vertex 16.9474 101.944 1.5
    endloop
  endfacet
  facet normal 0.947002 -0.321229 0
    outer loop
      vertex 16.9474 101.944 0
      vertex 16.8107 101.541 1.5
      vertex 16.8107 101.541 0
    endloop
  endfacet
  facet normal -0.896907 0.44222 0
    outer loop
      vertex 22.7646 99.075 0
      vertex 22.9526 99.4563 1.5
      vertex 22.9526 99.4563 0
    endloop
  endfacet
  facet normal -0.896907 0.44222 0
    outer loop
      vertex 22.9526 99.4563 1.5
      vertex 22.7646 99.075 0
      vertex 22.7646 99.075 1.5
    endloop
  endfacet
  facet normal 0.321586 0.94688 -0
    outer loop
      vertex 19.1088 97.5607 0
      vertex 18.7063 97.6974 1.5
      vertex 19.1088 97.5607 1.5
    endloop
  endfacet
  facet normal 0.321586 0.94688 0
    outer loop
      vertex 18.7063 97.6974 1.5
      vertex 19.1088 97.5607 0
      vertex 18.7063 97.6974 0
    endloop
  endfacet
  facet normal -0.555568 0.831471 0
    outer loop
      vertex 21.9285 98.1216 0
      vertex 21.575 97.8854 1.5
      vertex 21.9285 98.1216 1.5
    endloop
  endfacet
  facet normal -0.555568 0.831471 0
    outer loop
      vertex 21.575 97.8854 1.5
      vertex 21.9285 98.1216 0
      vertex 21.575 97.8854 0
    endloop
  endfacet
  facet normal -0.94688 0.321586 0
    outer loop
      vertex 22.9526 99.4563 0
      vertex 23.0893 99.8588 1.5
      vertex 23.0893 99.8588 0
    endloop
  endfacet
  facet normal -0.94688 0.321586 0
    outer loop
      vertex 23.0893 99.8588 1.5
      vertex 22.9526 99.4563 0
      vertex 22.9526 99.4563 1.5
    endloop
  endfacet
  facet normal -0.65937 0.751818 0
    outer loop
      vertex 22.2481 98.4019 0
      vertex 21.9285 98.1216 1.5
      vertex 22.2481 98.4019 1.5
    endloop
  endfacet
  facet normal -0.65937 0.751818 0
    outer loop
      vertex 21.9285 98.1216 1.5
      vertex 22.2481 98.4019 0
      vertex 21.9285 98.1216 0
    endloop
  endfacet
  facet normal 0.195211 -0.980761 0
    outer loop
      vertex 19.1088 103.839 0
      vertex 19.5258 103.922 1.5
      vertex 19.1088 103.839 1.5
    endloop
  endfacet
  facet normal 0.195211 -0.980761 0
    outer loop
      vertex 19.5258 103.922 1.5
      vertex 19.1088 103.839 0
      vertex 19.5258 103.922 0
    endloop
  endfacet
  facet normal 0.752227 -0.658904 0
    outer loop
      vertex 17.3716 102.678 1.5
      vertex 17.6519 102.998 0
      vertex 17.6519 102.998 1.5
    endloop
  endfacet
  facet normal 0.752227 -0.658904 0
    outer loop
      vertex 17.6519 102.998 0
      vertex 17.3716 102.678 1.5
      vertex 17.3716 102.678 0
    endloop
  endfacet
  facet normal 0.896907 0.44222 0
    outer loop
      vertex 17.1354 99.075 1.5
      vertex 16.9474 99.4563 0
      vertex 16.9474 99.4563 1.5
    endloop
  endfacet
  facet normal 0.896907 0.44222 0
    outer loop
      vertex 16.9474 99.4563 0
      vertex 17.1354 99.075 1.5
      vertex 17.1354 99.075 0
    endloop
  endfacet
  facet normal 0.320109 -0.947381 0
    outer loop
      vertex 18.7063 103.703 0
      vertex 19.1088 103.839 1.5
      vertex 18.7063 103.703 1.5
    endloop
  endfacet
  facet normal 0.320109 -0.947381 0
    outer loop
      vertex 19.1088 103.839 1.5
      vertex 18.7063 103.703 0
      vertex 19.1088 103.839 0
    endloop
  endfacet
  facet normal 0.831471 0.555568 0
    outer loop
      vertex 17.3716 98.7215 1.5
      vertex 17.1354 99.075 0
      vertex 17.1354 99.075 1.5
    endloop
  endfacet
  facet normal 0.831471 0.555568 0
    outer loop
      vertex 17.1354 99.075 0
      vertex 17.3716 98.7215 1.5
      vertex 17.3716 98.7215 0
    endloop
  endfacet
  facet normal 0.44222 -0.896907 0
    outer loop
      vertex 18.325 103.515 0
      vertex 18.7063 103.703 1.5
      vertex 18.325 103.515 1.5
    endloop
  endfacet
  facet normal 0.44222 -0.896907 0
    outer loop
      vertex 18.7063 103.703 1.5
      vertex 18.325 103.515 0
      vertex 18.7063 103.703 0
    endloop
  endfacet
  facet normal -0.752227 -0.658904 0
    outer loop
      vertex 22.5284 102.678 0
      vertex 22.2481 102.998 1.5
      vertex 22.2481 102.998 0
    endloop
  endfacet
  facet normal -0.752227 -0.658904 0
    outer loop
      vertex 22.2481 102.998 1.5
      vertex 22.5284 102.678 0
      vertex 22.5284 102.678 1.5
    endloop
  endfacet
  facet normal 0.194985 0.980806 -0
    outer loop
      vertex 19.5258 97.4778 0
      vertex 19.1088 97.5607 1.5
      vertex 19.5258 97.4778 1.5
    endloop
  endfacet
  facet normal 0.194985 0.980806 0
    outer loop
      vertex 19.1088 97.5607 1.5
      vertex 19.5258 97.4778 0
      vertex 19.1088 97.5607 0
    endloop
  endfacet
  facet normal 0.0653948 0.997859 -0
    outer loop
      vertex 19.95 97.45 0
      vertex 19.5258 97.4778 1.5
      vertex 19.95 97.45 1.5
    endloop
  endfacet
  facet normal 0.0653948 0.997859 0
    outer loop
      vertex 19.5258 97.4778 1.5
      vertex 19.95 97.45 0
      vertex 19.5258 97.4778 0
    endloop
  endfacet
  facet normal 0.751818 0.65937 0
    outer loop
      vertex 17.6519 98.4019 1.5
      vertex 17.3716 98.7215 0
      vertex 17.3716 98.7215 1.5
    endloop
  endfacet
  facet normal 0.751818 0.65937 0
    outer loop
      vertex 17.3716 98.7215 0
      vertex 17.6519 98.4019 1.5
      vertex 17.6519 98.4019 0
    endloop
  endfacet
  facet normal 0.556867 -0.830602 0
    outer loop
      vertex 17.9715 103.278 0
      vertex 18.325 103.515 1.5
      vertex 17.9715 103.278 1.5
    endloop
  endfacet
  facet normal 0.556867 -0.830602 0
    outer loop
      vertex 18.325 103.515 1.5
      vertex 17.9715 103.278 0
      vertex 18.325 103.515 0
    endloop
  endfacet
  facet normal -0.751818 0.65937 0
    outer loop
      vertex 22.2481 98.4019 0
      vertex 22.5284 98.7215 1.5
      vertex 22.5284 98.7215 0
    endloop
  endfacet
  facet normal -0.751818 0.65937 0
    outer loop
      vertex 22.5284 98.7215 1.5
      vertex 22.2481 98.4019 0
      vertex 22.2481 98.4019 1.5
    endloop
  endfacet
  facet normal -0.556867 -0.830602 0
    outer loop
      vertex 21.575 103.515 0
      vertex 21.9285 103.278 1.5
      vertex 21.575 103.515 1.5
    endloop
  endfacet
  facet normal -0.556867 -0.830602 -0
    outer loop
      vertex 21.9285 103.278 1.5
      vertex 21.575 103.515 0
      vertex 21.9285 103.278 0
    endloop
  endfacet
  facet normal 0.980806 -0.194985 0
    outer loop
      vertex 16.7278 101.124 1.5
      vertex 16.8107 101.541 0
      vertex 16.8107 101.541 1.5
    endloop
  endfacet
  facet normal 0.980806 -0.194985 0
    outer loop
      vertex 16.8107 101.541 0
      vertex 16.7278 101.124 1.5
      vertex 16.7278 101.124 0
    endloop
  endfacet
  facet normal 0.831107 -0.556112 0
    outer loop
      vertex 17.1354 102.325 1.5
      vertex 17.3716 102.678 0
      vertex 17.3716 102.678 1.5
    endloop
  endfacet
  facet normal 0.831107 -0.556112 0
    outer loop
      vertex 17.3716 102.678 0
      vertex 17.1354 102.325 1.5
      vertex 17.1354 102.325 0
    endloop
  endfacet
  facet normal -0.997857 0.0654256 0
    outer loop
      vertex 23.1722 100.276 0
      vertex 23.2 100.7 1.5
      vertex 23.2 100.7 0
    endloop
  endfacet
  facet normal -0.997857 0.0654256 0
    outer loop
      vertex 23.2 100.7 1.5
      vertex 23.1722 100.276 0
      vertex 23.1722 100.276 1.5
    endloop
  endfacet
  facet normal -0.0658633 -0.997829 0
    outer loop
      vertex 19.95 103.95 0
      vertex 20.3742 103.922 1.5
      vertex 19.95 103.95 1.5
    endloop
  endfacet
  facet normal -0.0658633 -0.997829 -0
    outer loop
      vertex 20.3742 103.922 1.5
      vertex 19.95 103.95 0
      vertex 20.3742 103.922 0
    endloop
  endfacet
  facet normal -0.0653948 0.997859 0
    outer loop
      vertex 20.3742 97.4778 0
      vertex 19.95 97.45 1.5
      vertex 20.3742 97.4778 1.5
    endloop
  endfacet
  facet normal -0.0653948 0.997859 0
    outer loop
      vertex 19.95 97.45 1.5
      vertex 20.3742 97.4778 0
      vertex 19.95 97.45 0
    endloop
  endfacet
  facet normal -0.980824 0.194895 0
    outer loop
      vertex 23.0893 99.8588 0
      vertex 23.1722 100.276 1.5
      vertex 23.1722 100.276 0
    endloop
  endfacet
  facet normal -0.980824 0.194895 0
    outer loop
      vertex 23.1722 100.276 1.5
      vertex 23.0893 99.8588 0
      vertex 23.0893 99.8588 1.5
    endloop
  endfacet
  facet normal 0.658971 -0.752168 0
    outer loop
      vertex 17.6519 102.998 0
      vertex 17.9715 103.278 1.5
      vertex 17.6519 102.998 1.5
    endloop
  endfacet
  facet normal 0.658971 -0.752168 0
    outer loop
      vertex 17.9715 103.278 1.5
      vertex 17.6519 102.998 0
      vertex 17.9715 103.278 0
    endloop
  endfacet
  facet normal -0.44222 -0.896907 0
    outer loop
      vertex 21.1937 103.703 0
      vertex 21.575 103.515 1.5
      vertex 21.1937 103.703 1.5
    endloop
  endfacet
  facet normal -0.44222 -0.896907 -0
    outer loop
      vertex 21.575 103.515 1.5
      vertex 21.1937 103.703 0
      vertex 21.575 103.515 0
    endloop
  endfacet
  facet normal 0.0658633 -0.997829 0
    outer loop
      vertex 19.5258 103.922 0
      vertex 19.95 103.95 1.5
      vertex 19.5258 103.922 1.5
    endloop
  endfacet
  facet normal 0.0658633 -0.997829 0
    outer loop
      vertex 19.95 103.95 1.5
      vertex 19.5258 103.922 0
      vertex 19.95 103.95 0
    endloop
  endfacet
  facet normal -0.831471 0.555568 0
    outer loop
      vertex 22.5284 98.7215 0
      vertex 22.7646 99.075 1.5
      vertex 22.7646 99.075 0
    endloop
  endfacet
  facet normal -0.831471 0.555568 0
    outer loop
      vertex 22.7646 99.075 1.5
      vertex 22.5284 98.7215 0
      vertex 22.5284 98.7215 1.5
    endloop
  endfacet
  facet normal 0.997857 0.0654256 0
    outer loop
      vertex 16.7278 100.276 1.5
      vertex 16.7 100.7 0
      vertex 16.7 100.7 1.5
    endloop
  endfacet
  facet normal 0.997857 0.0654256 0
    outer loop
      vertex 16.7 100.7 0
      vertex 16.7278 100.276 1.5
      vertex 16.7278 100.276 0
    endloop
  endfacet
  facet normal 0.94688 0.321586 0
    outer loop
      vertex 16.9474 99.4563 1.5
      vertex 16.8107 99.8588 0
      vertex 16.8107 99.8588 1.5
    endloop
  endfacet
  facet normal 0.94688 0.321586 0
    outer loop
      vertex 16.8107 99.8588 0
      vertex 16.9474 99.4563 1.5
      vertex 16.9474 99.4563 0
    endloop
  endfacet
  facet normal 0.997857 -0.0654256 0
    outer loop
      vertex 16.7 100.7 1.5
      vertex 16.7278 101.124 0
      vertex 16.7278 101.124 1.5
    endloop
  endfacet
  facet normal 0.997857 -0.0654256 0
    outer loop
      vertex 16.7278 101.124 0
      vertex 16.7 100.7 1.5
      vertex 16.7 100.7 0
    endloop
  endfacet
  facet normal 0.980824 0.194895 0
    outer loop
      vertex 16.8107 99.8588 1.5
      vertex 16.7278 100.276 0
      vertex 16.7278 100.276 1.5
    endloop
  endfacet
  facet normal 0.980824 0.194895 0
    outer loop
      vertex 16.7278 100.276 0
      vertex 16.8107 99.8588 1.5
      vertex 16.8107 99.8588 0
    endloop
  endfacet
  facet normal 0.555568 0.831471 -0
    outer loop
      vertex 18.325 97.8854 0
      vertex 17.9715 98.1216 1.5
      vertex 18.325 97.8854 1.5
    endloop
  endfacet
  facet normal 0.555568 0.831471 0
    outer loop
      vertex 17.9715 98.1216 1.5
      vertex 18.325 97.8854 0
      vertex 17.9715 98.1216 0
    endloop
  endfacet
  facet normal 0.896769 -0.4425 0
    outer loop
      vertex 16.9474 101.944 1.5
      vertex 17.1354 102.325 0
      vertex 17.1354 102.325 1.5
    endloop
  endfacet
  facet normal 0.896769 -0.4425 0
    outer loop
      vertex 17.1354 102.325 0
      vertex 16.9474 101.944 1.5
      vertex 16.9474 101.944 0
    endloop
  endfacet
  facet normal 0.65937 0.751818 -0
    outer loop
      vertex 17.9715 98.1216 0
      vertex 17.6519 98.4019 1.5
      vertex 17.9715 98.1216 1.5
    endloop
  endfacet
  facet normal 0.65937 0.751818 0
    outer loop
      vertex 17.6519 98.4019 1.5
      vertex 17.9715 98.1216 0
      vertex 17.6519 98.4019 0
    endloop
  endfacet
  facet normal -0.321586 0.94688 0
    outer loop
      vertex 82.6937 97.6974 0
      vertex 82.2912 97.5607 1.5
      vertex 82.6937 97.6974 1.5
    endloop
  endfacet
  facet normal -0.321586 0.94688 0
    outer loop
      vertex 82.2912 97.5607 1.5
      vertex 82.6937 97.6974 0
      vertex 82.2912 97.5607 0
    endloop
  endfacet
  facet normal -0.980806 -0.194985 0
    outer loop
      vertex 84.6722 101.124 0
      vertex 84.5893 101.541 1.5
      vertex 84.5893 101.541 0
    endloop
  endfacet
  facet normal -0.980806 -0.194985 0
    outer loop
      vertex 84.5893 101.541 1.5
      vertex 84.6722 101.124 0
      vertex 84.6722 101.124 1.5
    endloop
  endfacet
  facet normal -0.997857 -0.0654256 0
    outer loop
      vertex 84.7 100.7 0
      vertex 84.6722 101.124 1.5
      vertex 84.6722 101.124 0
    endloop
  endfacet
  facet normal -0.997857 -0.0654256 0
    outer loop
      vertex 84.6722 101.124 1.5
      vertex 84.7 100.7 0
      vertex 84.7 100.7 1.5
    endloop
  endfacet
  facet normal -0.947002 -0.321229 0
    outer loop
      vertex 84.5893 101.541 0
      vertex 84.4526 101.944 1.5
      vertex 84.4526 101.944 0
    endloop
  endfacet
  facet normal -0.947002 -0.321229 0
    outer loop
      vertex 84.4526 101.944 1.5
      vertex 84.5893 101.541 0
      vertex 84.5893 101.541 1.5
    endloop
  endfacet
  facet normal -0.831107 -0.556112 0
    outer loop
      vertex 84.2646 102.325 0
      vertex 84.0284 102.678 1.5
      vertex 84.0284 102.678 0
    endloop
  endfacet
  facet normal -0.831107 -0.556112 0
    outer loop
      vertex 84.0284 102.678 1.5
      vertex 84.2646 102.325 0
      vertex 84.2646 102.325 1.5
    endloop
  endfacet
  facet normal -0.320109 -0.947381 0
    outer loop
      vertex 82.2912 103.839 0
      vertex 82.6937 103.703 1.5
      vertex 82.2912 103.839 1.5
    endloop
  endfacet
  facet normal -0.320109 -0.947381 -0
    outer loop
      vertex 82.6937 103.703 1.5
      vertex 82.2912 103.839 0
      vertex 82.6937 103.703 0
    endloop
  endfacet
  facet normal -0.658971 -0.752168 0
    outer loop
      vertex 83.4285 103.278 0
      vertex 83.7481 102.998 1.5
      vertex 83.4285 103.278 1.5
    endloop
  endfacet
  facet normal -0.658971 -0.752168 -0
    outer loop
      vertex 83.7481 102.998 1.5
      vertex 83.4285 103.278 0
      vertex 83.7481 102.998 0
    endloop
  endfacet
  facet normal -0.194985 0.980806 0
    outer loop
      vertex 82.2912 97.5607 0
      vertex 81.8742 97.4778 1.5
      vertex 82.2912 97.5607 1.5
    endloop
  endfacet
  facet normal -0.194985 0.980806 0
    outer loop
      vertex 81.8742 97.4778 1.5
      vertex 82.2912 97.5607 0
      vertex 81.8742 97.4778 0
    endloop
  endfacet
  facet normal -0.896769 -0.4425 0
    outer loop
      vertex 84.4526 101.944 0
      vertex 84.2646 102.325 1.5
      vertex 84.2646 102.325 0
    endloop
  endfacet
  facet normal -0.896769 -0.4425 0
    outer loop
      vertex 84.2646 102.325 1.5
      vertex 84.4526 101.944 0
      vertex 84.4526 101.944 1.5
    endloop
  endfacet
  facet normal -0.195211 -0.980761 0
    outer loop
      vertex 81.8742 103.922 0
      vertex 82.2912 103.839 1.5
      vertex 81.8742 103.922 1.5
    endloop
  endfacet
  facet normal -0.195211 -0.980761 -0
    outer loop
      vertex 82.2912 103.839 1.5
      vertex 81.8742 103.922 0
      vertex 82.2912 103.839 0
    endloop
  endfacet
  facet normal 0.44222 0.896907 -0
    outer loop
      vertex 80.2063 97.6974 0
      vertex 79.825 97.8854 1.5
      vertex 80.2063 97.6974 1.5
    endloop
  endfacet
  facet normal 0.44222 0.896907 0
    outer loop
      vertex 79.825 97.8854 1.5
      vertex 80.2063 97.6974 0
      vertex 79.825 97.8854 0
    endloop
  endfacet
  facet normal -0.44222 0.896907 0
    outer loop
      vertex 83.075 97.8854 0
      vertex 82.6937 97.6974 1.5
      vertex 83.075 97.8854 1.5
    endloop
  endfacet
  facet normal -0.44222 0.896907 0
    outer loop
      vertex 82.6937 97.6974 1.5
      vertex 83.075 97.8854 0
      vertex 82.6937 97.6974 0
    endloop
  endfacet
  facet normal 0.947002 -0.321229 0
    outer loop
      vertex 78.3107 101.541 1.5
      vertex 78.4474 101.944 0
      vertex 78.4474 101.944 1.5
    endloop
  endfacet
  facet normal 0.947002 -0.321229 0
    outer loop
      vertex 78.4474 101.944 0
      vertex 78.3107 101.541 1.5
      vertex 78.3107 101.541 0
    endloop
  endfacet
  facet normal -0.896907 0.44222 0
    outer loop
      vertex 84.2646 99.075 0
      vertex 84.4526 99.4563 1.5
      vertex 84.4526 99.4563 0
    endloop
  endfacet
  facet normal -0.896907 0.44222 0
    outer loop
      vertex 84.4526 99.4563 1.5
      vertex 84.2646 99.075 0
      vertex 84.2646 99.075 1.5
    endloop
  endfacet
  facet normal 0.321586 0.94688 -0
    outer loop
      vertex 80.6088 97.5607 0
      vertex 80.2063 97.6974 1.5
      vertex 80.6088 97.5607 1.5
    endloop
  endfacet
  facet normal 0.321586 0.94688 0
    outer loop
      vertex 80.2063 97.6974 1.5
      vertex 80.6088 97.5607 0
      vertex 80.2063 97.6974 0
    endloop
  endfacet
  facet normal -0.555568 0.831471 0
    outer loop
      vertex 83.4285 98.1216 0
      vertex 83.075 97.8854 1.5
      vertex 83.4285 98.1216 1.5
    endloop
  endfacet
  facet normal -0.555568 0.831471 0
    outer loop
      vertex 83.075 97.8854 1.5
      vertex 83.4285 98.1216 0
      vertex 83.075 97.8854 0
    endloop
  endfacet
  facet normal -0.94688 0.321586 0
    outer loop
      vertex 84.4526 99.4563 0
      vertex 84.5893 99.8588 1.5
      vertex 84.5893 99.8588 0
    endloop
  endfacet
  facet normal -0.94688 0.321586 0
    outer loop
      vertex 84.5893 99.8588 1.5
      vertex 84.4526 99.4563 0
      vertex 84.4526 99.4563 1.5
    endloop
  endfacet
  facet normal -0.65937 0.751818 0
    outer loop
      vertex 83.7481 98.4019 0
      vertex 83.4285 98.1216 1.5
      vertex 83.7481 98.4019 1.5
    endloop
  endfacet
  facet normal -0.65937 0.751818 0
    outer loop
      vertex 83.4285 98.1216 1.5
      vertex 83.7481 98.4019 0
      vertex 83.4285 98.1216 0
    endloop
  endfacet
  facet normal 0.195211 -0.980761 0
    outer loop
      vertex 80.6088 103.839 0
      vertex 81.0258 103.922 1.5
      vertex 80.6088 103.839 1.5
    endloop
  endfacet
  facet normal 0.195211 -0.980761 0
    outer loop
      vertex 81.0258 103.922 1.5
      vertex 80.6088 103.839 0
      vertex 81.0258 103.922 0
    endloop
  endfacet
  facet normal 0.752227 -0.658904 0
    outer loop
      vertex 78.8716 102.678 1.5
      vertex 79.1519 102.998 0
      vertex 79.1519 102.998 1.5
    endloop
  endfacet
  facet normal 0.752227 -0.658904 0
    outer loop
      vertex 79.1519 102.998 0
      vertex 78.8716 102.678 1.5
      vertex 78.8716 102.678 0
    endloop
  endfacet
  facet normal 0.896907 0.44222 0
    outer loop
      vertex 78.6354 99.075 1.5
      vertex 78.4474 99.4563 0
      vertex 78.4474 99.4563 1.5
    endloop
  endfacet
  facet normal 0.896907 0.44222 0
    outer loop
      vertex 78.4474 99.4563 0
      vertex 78.6354 99.075 1.5
      vertex 78.6354 99.075 0
    endloop
  endfacet
  facet normal 0.320109 -0.947381 0
    outer loop
      vertex 80.2063 103.703 0
      vertex 80.6088 103.839 1.5
      vertex 80.2063 103.703 1.5
    endloop
  endfacet
  facet normal 0.320109 -0.947381 0
    outer loop
      vertex 80.6088 103.839 1.5
      vertex 80.2063 103.703 0
      vertex 80.6088 103.839 0
    endloop
  endfacet
  facet normal 0.44222 -0.896907 0
    outer loop
      vertex 79.825 103.515 0
      vertex 80.2063 103.703 1.5
      vertex 79.825 103.515 1.5
    endloop
  endfacet
  facet normal 0.44222 -0.896907 0
    outer loop
      vertex 80.2063 103.703 1.5
      vertex 79.825 103.515 0
      vertex 80.2063 103.703 0
    endloop
  endfacet
  facet normal -0.752227 -0.658904 0
    outer loop
      vertex 84.0284 102.678 0
      vertex 83.7481 102.998 1.5
      vertex 83.7481 102.998 0
    endloop
  endfacet
  facet normal -0.752227 -0.658904 0
    outer loop
      vertex 83.7481 102.998 1.5
      vertex 84.0284 102.678 0
      vertex 84.0284 102.678 1.5
    endloop
  endfacet
  facet normal 0.194985 0.980806 -0
    outer loop
      vertex 81.0258 97.4778 0
      vertex 80.6088 97.5607 1.5
      vertex 81.0258 97.4778 1.5
    endloop
  endfacet
  facet normal 0.194985 0.980806 0
    outer loop
      vertex 80.6088 97.5607 1.5
      vertex 81.0258 97.4778 0
      vertex 80.6088 97.5607 0
    endloop
  endfacet
  facet normal 0.0653948 0.997859 -0
    outer loop
      vertex 81.45 97.45 0
      vertex 81.0258 97.4778 1.5
      vertex 81.45 97.45 1.5
    endloop
  endfacet
  facet normal 0.0653948 0.997859 0
    outer loop
      vertex 81.0258 97.4778 1.5
      vertex 81.45 97.45 0
      vertex 81.0258 97.4778 0
    endloop
  endfacet
  facet normal 0.751818 0.65937 0
    outer loop
      vertex 79.1519 98.4019 1.5
      vertex 78.8716 98.7215 0
      vertex 78.8716 98.7215 1.5
    endloop
  endfacet
  facet normal 0.751818 0.65937 0
    outer loop
      vertex 78.8716 98.7215 0
      vertex 79.1519 98.4019 1.5
      vertex 79.1519 98.4019 0
    endloop
  endfacet
  facet normal 0.556867 -0.830602 0
    outer loop
      vertex 79.4715 103.278 0
      vertex 79.825 103.515 1.5
      vertex 79.4715 103.278 1.5
    endloop
  endfacet
  facet normal 0.556867 -0.830602 0
    outer loop
      vertex 79.825 103.515 1.5
      vertex 79.4715 103.278 0
      vertex 79.825 103.515 0
    endloop
  endfacet
  facet normal -0.751818 0.65937 0
    outer loop
      vertex 83.7481 98.4019 0
      vertex 84.0284 98.7215 1.5
      vertex 84.0284 98.7215 0
    endloop
  endfacet
  facet normal -0.751818 0.65937 0
    outer loop
      vertex 84.0284 98.7215 1.5
      vertex 83.7481 98.4019 0
      vertex 83.7481 98.4019 1.5
    endloop
  endfacet
  facet normal -0.556867 -0.830602 0
    outer loop
      vertex 83.075 103.515 0
      vertex 83.4285 103.278 1.5
      vertex 83.075 103.515 1.5
    endloop
  endfacet
  facet normal -0.556867 -0.830602 -0
    outer loop
      vertex 83.4285 103.278 1.5
      vertex 83.075 103.515 0
      vertex 83.4285 103.278 0
    endloop
  endfacet
  facet normal 0.980806 -0.194985 0
    outer loop
      vertex 78.2278 101.124 1.5
      vertex 78.3107 101.541 0
      vertex 78.3107 101.541 1.5
    endloop
  endfacet
  facet normal 0.980806 -0.194985 0
    outer loop
      vertex 78.3107 101.541 0
      vertex 78.2278 101.124 1.5
      vertex 78.2278 101.124 0
    endloop
  endfacet
  facet normal 0.831107 -0.556112 0
    outer loop
      vertex 78.6354 102.325 1.5
      vertex 78.8716 102.678 0
      vertex 78.8716 102.678 1.5
    endloop
  endfacet
  facet normal 0.831107 -0.556112 0
    outer loop
      vertex 78.8716 102.678 0
      vertex 78.6354 102.325 1.5
      vertex 78.6354 102.325 0
    endloop
  endfacet
  facet normal -0.997857 0.0654256 0
    outer loop
      vertex 84.6722 100.276 0
      vertex 84.7 100.7 1.5
      vertex 84.7 100.7 0
    endloop
  endfacet
  facet normal -0.997857 0.0654256 0
    outer loop
      vertex 84.7 100.7 1.5
      vertex 84.6722 100.276 0
      vertex 84.6722 100.276 1.5
    endloop
  endfacet
  facet normal -0.0658633 -0.997829 0
    outer loop
      vertex 81.45 103.95 0
      vertex 81.8742 103.922 1.5
      vertex 81.45 103.95 1.5
    endloop
  endfacet
  facet normal -0.0658633 -0.997829 -0
    outer loop
      vertex 81.8742 103.922 1.5
      vertex 81.45 103.95 0
      vertex 81.8742 103.922 0
    endloop
  endfacet
  facet normal -0.0653948 0.997859 0
    outer loop
      vertex 81.8742 97.4778 0
      vertex 81.45 97.45 1.5
      vertex 81.8742 97.4778 1.5
    endloop
  endfacet
  facet normal -0.0653948 0.997859 0
    outer loop
      vertex 81.45 97.45 1.5
      vertex 81.8742 97.4778 0
      vertex 81.45 97.45 0
    endloop
  endfacet
  facet normal -0.980824 0.194895 0
    outer loop
      vertex 84.5893 99.8588 0
      vertex 84.6722 100.276 1.5
      vertex 84.6722 100.276 0
    endloop
  endfacet
  facet normal -0.980824 0.194895 0
    outer loop
      vertex 84.6722 100.276 1.5
      vertex 84.5893 99.8588 0
      vertex 84.5893 99.8588 1.5
    endloop
  endfacet
  facet normal 0.658971 -0.752168 0
    outer loop
      vertex 79.1519 102.998 0
      vertex 79.4715 103.278 1.5
      vertex 79.1519 102.998 1.5
    endloop
  endfacet
  facet normal 0.658971 -0.752168 0
    outer loop
      vertex 79.4715 103.278 1.5
      vertex 79.1519 102.998 0
      vertex 79.4715 103.278 0
    endloop
  endfacet
  facet normal 0.831471 0.555568 0
    outer loop
      vertex 78.8716 98.7215 1.5
      vertex 78.6354 99.075 0
      vertex 78.6354 99.075 1.5
    endloop
  endfacet
  facet normal 0.831471 0.555568 0
    outer loop
      vertex 78.6354 99.075 0
      vertex 78.8716 98.7215 1.5
      vertex 78.8716 98.7215 0
    endloop
  endfacet
  facet normal -0.44222 -0.896907 0
    outer loop
      vertex 82.6937 103.703 0
      vertex 83.075 103.515 1.5
      vertex 82.6937 103.703 1.5
    endloop
  endfacet
  facet normal -0.44222 -0.896907 -0
    outer loop
      vertex 83.075 103.515 1.5
      vertex 82.6937 103.703 0
      vertex 83.075 103.515 0
    endloop
  endfacet
  facet normal 0.0658633 -0.997829 0
    outer loop
      vertex 81.0258 103.922 0
      vertex 81.45 103.95 1.5
      vertex 81.0258 103.922 1.5
    endloop
  endfacet
  facet normal 0.0658633 -0.997829 0
    outer loop
      vertex 81.45 103.95 1.5
      vertex 81.0258 103.922 0
      vertex 81.45 103.95 0
    endloop
  endfacet
  facet normal -0.831471 0.555568 0
    outer loop
      vertex 84.0284 98.7215 0
      vertex 84.2646 99.075 1.5
      vertex 84.2646 99.075 0
    endloop
  endfacet
  facet normal -0.831471 0.555568 0
    outer loop
      vertex 84.2646 99.075 1.5
      vertex 84.0284 98.7215 0
      vertex 84.0284 98.7215 1.5
    endloop
  endfacet
  facet normal 0.997857 0.0654256 0
    outer loop
      vertex 78.2278 100.276 1.5
      vertex 78.2 100.7 0
      vertex 78.2 100.7 1.5
    endloop
  endfacet
  facet normal 0.997857 0.0654256 0
    outer loop
      vertex 78.2 100.7 0
      vertex 78.2278 100.276 1.5
      vertex 78.2278 100.276 0
    endloop
  endfacet
  facet normal 0.94688 0.321586 0
    outer loop
      vertex 78.4474 99.4563 1.5
      vertex 78.3107 99.8588 0
      vertex 78.3107 99.8588 1.5
    endloop
  endfacet
  facet normal 0.94688 0.321586 0
    outer loop
      vertex 78.3107 99.8588 0
      vertex 78.4474 99.4563 1.5
      vertex 78.4474 99.4563 0
    endloop
  endfacet
  facet normal 0.997857 -0.0654256 0
    outer loop
      vertex 78.2 100.7 1.5
      vertex 78.2278 101.124 0
      vertex 78.2278 101.124 1.5
    endloop
  endfacet
  facet normal 0.997857 -0.0654256 0
    outer loop
      vertex 78.2278 101.124 0
      vertex 78.2 100.7 1.5
      vertex 78.2 100.7 0
    endloop
  endfacet
  facet normal 0.980824 0.194895 0
    outer loop
      vertex 78.3107 99.8588 1.5
      vertex 78.2278 100.276 0
      vertex 78.2278 100.276 1.5
    endloop
  endfacet
  facet normal 0.980824 0.194895 0
    outer loop
      vertex 78.2278 100.276 0
      vertex 78.3107 99.8588 1.5
      vertex 78.3107 99.8588 0
    endloop
  endfacet
  facet normal 0.555568 0.831471 -0
    outer loop
      vertex 79.825 97.8854 0
      vertex 79.4715 98.1216 1.5
      vertex 79.825 97.8854 1.5
    endloop
  endfacet
  facet normal 0.555568 0.831471 0
    outer loop
      vertex 79.4715 98.1216 1.5
      vertex 79.825 97.8854 0
      vertex 79.4715 98.1216 0
    endloop
  endfacet
  facet normal 0.896769 -0.4425 0
    outer loop
      vertex 78.4474 101.944 1.5
      vertex 78.6354 102.325 0
      vertex 78.6354 102.325 1.5
    endloop
  endfacet
  facet normal 0.896769 -0.4425 0
    outer loop
      vertex 78.6354 102.325 0
      vertex 78.4474 101.944 1.5
      vertex 78.4474 101.944 0
    endloop
  endfacet
  facet normal 0.65937 0.751818 -0
    outer loop
      vertex 79.4715 98.1216 0
      vertex 79.1519 98.4019 1.5
      vertex 79.4715 98.1216 1.5
    endloop
  endfacet
  facet normal 0.65937 0.751818 0
    outer loop
      vertex 79.1519 98.4019 1.5
      vertex 79.4715 98.1216 0
      vertex 79.1519 98.4019 0
    endloop
  endfacet
  facet normal 1 -0 0
    outer loop
      vertex 102.4 0 1.5
      vertex 102.4 118.9 0
      vertex 102.4 118.9 1.5
    endloop
  endfacet
  facet normal 1 0 0
    outer loop
      vertex 102.4 118.9 0
      vertex 102.4 0 1.5
      vertex 102.4 0 0
    endloop
  endfacet
  facet normal -0 0 1
    outer loop
      vertex 13.7 34.7 1.5
      vertex 27.7 28.7 1.5
      vertex 27.7 34.7 1.5
    endloop
  endfacet
  facet normal 0 0 1
    outer loop
      vertex 27.7 28.7 1.5
      vertex 13.7 34.7 1.5
      vertex 13.7 28.7 1.5
    endloop
  endfacet
  facet normal -0 0 1
    outer loop
      vertex 13.7 54.7 1.5
      vertex 27.7 48.7 1.5
      vertex 27.7 54.7 1.5
    endloop
  endfacet
  facet normal 0 0 1
    outer loop
      vertex 27.7 48.7 1.5
      vertex 13.7 54.7 1.5
      vertex 13.7 48.7 1.5
    endloop
  endfacet
  facet normal -0 0 1
    outer loop
      vertex 13.7 74.7 1.5
      vertex 27.7 68.7 1.5
      vertex 27.7 74.7 1.5
    endloop
  endfacet
  facet normal 0 0 1
    outer loop
      vertex 27.7 68.7 1.5
      vertex 13.7 74.7 1.5
      vertex 13.7 68.7 1.5
    endloop
  endfacet
  facet normal -0 0 1
    outer loop
      vertex 33.7 34.7 1.5
      vertex 47.7 28.7 1.5
      vertex 47.7 34.7 1.5
    endloop
  endfacet
  facet normal 0 0 1
    outer loop
      vertex 47.7 28.7 1.5
      vertex 33.7 34.7 1.5
      vertex 33.7 28.7 1.5
    endloop
  endfacet
  facet normal -0 0 1
    outer loop
      vertex 33.7 54.7 1.5
      vertex 47.7 48.7 1.5
      vertex 47.7 54.7 1.5
    endloop
  endfacet
  facet normal 0 0 1
    outer loop
      vertex 47.7 48.7 1.5
      vertex 33.7 54.7 1.5
      vertex 33.7 48.7 1.5
    endloop
  endfacet
  facet normal -0 0 1
    outer loop
      vertex 33.7 74.7 1.5
      vertex 47.7 68.7 1.5
      vertex 47.7 74.7 1.5
    endloop
  endfacet
  facet normal 0 0 1
    outer loop
      vertex 47.7 68.7 1.5
      vertex 33.7 74.7 1.5
      vertex 33.7 68.7 1.5
    endloop
  endfacet
  facet normal -0 0 1
    outer loop
      vertex 53.7 34.7 1.5
      vertex 67.7 28.7 1.5
      vertex 67.7 34.7 1.5
    endloop
  endfacet
  facet normal 0 0 1
    outer loop
      vertex 67.7 28.7 1.5
      vertex 53.7 34.7 1.5
      vertex 53.7 28.7 1.5
    endloop
  endfacet
  facet normal -0 0 1
    outer loop
      vertex 53.7 54.7 1.5
      vertex 67.7 48.7 1.5
      vertex 67.7 54.7 1.5
    endloop
  endfacet
  facet normal 0 0 1
    outer loop
      vertex 67.7 48.7 1.5
      vertex 53.7 54.7 1.5
      vertex 53.7 48.7 1.5
    endloop
  endfacet
  facet normal -0 0 1
    outer loop
      vertex 53.7 74.7 1.5
      vertex 67.7 68.7 1.5
      vertex 67.7 74.7 1.5
    endloop
  endfacet
  facet normal 0 0 1
    outer loop
      vertex 67.7 68.7 1.5
      vertex 53.7 74.7 1.5
      vertex 53.7 68.7 1.5
    endloop
  endfacet
  facet normal -0 0 1
    outer loop
      vertex 73.7 34.7 1.5
      vertex 87.7 28.7 1.5
      vertex 87.7 34.7 1.5
    endloop
  endfacet
  facet normal 0 0 1
    outer loop
      vertex 87.7 28.7 1.5
      vertex 73.7 34.7 1.5
      vertex 73.7 28.7 1.5
    endloop
  endfacet
  facet normal -0 0 1
    outer loop
      vertex 73.7 54.7 1.5
      vertex 87.7 48.7 1.5
      vertex 87.7 54.7 1.5
    endloop
  endfacet
  facet normal 0 0 1
    outer loop
      vertex 87.7 48.7 1.5
      vertex 73.7 54.7 1.5
      vertex 73.7 48.7 1.5
    endloop
  endfacet
  facet normal -0 0 1
    outer loop
      vertex 73.7 74.7 1.5
      vertex 87.7 68.7 1.5
      vertex 87.7 74.7 1.5
    endloop
  endfacet
  facet normal 0 0 1
    outer loop
      vertex 87.7 68.7 1.5
      vertex 73.7 74.7 1.5
      vertex 73.7 68.7 1.5
    endloop
  endfacet
  facet normal 0 0 1
    outer loop
      vertex 87.7 74.7 1.5
      vertex 102.4 118.9 1.5
      vertex 87.7 88.7 1.5
    endloop
  endfacet
  facet normal 0 0 1
    outer loop
      vertex 102.4 118.9 1.5
      vertex 84.7 100.7 1.5
      vertex 87.7 88.7 1.5
    endloop
  endfacet
  facet normal 0 0 1
    outer loop
      vertex 102.4 118.9 1.5
      vertex 84.6722 101.124 1.5
      vertex 84.7 100.7 1.5
    endloop
  endfacet
  facet normal 0 0 1
    outer loop
      vertex 102.4 118.9 1.5
      vertex 84.5893 101.541 1.5
      vertex 84.6722 101.124 1.5
    endloop
  endfacet
  facet normal 0 0 1
    outer loop
      vertex 102.4 118.9 1.5
      vertex 84.4526 101.944 1.5
      vertex 84.5893 101.541 1.5
    endloop
  endfacet
  facet normal 0 0 1
    outer loop
      vertex 102.4 118.9 1.5
      vertex 84.2646 102.325 1.5
      vertex 84.4526 101.944 1.5
    endloop
  endfacet
  facet normal 0 0 1
    outer loop
      vertex 102.4 118.9 1.5
      vertex 84.0284 102.678 1.5
      vertex 84.2646 102.325 1.5
    endloop
  endfacet
  facet normal 0 0 1
    outer loop
      vertex 102.4 118.9 1.5
      vertex 83.7481 102.998 1.5
      vertex 84.0284 102.678 1.5
    endloop
  endfacet
  facet normal 0 0 1
    outer loop
      vertex 102.4 118.9 1.5
      vertex 83.4285 103.278 1.5
      vertex 83.7481 102.998 1.5
    endloop
  endfacet
  facet normal 0 0 1
    outer loop
      vertex 102.4 118.9 1.5
      vertex 83.075 103.515 1.5
      vertex 83.4285 103.278 1.5
    endloop
  endfacet
  facet normal 0 0 1
    outer loop
      vertex 102.4 118.9 1.5
      vertex 82.6937 103.703 1.5
      vertex 83.075 103.515 1.5
    endloop
  endfacet
  facet normal 0 0 1
    outer loop
      vertex 102.4 118.9 1.5
      vertex 82.2912 103.839 1.5
      vertex 82.6937 103.703 1.5
    endloop
  endfacet
  facet normal 0 0 1
    outer loop
      vertex 102.4 118.9 1.5
      vertex 81.8742 103.922 1.5
      vertex 82.2912 103.839 1.5
    endloop
  endfacet
  facet normal 0 0 1
    outer loop
      vertex 102.4 118.9 1.5
      vertex 81.45 103.95 1.5
      vertex 81.8742 103.922 1.5
    endloop
  endfacet
  facet normal 0 0 1
    outer loop
      vertex 102.4 118.9 1.5
      vertex 81.0258 103.922 1.5
      vertex 81.45 103.95 1.5
    endloop
  endfacet
  facet normal -0 0 1
    outer loop
      vertex 64.32 106.2 1.5
      vertex 81.0258 103.922 1.5
      vertex 102.4 118.9 1.5
    endloop
  endfacet
  facet normal 0 0 1
    outer loop
      vertex 81.0258 103.922 1.5
      vertex 64.32 106.2 1.5
      vertex 80.6088 103.839 1.5
    endloop
  endfacet
  facet normal 0 0 1
    outer loop
      vertex 80.6088 103.839 1.5
      vertex 64.32 106.2 1.5
      vertex 80.2063 103.703 1.5
    endloop
  endfacet
  facet normal 0 0 1
    outer loop
      vertex 80.2063 103.703 1.5
      vertex 64.32 106.2 1.5
      vertex 79.825 103.515 1.5
    endloop
  endfacet
  facet normal 0 0 1
    outer loop
      vertex 64.32 106.2 1.5
      vertex 78.2 100.7 1.5
      vertex 78.2278 101.124 1.5
    endloop
  endfacet
  facet normal 0 0 1
    outer loop
      vertex 64.32 106.2 1.5
      vertex 78.2278 101.124 1.5
      vertex 78.3107 101.541 1.5
    endloop
  endfacet
  facet normal 0 0 1
    outer loop
      vertex 64.32 106.2 1.5
      vertex 78.3107 101.541 1.5
      vertex 78.4474 101.944 1.5
    endloop
  endfacet
  facet normal 0 0 1
    outer loop
      vertex 67.7 74.7 1.5
      vertex 73.7 74.7 1.5
      vertex 73.7 88.7 1.5
    endloop
  endfacet
  facet normal 0 0 1
    outer loop
      vertex 73.7 74.7 1.5
      vertex 67.7 74.7 1.5
      vertex 73.7 68.7 1.5
    endloop
  endfacet
  facet normal 0 0 1
    outer loop
      vertex 73.7 68.7 1.5
      vertex 67.7 68.7 1.5
      vertex 73.7 54.7 1.5
    endloop
  endfacet
  facet normal 0 0 1
    outer loop
      vertex 67.7 54.7 1.5
      vertex 73.7 54.7 1.5
      vertex 67.7 68.7 1.5
    endloop
  endfacet
  facet normal 0 0 1
    outer loop
      vertex 67.7 48.7 1.5
      vertex 73.7 48.7 1.5
      vertex 67.7 54.7 1.5
    endloop
  endfacet
  facet normal 0 0 1
    outer loop
      vertex 73.7 48.7 1.5
      vertex 67.7 48.7 1.5
      vertex 73.7 34.7 1.5
    endloop
  endfacet
  facet normal 0 0 1
    outer loop
      vertex 67.7 74.7 1.5
      vertex 73.7 88.7 1.5
      vertex 67.7 88.7 1.5
    endloop
  endfacet
  facet normal 0 0 1
    outer loop
      vertex 78.2 100.7 1.5
      vertex 64.32 95.2 1.5
      vertex 73.7 88.7 1.5
    endloop
  endfacet
  facet normal 0 0 1
    outer loop
      vertex 64.32 106.2 1.5
      vertex 78.4474 101.944 1.5
      vertex 78.6354 102.325 1.5
    endloop
  endfacet
  facet normal 0 0 1
    outer loop
      vertex 64.32 106.2 1.5
      vertex 78.6354 102.325 1.5
      vertex 78.8716 102.678 1.5
    endloop
  endfacet
  facet normal 0 0 1
    outer loop
      vertex 78.2 100.7 1.5
      vertex 64.32 106.2 1.5
      vertex 64.32 95.2 1.5
    endloop
  endfacet
  facet normal 0 0 1
    outer loop
      vertex 79.1519 102.998 1.5
      vertex 64.32 106.2 1.5
      vertex 78.8716 102.678 1.5
    endloop
  endfacet
  facet normal 0 0 1
    outer loop
      vertex 79.4715 103.278 1.5
      vertex 64.32 106.2 1.5
      vertex 79.1519 102.998 1.5
    endloop
  endfacet
  facet normal 0 0 1
    outer loop
      vertex 79.825 103.515 1.5
      vertex 64.32 106.2 1.5
      vertex 79.4715 103.278 1.5
    endloop
  endfacet
  facet normal 0 0 1
    outer loop
      vertex 102.4 118.9 1.5
      vertex 38.32 106.2 1.5
      vertex 64.32 106.2 1.5
    endloop
  endfacet
  facet normal -0 0 1
    outer loop
      vertex 23.2 100.7 1.5
      vertex 38.32 95.2 1.5
      vertex 38.32 106.2 1.5
    endloop
  endfacet
  facet normal 0 0 1
    outer loop
      vertex 27.7 74.7 1.5
      vertex 33.7 74.7 1.5
      vertex 33.7 88.7 1.5
    endloop
  endfacet
  facet normal 0 0 1
    outer loop
      vertex 33.7 74.7 1.5
      vertex 27.7 74.7 1.5
      vertex 33.7 68.7 1.5
    endloop
  endfacet
  facet normal 0 0 1
    outer loop
      vertex 33.7 68.7 1.5
      vertex 27.7 68.7 1.5
      vertex 33.7 54.7 1.5
    endloop
  endfacet
  facet normal 0 0 1
    outer loop
      vertex 27.7 54.7 1.5
      vertex 33.7 54.7 1.5
      vertex 27.7 68.7 1.5
    endloop
  endfacet
  facet normal 0 0 1
    outer loop
      vertex 27.7 48.7 1.5
      vertex 33.7 48.7 1.5
      vertex 27.7 54.7 1.5
    endloop
  endfacet
  facet normal 0 0 1
    outer loop
      vertex 33.7 48.7 1.5
      vertex 27.7 48.7 1.5
      vertex 33.7 34.7 1.5
    endloop
  endfacet
  facet normal 0 0 1
    outer loop
      vertex 27.7 74.7 1.5
      vertex 33.7 88.7 1.5
      vertex 27.7 88.7 1.5
    endloop
  endfacet
  facet normal -0 0 1
    outer loop
      vertex 23.0893 99.8588 1.5
      vertex 38.32 95.2 1.5
      vertex 23.1722 100.276 1.5
    endloop
  endfacet
  facet normal 0 0 1
    outer loop
      vertex 38.32 95.2 1.5
      vertex 23.2 100.7 1.5
      vertex 23.1722 100.276 1.5
    endloop
  endfacet
  facet normal 0 0 1
    outer loop
      vertex 38.32 106.2 1.5
      vertex 23.1722 101.124 1.5
      vertex 23.2 100.7 1.5
    endloop
  endfacet
  facet normal 0 0 1
    outer loop
      vertex 38.32 106.2 1.5
      vertex 23.0893 101.541 1.5
      vertex 23.1722 101.124 1.5
    endloop
  endfacet
  facet normal 0 0 1
    outer loop
      vertex 38.32 106.2 1.5
      vertex 22.9526 101.944 1.5
      vertex 23.0893 101.541 1.5
    endloop
  endfacet
  facet normal 0 0 1
    outer loop
      vertex 38.32 106.2 1.5
      vertex 22.7646 102.325 1.5
      vertex 22.9526 101.944 1.5
    endloop
  endfacet
  facet normal 0 0 1
    outer loop
      vertex 38.32 106.2 1.5
      vertex 22.5284 102.678 1.5
      vertex 22.7646 102.325 1.5
    endloop
  endfacet
  facet normal 0 0 1
    outer loop
      vertex 38.32 106.2 1.5
      vertex 22.2481 102.998 1.5
      vertex 22.5284 102.678 1.5
    endloop
  endfacet
  facet normal 0 0 1
    outer loop
      vertex 38.32 106.2 1.5
      vertex 21.9285 103.278 1.5
      vertex 22.2481 102.998 1.5
    endloop
  endfacet
  facet normal -0 0 1
    outer loop
      vertex 0 118.9 1.5
      vertex 38.32 106.2 1.5
      vertex 102.4 118.9 1.5
    endloop
  endfacet
  facet normal 0 0 1
    outer loop
      vertex 38.32 106.2 1.5
      vertex 21.575 103.515 1.5
      vertex 21.9285 103.278 1.5
    endloop
  endfacet
  facet normal 0 0 1
    outer loop
      vertex 38.32 106.2 1.5
      vertex 21.1937 103.703 1.5
      vertex 21.575 103.515 1.5
    endloop
  endfacet
  facet normal 0 -0 1
    outer loop
      vertex 20.3742 103.922 1.5
      vertex 38.32 106.2 1.5
      vertex 0 118.9 1.5
    endloop
  endfacet
  facet normal 0 0 1
    outer loop
      vertex 38.32 106.2 1.5
      vertex 20.7912 103.839 1.5
      vertex 21.1937 103.703 1.5
    endloop
  endfacet
  facet normal 0 0 1
    outer loop
      vertex 38.32 106.2 1.5
      vertex 20.3742 103.922 1.5
      vertex 20.7912 103.839 1.5
    endloop
  endfacet
  facet normal 0 0 1
    outer loop
      vertex 20.3742 103.922 1.5
      vertex 0 118.9 1.5
      vertex 19.95 103.95 1.5
    endloop
  endfacet
  facet normal 0 0 1
    outer loop
      vertex 0 118.9 1.5
      vertex 16.7 100.7 1.5
      vertex 16.7278 101.124 1.5
    endloop
  endfacet
  facet normal 0 0 1
    outer loop
      vertex 0 118.9 1.5
      vertex 16.7278 101.124 1.5
      vertex 16.8107 101.541 1.5
    endloop
  endfacet
  facet normal 0 0 1
    outer loop
      vertex 0 118.9 1.5
      vertex 13.7 74.7 1.5
      vertex 13.7 88.7 1.5
    endloop
  endfacet
  facet normal 0 0 1
    outer loop
      vertex 13.7 74.7 1.5
      vertex 0 118.9 1.5
      vertex 13.7 68.7 1.5
    endloop
  endfacet
  facet normal 0 0 1
    outer loop
      vertex 13.7 68.7 1.5
      vertex 0 118.9 1.5
      vertex 13.7 54.7 1.5
    endloop
  endfacet
  facet normal 0 0 1
    outer loop
      vertex 0 0 1.5
      vertex 13.7 54.7 1.5
      vertex 0 118.9 1.5
    endloop
  endfacet
  facet normal 0 0 1
    outer loop
      vertex 13.7 54.7 1.5
      vertex 0 0 1.5
      vertex 13.7 48.7 1.5
    endloop
  endfacet
  facet normal 0 0 1
    outer loop
      vertex 13.7 34.7 1.5
      vertex 0 0 1.5
      vertex 13.7 28.7 1.5
    endloop
  endfacet
  facet normal 0 0 1
    outer loop
      vertex 13.7 48.7 1.5
      vertex 0 0 1.5
      vertex 13.7 34.7 1.5
    endloop
  endfacet
  facet normal 0 0 1
    outer loop
      vertex 16.7 100.7 1.5
      vertex 0 118.9 1.5
      vertex 13.7 88.7 1.5
    endloop
  endfacet
  facet normal 0 0 1
    outer loop
      vertex 16.9474 101.944 1.5
      vertex 0 118.9 1.5
      vertex 16.8107 101.541 1.5
    endloop
  endfacet
  facet normal 0 0 1
    outer loop
      vertex 17.1354 102.325 1.5
      vertex 0 118.9 1.5
      vertex 16.9474 101.944 1.5
    endloop
  endfacet
  facet normal 0 0 1
    outer loop
      vertex 17.3716 102.678 1.5
      vertex 0 118.9 1.5
      vertex 17.1354 102.325 1.5
    endloop
  endfacet
  facet normal 0 0 1
    outer loop
      vertex 17.6519 102.998 1.5
      vertex 0 118.9 1.5
      vertex 17.3716 102.678 1.5
    endloop
  endfacet
  facet normal 0 0 1
    outer loop
      vertex 17.9715 103.278 1.5
      vertex 0 118.9 1.5
      vertex 17.6519 102.998 1.5
    endloop
  endfacet
  facet normal 0 0 1
    outer loop
      vertex 18.325 103.515 1.5
      vertex 0 118.9 1.5
      vertex 17.9715 103.278 1.5
    endloop
  endfacet
  facet normal 0 0 1
    outer loop
      vertex 18.7063 103.703 1.5
      vertex 0 118.9 1.5
      vertex 18.325 103.515 1.5
    endloop
  endfacet
  facet normal 0 0 1
    outer loop
      vertex 19.1088 103.839 1.5
      vertex 0 118.9 1.5
      vertex 18.7063 103.703 1.5
    endloop
  endfacet
  facet normal 0 0 1
    outer loop
      vertex 19.5258 103.922 1.5
      vertex 0 118.9 1.5
      vertex 19.1088 103.839 1.5
    endloop
  endfacet
  facet normal 0 0 1
    outer loop
      vertex 19.95 103.95 1.5
      vertex 0 118.9 1.5
      vertex 19.5258 103.922 1.5
    endloop
  endfacet
  facet normal 0 0 1
    outer loop
      vertex 87.7 68.7 1.5
      vertex 102.4 118.9 1.5
      vertex 87.7 74.7 1.5
    endloop
  endfacet
  facet normal 0 0 1
    outer loop
      vertex 87.7 54.7 1.5
      vertex 102.4 118.9 1.5
      vertex 87.7 68.7 1.5
    endloop
  endfacet
  facet normal 0 0 1
    outer loop
      vertex 102.4 118.9 1.5
      vertex 87.7 54.7 1.5
      vertex 102.4 0 1.5
    endloop
  endfacet
  facet normal -0 0 1
    outer loop
      vertex 87.7 48.7 1.5
      vertex 102.4 0 1.5
      vertex 87.7 54.7 1.5
    endloop
  endfacet
  facet normal -0 0 1
    outer loop
      vertex 87.7 34.7 1.5
      vertex 102.4 0 1.5
      vertex 87.7 48.7 1.5
    endloop
  endfacet
  facet normal -0 0 1
    outer loop
      vertex 87.7 28.7 1.5
      vertex 102.4 0 1.5
      vertex 87.7 34.7 1.5
    endloop
  endfacet
  facet normal -0 0 1
    outer loop
      vertex 87.7 14.7 1.5
      vertex 102.4 0 1.5
      vertex 87.7 28.7 1.5
    endloop
  endfacet
  facet normal -0 0 1
    outer loop
      vertex 73.7 14.7 1.5
      vertex 102.4 0 1.5
      vertex 87.7 14.7 1.5
    endloop
  endfacet
  facet normal 0 0 1
    outer loop
      vertex 73.7 68.7 1.5
      vertex 67.7 74.7 1.5
      vertex 67.7 68.7 1.5
    endloop
  endfacet
  facet normal 0 0 1
    outer loop
      vertex 73.7 54.7 1.5
      vertex 67.7 54.7 1.5
      vertex 73.7 48.7 1.5
    endloop
  endfacet
  facet normal 0 0 1
    outer loop
      vertex 67.7 34.7 1.5
      vertex 73.7 34.7 1.5
      vertex 67.7 48.7 1.5
    endloop
  endfacet
  facet normal 0 0 1
    outer loop
      vertex 73.7 34.7 1.5
      vertex 67.7 34.7 1.5
      vertex 73.7 28.7 1.5
    endloop
  endfacet
  facet normal 0 0 1
    outer loop
      vertex 67.7 28.7 1.5
      vertex 73.7 28.7 1.5
      vertex 67.7 34.7 1.5
    endloop
  endfacet
  facet normal 0 0 1
    outer loop
      vertex 73.7 28.7 1.5
      vertex 67.7 28.7 1.5
      vertex 73.7 14.7 1.5
    endloop
  endfacet
  facet normal 0 0 1
    outer loop
      vertex 67.7 14.7 1.5
      vertex 73.7 14.7 1.5
      vertex 67.7 28.7 1.5
    endloop
  endfacet
  facet normal -0 0 1
    outer loop
      vertex 67.7 14.7 1.5
      vertex 102.4 0 1.5
      vertex 73.7 14.7 1.5
    endloop
  endfacet
  facet normal -0 0 1
    outer loop
      vertex 53.7 14.7 1.5
      vertex 102.4 0 1.5
      vertex 67.7 14.7 1.5
    endloop
  endfacet
  facet normal 0 0 1
    outer loop
      vertex 47.7 48.7 1.5
      vertex 53.7 48.7 1.5
      vertex 47.7 54.7 1.5
    endloop
  endfacet
  facet normal 0 0 1
    outer loop
      vertex 53.7 48.7 1.5
      vertex 47.7 48.7 1.5
      vertex 53.7 34.7 1.5
    endloop
  endfacet
  facet normal 0 0 1
    outer loop
      vertex 47.7 34.7 1.5
      vertex 53.7 34.7 1.5
      vertex 47.7 48.7 1.5
    endloop
  endfacet
  facet normal 0 0 1
    outer loop
      vertex 53.7 34.7 1.5
      vertex 47.7 34.7 1.5
      vertex 53.7 28.7 1.5
    endloop
  endfacet
  facet normal 0 0 1
    outer loop
      vertex 47.7 28.7 1.5
      vertex 53.7 28.7 1.5
      vertex 47.7 34.7 1.5
    endloop
  endfacet
  facet normal 0 0 1
    outer loop
      vertex 53.7 28.7 1.5
      vertex 47.7 28.7 1.5
      vertex 53.7 14.7 1.5
    endloop
  endfacet
  facet normal 0 0 1
    outer loop
      vertex 47.7 14.7 1.5
      vertex 53.7 14.7 1.5
      vertex 47.7 28.7 1.5
    endloop
  endfacet
  facet normal -0 0 1
    outer loop
      vertex 47.7 14.7 1.5
      vertex 102.4 0 1.5
      vertex 53.7 14.7 1.5
    endloop
  endfacet
  facet normal 0 0 1
    outer loop
      vertex 0 0 1.5
      vertex 47.7 14.7 1.5
      vertex 33.7 14.7 1.5
    endloop
  endfacet
  facet normal 0 0 1
    outer loop
      vertex 33.7 68.7 1.5
      vertex 27.7 74.7 1.5
      vertex 27.7 68.7 1.5
    endloop
  endfacet
  facet normal 0 0 1
    outer loop
      vertex 33.7 54.7 1.5
      vertex 27.7 54.7 1.5
      vertex 33.7 48.7 1.5
    endloop
  endfacet
  facet normal 0 0 1
    outer loop
      vertex 27.7 34.7 1.5
      vertex 33.7 34.7 1.5
      vertex 27.7 48.7 1.5
    endloop
  endfacet
  facet normal 0 0 1
    outer loop
      vertex 33.7 34.7 1.5
      vertex 27.7 34.7 1.5
      vertex 33.7 28.7 1.5
    endloop
  endfacet
  facet normal 0 0 1
    outer loop
      vertex 27.7 28.7 1.5
      vertex 33.7 28.7 1.5
      vertex 27.7 34.7 1.5
    endloop
  endfacet
  facet normal 0 0 1
    outer loop
      vertex 33.7 28.7 1.5
      vertex 27.7 28.7 1.5
      vertex 33.7 14.7 1.5
    endloop
  endfacet
  facet normal 0 0 1
    outer loop
      vertex 27.7 14.7 1.5
      vertex 33.7 14.7 1.5
      vertex 27.7 28.7 1.5
    endloop
  endfacet
  facet normal 0 0 1
    outer loop
      vertex 0 0 1.5
      vertex 33.7 14.7 1.5
      vertex 27.7 14.7 1.5
    endloop
  endfacet
  facet normal 0 0 1
    outer loop
      vertex 0 0 1.5
      vertex 27.7 14.7 1.5
      vertex 13.7 14.7 1.5
    endloop
  endfacet
  facet normal 0 0 1
    outer loop
      vertex 47.7 14.7 1.5
      vertex 0 0 1.5
      vertex 102.4 0 1.5
    endloop
  endfacet
  facet normal 0 0 1
    outer loop
      vertex 13.7 28.7 1.5
      vertex 0 0 1.5
      vertex 13.7 14.7 1.5
    endloop
  endfacet
  facet normal -0 0 1
    outer loop
      vertex 84.6722 100.276 1.5
      vertex 87.7 88.7 1.5
      vertex 84.7 100.7 1.5
    endloop
  endfacet
  facet normal -0 0 1
    outer loop
      vertex 84.5893 99.8588 1.5
      vertex 87.7 88.7 1.5
      vertex 84.6722 100.276 1.5
    endloop
  endfacet
  facet normal -0 0 1
    outer loop
      vertex 84.4526 99.4563 1.5
      vertex 87.7 88.7 1.5
      vertex 84.5893 99.8588 1.5
    endloop
  endfacet
  facet normal -0 0 1
    outer loop
      vertex 84.2646 99.075 1.5
      vertex 87.7 88.7 1.5
      vertex 84.4526 99.4563 1.5
    endloop
  endfacet
  facet normal -0 0 1
    outer loop
      vertex 84.0284 98.7215 1.5
      vertex 87.7 88.7 1.5
      vertex 84.2646 99.075 1.5
    endloop
  endfacet
  facet normal -0 0 1
    outer loop
      vertex 83.7481 98.4019 1.5
      vertex 87.7 88.7 1.5
      vertex 84.0284 98.7215 1.5
    endloop
  endfacet
  facet normal -0 0 1
    outer loop
      vertex 83.4285 98.1216 1.5
      vertex 87.7 88.7 1.5
      vertex 83.7481 98.4019 1.5
    endloop
  endfacet
  facet normal -0 0 1
    outer loop
      vertex 83.075 97.8854 1.5
      vertex 87.7 88.7 1.5
      vertex 83.4285 98.1216 1.5
    endloop
  endfacet
  facet normal -0 0 1
    outer loop
      vertex 82.6937 97.6974 1.5
      vertex 87.7 88.7 1.5
      vertex 83.075 97.8854 1.5
    endloop
  endfacet
  facet normal -0 0 1
    outer loop
      vertex 82.2912 97.5607 1.5
      vertex 87.7 88.7 1.5
      vertex 82.6937 97.6974 1.5
    endloop
  endfacet
  facet normal -0 0 1
    outer loop
      vertex 81.8742 97.4778 1.5
      vertex 87.7 88.7 1.5
      vertex 82.2912 97.5607 1.5
    endloop
  endfacet
  facet normal -0 0 1
    outer loop
      vertex 81.45 97.45 1.5
      vertex 87.7 88.7 1.5
      vertex 81.8742 97.4778 1.5
    endloop
  endfacet
  facet normal 0 0 1
    outer loop
      vertex 81.0258 97.4778 1.5
      vertex 87.7 88.7 1.5
      vertex 81.45 97.45 1.5
    endloop
  endfacet
  facet normal 0 0 1
    outer loop
      vertex 73.7 88.7 1.5
      vertex 81.0258 97.4778 1.5
      vertex 80.6088 97.5607 1.5
    endloop
  endfacet
  facet normal 0 0 1
    outer loop
      vertex 73.7 88.7 1.5
      vertex 80.6088 97.5607 1.5
      vertex 80.2063 97.6974 1.5
    endloop
  endfacet
  facet normal 0 0 1
    outer loop
      vertex 73.7 88.7 1.5
      vertex 80.2063 97.6974 1.5
      vertex 79.825 97.8854 1.5
    endloop
  endfacet
  facet normal 0 0 1
    outer loop
      vertex 73.7 88.7 1.5
      vertex 79.825 97.8854 1.5
      vertex 79.4715 98.1216 1.5
    endloop
  endfacet
  facet normal 0 0 1
    outer loop
      vertex 73.7 88.7 1.5
      vertex 79.4715 98.1216 1.5
      vertex 79.1519 98.4019 1.5
    endloop
  endfacet
  facet normal 0 0 1
    outer loop
      vertex 81.0258 97.4778 1.5
      vertex 73.7 88.7 1.5
      vertex 87.7 88.7 1.5
    endloop
  endfacet
  facet normal 0 0 1
    outer loop
      vertex 78.8716 98.7215 1.5
      vertex 73.7 88.7 1.5
      vertex 79.1519 98.4019 1.5
    endloop
  endfacet
  facet normal 0 0 1
    outer loop
      vertex 78.6354 99.075 1.5
      vertex 73.7 88.7 1.5
      vertex 78.8716 98.7215 1.5
    endloop
  endfacet
  facet normal 0 0 1
    outer loop
      vertex 78.4474 99.4563 1.5
      vertex 73.7 88.7 1.5
      vertex 78.6354 99.075 1.5
    endloop
  endfacet
  facet normal 0 0 1
    outer loop
      vertex 78.3107 99.8588 1.5
      vertex 73.7 88.7 1.5
      vertex 78.4474 99.4563 1.5
    endloop
  endfacet
  facet normal 0 0 1
    outer loop
      vertex 78.2278 100.276 1.5
      vertex 73.7 88.7 1.5
      vertex 78.3107 99.8588 1.5
    endloop
  endfacet
  facet normal 0 0 1
    outer loop
      vertex 73.7 88.7 1.5
      vertex 78.2278 100.276 1.5
      vertex 78.2 100.7 1.5
    endloop
  endfacet
  facet normal 0 0 1
    outer loop
      vertex 73.7 88.7 1.5
      vertex 64.32 95.2 1.5
      vertex 67.7 88.7 1.5
    endloop
  endfacet
  facet normal 0 0 1
    outer loop
      vertex 64.32 95.2 1.5
      vertex 53.7 88.7 1.5
      vertex 67.7 88.7 1.5
    endloop
  endfacet
  facet normal -0 0 1
    outer loop
      vertex 47.7 88.7 1.5
      vertex 53.7 74.7 1.5
      vertex 53.7 88.7 1.5
    endloop
  endfacet
  facet normal 0 0 1
    outer loop
      vertex 47.7 74.7 1.5
      vertex 53.7 74.7 1.5
      vertex 47.7 88.7 1.5
    endloop
  endfacet
  facet normal 0 0 1
    outer loop
      vertex 53.7 74.7 1.5
      vertex 47.7 74.7 1.5
      vertex 53.7 68.7 1.5
    endloop
  endfacet
  facet normal 0 0 1
    outer loop
      vertex 47.7 68.7 1.5
      vertex 53.7 68.7 1.5
      vertex 47.7 74.7 1.5
    endloop
  endfacet
  facet normal 0 0 1
    outer loop
      vertex 53.7 68.7 1.5
      vertex 47.7 68.7 1.5
      vertex 53.7 54.7 1.5
    endloop
  endfacet
  facet normal 0 0 1
    outer loop
      vertex 47.7 54.7 1.5
      vertex 53.7 54.7 1.5
      vertex 47.7 68.7 1.5
    endloop
  endfacet
  facet normal 0 0 1
    outer loop
      vertex 53.7 54.7 1.5
      vertex 47.7 54.7 1.5
      vertex 53.7 48.7 1.5
    endloop
  endfacet
  facet normal -0 0 1
    outer loop
      vertex 38.32 95.2 1.5
      vertex 53.7 88.7 1.5
      vertex 64.32 95.2 1.5
    endloop
  endfacet
  facet normal 0 0 1
    outer loop
      vertex 53.7 88.7 1.5
      vertex 38.32 95.2 1.5
      vertex 47.7 88.7 1.5
    endloop
  endfacet
  facet normal 0 0 1
    outer loop
      vertex 47.7 88.7 1.5
      vertex 38.32 95.2 1.5
      vertex 33.7 88.7 1.5
    endloop
  endfacet
  facet normal -0 0 1
    outer loop
      vertex 22.9526 99.4563 1.5
      vertex 38.32 95.2 1.5
      vertex 23.0893 99.8588 1.5
    endloop
  endfacet
  facet normal 0 -0 1
    outer loop
      vertex 27.7 88.7 1.5
      vertex 38.32 95.2 1.5
      vertex 22.9526 99.4563 1.5
    endloop
  endfacet
  facet normal 0 0 1
    outer loop
      vertex 38.32 95.2 1.5
      vertex 27.7 88.7 1.5
      vertex 33.7 88.7 1.5
    endloop
  endfacet
  facet normal -0 0 1
    outer loop
      vertex 22.7646 99.075 1.5
      vertex 27.7 88.7 1.5
      vertex 22.9526 99.4563 1.5
    endloop
  endfacet
  facet normal -0 0 1
    outer loop
      vertex 22.5284 98.7215 1.5
      vertex 27.7 88.7 1.5
      vertex 22.7646 99.075 1.5
    endloop
  endfacet
  facet normal -0 0 1
    outer loop
      vertex 22.2481 98.4019 1.5
      vertex 27.7 88.7 1.5
      vertex 22.5284 98.7215 1.5
    endloop
  endfacet
  facet normal -0 0 1
    outer loop
      vertex 21.9285 98.1216 1.5
      vertex 27.7 88.7 1.5
      vertex 22.2481 98.4019 1.5
    endloop
  endfacet
  facet normal -0 0 1
    outer loop
      vertex 21.575 97.8854 1.5
      vertex 27.7 88.7 1.5
      vertex 21.9285 98.1216 1.5
    endloop
  endfacet
  facet normal -0 0 1
    outer loop
      vertex 21.1937 97.6974 1.5
      vertex 27.7 88.7 1.5
      vertex 21.575 97.8854 1.5
    endloop
  endfacet
  facet normal -0 0 1
    outer loop
      vertex 20.7912 97.5607 1.5
      vertex 27.7 88.7 1.5
      vertex 21.1937 97.6974 1.5
    endloop
  endfacet
  facet normal -0 0 1
    outer loop
      vertex 20.3742 97.4778 1.5
      vertex 27.7 88.7 1.5
      vertex 20.7912 97.5607 1.5
    endloop
  endfacet
  facet normal -0 0 1
    outer loop
      vertex 19.95 97.45 1.5
      vertex 27.7 88.7 1.5
      vertex 20.3742 97.4778 1.5
    endloop
  endfacet
  facet normal 0 0 1
    outer loop
      vertex 13.7 88.7 1.5
      vertex 19.95 97.45 1.5
      vertex 19.5258 97.4778 1.5
    endloop
  endfacet
  facet normal 0 0 1
    outer loop
      vertex 13.7 88.7 1.5
      vertex 19.5258 97.4778 1.5
      vertex 19.1088 97.5607 1.5
    endloop
  endfacet
  facet normal 0 0 1
    outer loop
      vertex 13.7 88.7 1.5
      vertex 19.1088 97.5607 1.5
      vertex 18.7063 97.6974 1.5
    endloop
  endfacet
  facet normal 0 0 1
    outer loop
      vertex 13.7 88.7 1.5
      vertex 18.7063 97.6974 1.5
      vertex 18.325 97.8854 1.5
    endloop
  endfacet
  facet normal 0 0 1
    outer loop
      vertex 13.7 88.7 1.5
      vertex 18.325 97.8854 1.5
      vertex 17.9715 98.1216 1.5
    endloop
  endfacet
  facet normal 0 0 1
    outer loop
      vertex 13.7 88.7 1.5
      vertex 17.9715 98.1216 1.5
      vertex 17.6519 98.4019 1.5
    endloop
  endfacet
  facet normal 0 0 1
    outer loop
      vertex 19.95 97.45 1.5
      vertex 13.7 88.7 1.5
      vertex 27.7 88.7 1.5
    endloop
  endfacet
  facet normal 0 0 1
    outer loop
      vertex 17.3716 98.7215 1.5
      vertex 13.7 88.7 1.5
      vertex 17.6519 98.4019 1.5
    endloop
  endfacet
  facet normal 0 0 1
    outer loop
      vertex 17.1354 99.075 1.5
      vertex 13.7 88.7 1.5
      vertex 17.3716 98.7215 1.5
    endloop
  endfacet
  facet normal 0 0 1
    outer loop
      vertex 16.9474 99.4563 1.5
      vertex 13.7 88.7 1.5
      vertex 17.1354 99.075 1.5
    endloop
  endfacet
  facet normal 0 0 1
    outer loop
      vertex 16.8107 99.8588 1.5
      vertex 13.7 88.7 1.5
      vertex 16.9474 99.4563 1.5
    endloop
  endfacet
  facet normal 0 0 1
    outer loop
      vertex 16.7278 100.276 1.5
      vertex 13.7 88.7 1.5
      vertex 16.8107 99.8588 1.5
    endloop
  endfacet
  facet normal 0 0 1
    outer loop
      vertex 13.7 88.7 1.5
      vertex 16.7278 100.276 1.5
      vertex 16.7 100.7 1.5
    endloop
  endfacet
  facet normal 0 0 -1
    outer loop
      vertex 38.32 95.2 0
      vertex 23.1722 100.276 0
      vertex 23.2 100.7 0
    endloop
  endfacet
  facet normal 0 0 -1
    outer loop
      vertex 38.32 95.2 0
      vertex 23.0893 99.8588 0
      vertex 23.1722 100.276 0
    endloop
  endfacet
  facet normal 0 0 -1
    outer loop
      vertex 38.32 95.2 0
      vertex 22.9526 99.4563 0
      vertex 23.0893 99.8588 0
    endloop
  endfacet
  facet normal 0 0 -1
    outer loop
      vertex 27.7 88.7 0
      vertex 22.7646 99.075 0
      vertex 22.9526 99.4563 0
    endloop
  endfacet
  facet normal 0 0 -1
    outer loop
      vertex 27.7 88.7 0
      vertex 22.5284 98.7215 0
      vertex 22.7646 99.075 0
    endloop
  endfacet
  facet normal 0 0 -1
    outer loop
      vertex 27.7 88.7 0
      vertex 22.2481 98.4019 0
      vertex 22.5284 98.7215 0
    endloop
  endfacet
  facet normal 0 0 -1
    outer loop
      vertex 27.7 88.7 0
      vertex 21.9285 98.1216 0
      vertex 22.2481 98.4019 0
    endloop
  endfacet
  facet normal 0 0 -1
    outer loop
      vertex 27.7 88.7 0
      vertex 21.575 97.8854 0
      vertex 21.9285 98.1216 0
    endloop
  endfacet
  facet normal 0 0 -1
    outer loop
      vertex 27.7 88.7 0
      vertex 21.1937 97.6974 0
      vertex 21.575 97.8854 0
    endloop
  endfacet
  facet normal 0 0 -1
    outer loop
      vertex 27.7 88.7 0
      vertex 20.7912 97.5607 0
      vertex 21.1937 97.6974 0
    endloop
  endfacet
  facet normal 0 0 -1
    outer loop
      vertex 27.7 88.7 0
      vertex 20.3742 97.4778 0
      vertex 20.7912 97.5607 0
    endloop
  endfacet
  facet normal 0 0 -1
    outer loop
      vertex 27.7 88.7 0
      vertex 19.95 97.45 0
      vertex 20.3742 97.4778 0
    endloop
  endfacet
  facet normal 0 0 -1
    outer loop
      vertex 13.7 88.7 0
      vertex 19.95 97.45 0
      vertex 27.7 88.7 0
    endloop
  endfacet
  facet normal -0 0 -1
    outer loop
      vertex 19.95 97.45 0
      vertex 13.7 88.7 0
      vertex 19.5258 97.4778 0
    endloop
  endfacet
  facet normal -0 0 -1
    outer loop
      vertex 19.5258 97.4778 0
      vertex 13.7 88.7 0
      vertex 19.1088 97.5607 0
    endloop
  endfacet
  facet normal -0 0 -1
    outer loop
      vertex 19.1088 97.5607 0
      vertex 13.7 88.7 0
      vertex 18.7063 97.6974 0
    endloop
  endfacet
  facet normal -0 0 -1
    outer loop
      vertex 18.7063 97.6974 0
      vertex 13.7 88.7 0
      vertex 18.325 97.8854 0
    endloop
  endfacet
  facet normal -0 0 -1
    outer loop
      vertex 18.325 97.8854 0
      vertex 13.7 88.7 0
      vertex 17.9715 98.1216 0
    endloop
  endfacet
  facet normal 0 0 -1
    outer loop
      vertex 2.32589 114.218 0
      vertex 16.7278 100.276 0
      vertex 13.7 88.7 0
    endloop
  endfacet
  facet normal -0 0 -1
    outer loop
      vertex 16.8107 99.8588 0
      vertex 13.7 88.7 0
      vertex 16.7278 100.276 0
    endloop
  endfacet
  facet normal -0 0 -1
    outer loop
      vertex 16.9474 99.4563 0
      vertex 13.7 88.7 0
      vertex 16.8107 99.8588 0
    endloop
  endfacet
  facet normal -0 0 -1
    outer loop
      vertex 17.1354 99.075 0
      vertex 13.7 88.7 0
      vertex 16.9474 99.4563 0
    endloop
  endfacet
  facet normal -0 0 -1
    outer loop
      vertex 17.3716 98.7215 0
      vertex 13.7 88.7 0
      vertex 17.1354 99.075 0
    endloop
  endfacet
  facet normal -0 0 -1
    outer loop
      vertex 17.6519 98.4019 0
      vertex 13.7 88.7 0
      vertex 17.3716 98.7215 0
    endloop
  endfacet
  facet normal -0 0 -1
    outer loop
      vertex 17.9715 98.1216 0
      vertex 13.7 88.7 0
      vertex 17.6519 98.4019 0
    endloop
  endfacet
  facet normal 0 0 -1
    outer loop
      vertex 13.7 68.7 0
      vertex 27.7 74.7 0
      vertex 27.7 68.7 0
    endloop
  endfacet
  facet normal -0 0 -1
    outer loop
      vertex 27.7 74.7 0
      vertex 13.7 68.7 0
      vertex 13.7 74.7 0
    endloop
  endfacet
  facet normal 0 0 -1
    outer loop
      vertex 13.7 48.7 0
      vertex 27.7 54.7 0
      vertex 27.7 48.7 0
    endloop
  endfacet
  facet normal -0 0 -1
    outer loop
      vertex 27.7 54.7 0
      vertex 13.7 48.7 0
      vertex 13.7 54.7 0
    endloop
  endfacet
  facet normal 0 0 -1
    outer loop
      vertex 13.7 28.7 0
      vertex 27.7 34.7 0
      vertex 27.7 28.7 0
    endloop
  endfacet
  facet normal -0 0 -1
    outer loop
      vertex 27.7 34.7 0
      vertex 13.7 28.7 0
      vertex 13.7 34.7 0
    endloop
  endfacet
  facet normal 0 0 -1
    outer loop
      vertex 33.7 68.7 0
      vertex 47.7 74.7 0
      vertex 47.7 68.7 0
    endloop
  endfacet
  facet normal -0 0 -1
    outer loop
      vertex 47.7 74.7 0
      vertex 33.7 68.7 0
      vertex 33.7 74.7 0
    endloop
  endfacet
  facet normal 0 0 -1
    outer loop
      vertex 33.7 48.7 0
      vertex 47.7 54.7 0
      vertex 47.7 48.7 0
    endloop
  endfacet
  facet normal -0 0 -1
    outer loop
      vertex 47.7 54.7 0
      vertex 33.7 48.7 0
      vertex 33.7 54.7 0
    endloop
  endfacet
  facet normal 0 0 -1
    outer loop
      vertex 33.7 28.7 0
      vertex 47.7 34.7 0
      vertex 47.7 28.7 0
    endloop
  endfacet
  facet normal -0 0 -1
    outer loop
      vertex 47.7 34.7 0
      vertex 33.7 28.7 0
      vertex 33.7 34.7 0
    endloop
  endfacet
  facet normal 0 0 -1
    outer loop
      vertex 53.7 88.7 0
      vertex 64.32 95.2 0
      vertex 67.7 88.7 0
    endloop
  endfacet
  facet normal 0 0 -1
    outer loop
      vertex 53.7 34.7 0
      vertex 47.7 34.7 0
      vertex 53.7 48.7 0
    endloop
  endfacet
  facet normal 0 0 -1
    outer loop
      vertex 47.7 54.7 0
      vertex 53.7 54.7 0
      vertex 47.7 48.7 0
    endloop
  endfacet
  facet normal 0 0 -1
    outer loop
      vertex 53.7 48.7 0
      vertex 47.7 48.7 0
      vertex 53.7 54.7 0
    endloop
  endfacet
  facet normal 0 0 -1
    outer loop
      vertex 47.7 28.7 0
      vertex 53.1401 3.40364 0
      vertex 53.0187 3.65 0
    endloop
  endfacet
  facet normal 0 0 -1
    outer loop
      vertex 47.7 28.7 0
      vertex 53.0187 3.65 0
      vertex 52.866 3.8784 0
    endloop
  endfacet
  facet normal 0 0 -1
    outer loop
      vertex 47.7 14.7 0
      vertex 52.866 3.8784 0
      vertex 52.6849 4.08492 0
    endloop
  endfacet
  facet normal 0 0 -1
    outer loop
      vertex 47.7 14.7 0
      vertex 52.6849 4.08492 0
      vertex 52.4784 4.26604 0
    endloop
  endfacet
  facet normal 0 0 -1
    outer loop
      vertex 47.7 14.7 0
      vertex 52.4784 4.26604 0
      vertex 52.25 4.41865 0
    endloop
  endfacet
  facet normal 0 0 -1
    outer loop
      vertex 47.7 14.7 0
      vertex 52.25 4.41865 0
      vertex 52.0036 4.54015 0
    endloop
  endfacet
  facet normal 0 0 -1
    outer loop
      vertex 47.7 14.7 0
      vertex 52.0036 4.54015 0
      vertex 51.7435 4.62844 0
    endloop
  endfacet
  facet normal 0 0 -1
    outer loop
      vertex 47.7 14.7 0
      vertex 51.7435 4.62844 0
      vertex 51.4741 4.68203 0
    endloop
  endfacet
  facet normal 0 0 -1
    outer loop
      vertex 47.7 14.7 0
      vertex 51.4741 4.68203 0
      vertex 51.2 4.7 0
    endloop
  endfacet
  facet normal 0 0 -1
    outer loop
      vertex 47.7 14.7 0
      vertex 51.2 4.7 0
      vertex 50.9259 4.68203 0
    endloop
  endfacet
  facet normal 0 0 -1
    outer loop
      vertex 47.7 14.7 0
      vertex 50.9259 4.68203 0
      vertex 50.6565 4.62844 0
    endloop
  endfacet
  facet normal 0 0 -1
    outer loop
      vertex 47.7 14.7 0
      vertex 50.6565 4.62844 0
      vertex 50.3964 4.54015 0
    endloop
  endfacet
  facet normal 0 0 -1
    outer loop
      vertex 47.7 14.7 0
      vertex 50.3964 4.54015 0
      vertex 50.15 4.41865 0
    endloop
  endfacet
  facet normal 0 0 -1
    outer loop
      vertex 47.7 14.7 0
      vertex 50.15 4.41865 0
      vertex 49.9216 4.26604 0
    endloop
  endfacet
  facet normal 0 0 -1
    outer loop
      vertex 47.7 14.7 0
      vertex 49.9216 4.26604 0
      vertex 49.7151 4.08492 0
    endloop
  endfacet
  facet normal 0 0 -1
    outer loop
      vertex 47.7 14.7 0
      vertex 49.7151 4.08492 0
      vertex 49.534 3.8784 0
    endloop
  endfacet
  facet normal 0 0 -1
    outer loop
      vertex 47.7 14.7 0
      vertex 49.534 3.8784 0
      vertex 49.3813 3.65 0
    endloop
  endfacet
  facet normal 0 0 -1
    outer loop
      vertex 33.7 14.7 0
      vertex 49.3813 3.65 0
      vertex 49.2599 3.40364 0
    endloop
  endfacet
  facet normal 0 0 -1
    outer loop
      vertex 33.7 14.7 0
      vertex 49.2599 3.40364 0
      vertex 49.1716 3.14352 0
    endloop
  endfacet
  facet normal 0 0 -1
    outer loop
      vertex 33.7 14.7 0
      vertex 49.1716 3.14352 0
      vertex 49.118 2.8741 0
    endloop
  endfacet
  facet normal 0 0 -1
    outer loop
      vertex 33.7 14.7 0
      vertex 49.118 2.8741 0
      vertex 49.1 2.6 0
    endloop
  endfacet
  facet normal 0 0 -1
    outer loop
      vertex 52.866 3.8784 0
      vertex 47.7 14.7 0
      vertex 47.7 28.7 0
    endloop
  endfacet
  facet normal 0 0 -1
    outer loop
      vertex 47.7 48.7 0
      vertex 53.7 48.7 0
      vertex 47.7 34.7 0
    endloop
  endfacet
  facet normal 0 0 -1
    outer loop
      vertex 53.7 54.7 0
      vertex 47.7 54.7 0
      vertex 53.7 68.7 0
    endloop
  endfacet
  facet normal 0 0 -1
    outer loop
      vertex 47.7 68.7 0
      vertex 53.7 68.7 0
      vertex 47.7 54.7 0
    endloop
  endfacet
  facet normal 0 0 -1
    outer loop
      vertex 53.7 68.7 0
      vertex 47.7 68.7 0
      vertex 53.7 74.7 0
    endloop
  endfacet
  facet normal 0 0 -1
    outer loop
      vertex 47.7 74.7 0
      vertex 53.7 74.7 0
      vertex 47.7 68.7 0
    endloop
  endfacet
  facet normal 0 0 -1
    outer loop
      vertex 53.7 74.7 0
      vertex 47.7 74.7 0
      vertex 53.7 88.7 0
    endloop
  endfacet
  facet normal 0 0 -1
    outer loop
      vertex 47.7 88.7 0
      vertex 53.7 88.7 0
      vertex 47.7 74.7 0
    endloop
  endfacet
  facet normal 0 0 -1
    outer loop
      vertex 38.32 95.2 0
      vertex 53.7 88.7 0
      vertex 47.7 88.7 0
    endloop
  endfacet
  facet normal 0 0 -1
    outer loop
      vertex 53.7 88.7 0
      vertex 38.32 95.2 0
      vertex 64.32 95.2 0
    endloop
  endfacet
  facet normal 0 0 -1
    outer loop
      vertex 27.7 88.7 0
      vertex 38.32 95.2 0
      vertex 33.7 88.7 0
    endloop
  endfacet
  facet normal 0 0 -1
    outer loop
      vertex 33.7 88.7 0
      vertex 38.32 95.2 0
      vertex 47.7 88.7 0
    endloop
  endfacet
  facet normal 0 0 -1
    outer loop
      vertex 53.7 68.7 0
      vertex 67.7 74.7 0
      vertex 67.7 68.7 0
    endloop
  endfacet
  facet normal -0 0 -1
    outer loop
      vertex 67.7 74.7 0
      vertex 53.7 68.7 0
      vertex 53.7 74.7 0
    endloop
  endfacet
  facet normal 0 0 -1
    outer loop
      vertex 53.7 48.7 0
      vertex 67.7 54.7 0
      vertex 67.7 48.7 0
    endloop
  endfacet
  facet normal -0 0 -1
    outer loop
      vertex 67.7 54.7 0
      vertex 53.7 48.7 0
      vertex 53.7 54.7 0
    endloop
  endfacet
  facet normal 0 0 -1
    outer loop
      vertex 53.7 28.7 0
      vertex 67.7 34.7 0
      vertex 67.7 28.7 0
    endloop
  endfacet
  facet normal -0 0 -1
    outer loop
      vertex 67.7 34.7 0
      vertex 53.7 28.7 0
      vertex 53.7 34.7 0
    endloop
  endfacet
  facet normal 0 0 -1
    outer loop
      vertex 99.8 114.2 0
      vertex 84.6722 100.276 0
      vertex 84.7 100.7 0
    endloop
  endfacet
  facet normal 0 0 -1
    outer loop
      vertex 87.7 88.7 0
      vertex 84.5893 99.8588 0
      vertex 84.6722 100.276 0
    endloop
  endfacet
  facet normal 0 0 -1
    outer loop
      vertex 87.7 88.7 0
      vertex 84.4526 99.4563 0
      vertex 84.5893 99.8588 0
    endloop
  endfacet
  facet normal 0 0 -1
    outer loop
      vertex 87.7 88.7 0
      vertex 84.2646 99.075 0
      vertex 84.4526 99.4563 0
    endloop
  endfacet
  facet normal 0 0 -1
    outer loop
      vertex 87.7 88.7 0
      vertex 84.0284 98.7215 0
      vertex 84.2646 99.075 0
    endloop
  endfacet
  facet normal 0 0 -1
    outer loop
      vertex 87.7 88.7 0
      vertex 83.7481 98.4019 0
      vertex 84.0284 98.7215 0
    endloop
  endfacet
  facet normal 0 0 -1
    outer loop
      vertex 87.7 88.7 0
      vertex 83.4285 98.1216 0
      vertex 83.7481 98.4019 0
    endloop
  endfacet
  facet normal 0 0 -1
    outer loop
      vertex 87.7 88.7 0
      vertex 83.075 97.8854 0
      vertex 83.4285 98.1216 0
    endloop
  endfacet
  facet normal 0 0 -1
    outer loop
      vertex 87.7 88.7 0
      vertex 82.6937 97.6974 0
      vertex 83.075 97.8854 0
    endloop
  endfacet
  facet normal 0 0 -1
    outer loop
      vertex 87.7 88.7 0
      vertex 82.2912 97.5607 0
      vertex 82.6937 97.6974 0
    endloop
  endfacet
  facet normal 0 0 -1
    outer loop
      vertex 87.7 88.7 0
      vertex 81.8742 97.4778 0
      vertex 82.2912 97.5607 0
    endloop
  endfacet
  facet normal 0 0 -1
    outer loop
      vertex 87.7 88.7 0
      vertex 81.45 97.45 0
      vertex 81.8742 97.4778 0
    endloop
  endfacet
  facet normal 0 0 -1
    outer loop
      vertex 87.7 88.7 0
      vertex 81.0258 97.4778 0
      vertex 81.45 97.45 0
    endloop
  endfacet
  facet normal 0 0 -1
    outer loop
      vertex 73.7 88.7 0
      vertex 81.0258 97.4778 0
      vertex 87.7 88.7 0
    endloop
  endfacet
  facet normal -0 0 -1
    outer loop
      vertex 81.0258 97.4778 0
      vertex 73.7 88.7 0
      vertex 80.6088 97.5607 0
    endloop
  endfacet
  facet normal -0 0 -1
    outer loop
      vertex 80.6088 97.5607 0
      vertex 73.7 88.7 0
      vertex 80.2063 97.6974 0
    endloop
  endfacet
  facet normal -0 0 -1
    outer loop
      vertex 80.2063 97.6974 0
      vertex 73.7 88.7 0
      vertex 79.825 97.8854 0
    endloop
  endfacet
  facet normal -0 0 -1
    outer loop
      vertex 79.825 97.8854 0
      vertex 73.7 88.7 0
      vertex 79.4715 98.1216 0
    endloop
  endfacet
  facet normal -0 0 -1
    outer loop
      vertex 78.3107 99.8588 0
      vertex 64.32 95.2 0
      vertex 78.2278 100.276 0
    endloop
  endfacet
  facet normal -0 0 -1
    outer loop
      vertex 78.4474 99.4563 0
      vertex 64.32 95.2 0
      vertex 78.3107 99.8588 0
    endloop
  endfacet
  facet normal 0 0 -1
    outer loop
      vertex 64.32 95.2 0
      vertex 78.4474 99.4563 0
      vertex 73.7 88.7 0
    endloop
  endfacet
  facet normal -0 0 -1
    outer loop
      vertex 78.6354 99.075 0
      vertex 73.7 88.7 0
      vertex 78.4474 99.4563 0
    endloop
  endfacet
  facet normal -0 0 -1
    outer loop
      vertex 78.8716 98.7215 0
      vertex 73.7 88.7 0
      vertex 78.6354 99.075 0
    endloop
  endfacet
  facet normal -0 0 -1
    outer loop
      vertex 79.1519 98.4019 0
      vertex 73.7 88.7 0
      vertex 78.8716 98.7215 0
    endloop
  endfacet
  facet normal -0 0 -1
    outer loop
      vertex 79.4715 98.1216 0
      vertex 73.7 88.7 0
      vertex 79.1519 98.4019 0
    endloop
  endfacet
  facet normal 0 0 -1
    outer loop
      vertex 73.7 68.7 0
      vertex 87.7 74.7 0
      vertex 87.7 68.7 0
    endloop
  endfacet
  facet normal -0 0 -1
    outer loop
      vertex 87.7 74.7 0
      vertex 73.7 68.7 0
      vertex 73.7 74.7 0
    endloop
  endfacet
  facet normal 0 0 -1
    outer loop
      vertex 73.7 48.7 0
      vertex 87.7 54.7 0
      vertex 87.7 48.7 0
    endloop
  endfacet
  facet normal -0 0 -1
    outer loop
      vertex 87.7 54.7 0
      vertex 73.7 48.7 0
      vertex 73.7 54.7 0
    endloop
  endfacet
  facet normal 0 0 -1
    outer loop
      vertex 73.7 28.7 0
      vertex 87.7 34.7 0
      vertex 87.7 28.7 0
    endloop
  endfacet
  facet normal -0 0 -1
    outer loop
      vertex 87.7 34.7 0
      vertex 73.7 28.7 0
      vertex 73.7 34.7 0
    endloop
  endfacet
  facet normal 0 0 -1
    outer loop
      vertex 101.882 116.026 0
      vertex 102.4 118.9 0
      vertex 102.4 0 0
    endloop
  endfacet
  facet normal 0 0 -1
    outer loop
      vertex 102.4 118.9 0
      vertex 101.882 116.026 0
      vertex 101.9 116.3 0
    endloop
  endfacet
  facet normal 0 0 -1
    outer loop
      vertex 102.4 0 0
      vertex 101.828 115.756 0
      vertex 101.882 116.026 0
    endloop
  endfacet
  facet normal 0 0 -1
    outer loop
      vertex 102.4 0 0
      vertex 101.74 115.496 0
      vertex 101.828 115.756 0
    endloop
  endfacet
  facet normal 0 0 -1
    outer loop
      vertex 102.4 0 0
      vertex 101.619 115.25 0
      vertex 101.74 115.496 0
    endloop
  endfacet
  facet normal 0 0 -1
    outer loop
      vertex 87.7 54.7 0
      vertex 101.619 115.25 0
      vertex 102.4 0 0
    endloop
  endfacet
  facet normal 0 0 -1
    outer loop
      vertex 87.7 68.7 0
      vertex 101.619 115.25 0
      vertex 87.7 54.7 0
    endloop
  endfacet
  facet normal 0 0 -1
    outer loop
      vertex 101.619 115.25 0
      vertex 87.7 68.7 0
      vertex 101.466 115.022 0
    endloop
  endfacet
  facet normal 0 0 -1
    outer loop
      vertex 87.7 74.7 0
      vertex 101.466 115.022 0
      vertex 87.7 68.7 0
    endloop
  endfacet
  facet normal 0 0 -1
    outer loop
      vertex 101.466 115.022 0
      vertex 87.7 74.7 0
      vertex 101.285 114.815 0
    endloop
  endfacet
  facet normal 0 0 -1
    outer loop
      vertex 87.7 88.7 0
      vertex 101.285 114.815 0
      vertex 87.7 74.7 0
    endloop
  endfacet
  facet normal 0 0 -1
    outer loop
      vertex 101.285 114.815 0
      vertex 87.7 88.7 0
      vertex 101.078 114.634 0
    endloop
  endfacet
  facet normal 0 0 -1
    outer loop
      vertex 101.078 114.634 0
      vertex 87.7 88.7 0
      vertex 100.85 114.481 0
    endloop
  endfacet
  facet normal 0 0 -1
    outer loop
      vertex 100.85 114.481 0
      vertex 87.7 88.7 0
      vertex 100.604 114.36 0
    endloop
  endfacet
  facet normal 0 0 -1
    outer loop
      vertex 100.604 114.36 0
      vertex 87.7 88.7 0
      vertex 100.344 114.272 0
    endloop
  endfacet
  facet normal 0 0 -1
    outer loop
      vertex 100.344 114.272 0
      vertex 87.7 88.7 0
      vertex 100.074 114.218 0
    endloop
  endfacet
  facet normal 0 0 -1
    outer loop
      vertex 84.6722 100.276 0
      vertex 99.8 114.2 0
      vertex 87.7 88.7 0
    endloop
  endfacet
  facet normal -0 0 -1
    outer loop
      vertex 99.8 114.2 0
      vertex 84.7 100.7 0
      vertex 99.5259 114.218 0
    endloop
  endfacet
  facet normal 0 0 -1
    outer loop
      vertex 84.6722 101.124 0
      vertex 99.5259 114.218 0
      vertex 84.7 100.7 0
    endloop
  endfacet
  facet normal -0 0 -1
    outer loop
      vertex 99.5259 114.218 0
      vertex 84.6722 101.124 0
      vertex 99.2565 114.272 0
    endloop
  endfacet
  facet normal 0 0 -1
    outer loop
      vertex 84.5893 101.541 0
      vertex 99.2565 114.272 0
      vertex 84.6722 101.124 0
    endloop
  endfacet
  facet normal -0 0 -1
    outer loop
      vertex 99.2565 114.272 0
      vertex 84.5893 101.541 0
      vertex 98.9964 114.36 0
    endloop
  endfacet
  facet normal -0 0 -1
    outer loop
      vertex 98.9964 114.36 0
      vertex 84.5893 101.541 0
      vertex 98.75 114.481 0
    endloop
  endfacet
  facet normal 0 0 -1
    outer loop
      vertex 84.4526 101.944 0
      vertex 98.75 114.481 0
      vertex 84.5893 101.541 0
    endloop
  endfacet
  facet normal -0 0 -1
    outer loop
      vertex 98.75 114.481 0
      vertex 84.4526 101.944 0
      vertex 98.5216 114.634 0
    endloop
  endfacet
  facet normal 0 0 -1
    outer loop
      vertex 87.7 28.7 0
      vertex 102.4 0 0
      vertex 87.7 14.7 0
    endloop
  endfacet
  facet normal 0 0 -1
    outer loop
      vertex 102.4 0 0
      vertex 73.7 14.7 0
      vertex 87.7 14.7 0
    endloop
  endfacet
  facet normal 0 0 -1
    outer loop
      vertex 67.7 28.7 0
      vertex 73.7 28.7 0
      vertex 73.7 14.7 0
    endloop
  endfacet
  facet normal 0 0 -1
    outer loop
      vertex 73.7 28.7 0
      vertex 67.7 28.7 0
      vertex 73.7 34.7 0
    endloop
  endfacet
  facet normal 0 0 -1
    outer loop
      vertex 73.7 34.7 0
      vertex 67.7 34.7 0
      vertex 73.7 48.7 0
    endloop
  endfacet
  facet normal 0 0 -1
    outer loop
      vertex 67.7 48.7 0
      vertex 73.7 48.7 0
      vertex 67.7 34.7 0
    endloop
  endfacet
  facet normal 0 0 -1
    outer loop
      vertex 67.7 54.7 0
      vertex 73.7 54.7 0
      vertex 67.7 48.7 0
    endloop
  endfacet
  facet normal 0 0 -1
    outer loop
      vertex 73.7 54.7 0
      vertex 67.7 54.7 0
      vertex 73.7 68.7 0
    endloop
  endfacet
  facet normal 0 0 -1
    outer loop
      vertex 67.7 28.7 0
      vertex 73.7 14.7 0
      vertex 67.7 14.7 0
    endloop
  endfacet
  facet normal 0 0 -1
    outer loop
      vertex 53.0187 1.55 0
      vertex 73.7 14.7 0
      vertex 102.4 0 0
    endloop
  endfacet
  facet normal 0 -0 -1
    outer loop
      vertex 53.1401 1.79636 0
      vertex 73.7 14.7 0
      vertex 53.0187 1.55 0
    endloop
  endfacet
  facet normal 0 0 -1
    outer loop
      vertex 53.2284 3.14352 0
      vertex 67.7 14.7 0
      vertex 53.282 2.8741 0
    endloop
  endfacet
  facet normal 0 0 -1
    outer loop
      vertex 53.1401 3.40364 0
      vertex 67.7 14.7 0
      vertex 53.2284 3.14352 0
    endloop
  endfacet
  facet normal -0 0 -1
    outer loop
      vertex 67.7 14.7 0
      vertex 53.1401 3.40364 0
      vertex 53.7 14.7 0
    endloop
  endfacet
  facet normal 0 0 -1
    outer loop
      vertex 47.7 28.7 0
      vertex 53.7 14.7 0
      vertex 53.1401 3.40364 0
    endloop
  endfacet
  facet normal 0 0 -1
    outer loop
      vertex 53.7 14.7 0
      vertex 47.7 28.7 0
      vertex 53.7 28.7 0
    endloop
  endfacet
  facet normal 0 0 -1
    outer loop
      vertex 53.7 28.7 0
      vertex 47.7 28.7 0
      vertex 53.7 34.7 0
    endloop
  endfacet
  facet normal 0 0 -1
    outer loop
      vertex 47.7 34.7 0
      vertex 53.7 34.7 0
      vertex 47.7 28.7 0
    endloop
  endfacet
  facet normal 0 0 -1
    outer loop
      vertex 53.282 2.8741 0
      vertex 67.7 14.7 0
      vertex 53.3 2.6 0
    endloop
  endfacet
  facet normal 0 0 -1
    outer loop
      vertex 67.7 14.7 0
      vertex 53.282 2.32589 0
      vertex 53.3 2.6 0
    endloop
  endfacet
  facet normal 0 0 -1
    outer loop
      vertex 67.7 14.7 0
      vertex 53.2284 2.05648 0
      vertex 53.282 2.32589 0
    endloop
  endfacet
  facet normal -0 0 -1
    outer loop
      vertex 73.7 14.7 0
      vertex 53.2284 2.05648 0
      vertex 67.7 14.7 0
    endloop
  endfacet
  facet normal 0 -0 -1
    outer loop
      vertex 53.2284 2.05648 0
      vertex 73.7 14.7 0
      vertex 53.1401 1.79636 0
    endloop
  endfacet
  facet normal 0 0 -1
    outer loop
      vertex 102.4 0 0
      vertex 52.866 1.3216 0
      vertex 53.0187 1.55 0
    endloop
  endfacet
  facet normal 0 0 -1
    outer loop
      vertex 102.4 0 0
      vertex 52.6849 1.11508 0
      vertex 52.866 1.3216 0
    endloop
  endfacet
  facet normal 0 0 -1
    outer loop
      vertex 102.4 0 0
      vertex 52.4784 0.933957 0
      vertex 52.6849 1.11508 0
    endloop
  endfacet
  facet normal 0 0 -1
    outer loop
      vertex 102.4 0 0
      vertex 52.25 0.781346 0
      vertex 52.4784 0.933957 0
    endloop
  endfacet
  facet normal 0 0 -1
    outer loop
      vertex 102.4 0 0
      vertex 52.0036 0.659853 0
      vertex 52.25 0.781346 0
    endloop
  endfacet
  facet normal 0 0 -1
    outer loop
      vertex 102.4 0 0
      vertex 51.7435 0.571555 0
      vertex 52.0036 0.659853 0
    endloop
  endfacet
  facet normal 0 0 -1
    outer loop
      vertex 102.4 0 0
      vertex 51.4741 0.517965 0
      vertex 51.7435 0.571555 0
    endloop
  endfacet
  facet normal 0 0 -1
    outer loop
      vertex 102.4 0 0
      vertex 51.2 0.5 0
      vertex 51.4741 0.517965 0
    endloop
  endfacet
  facet normal 0 0 -1
    outer loop
      vertex 33.7 14.7 0
      vertex 49.1 2.6 0
      vertex 49.118 2.32589 0
    endloop
  endfacet
  facet normal 0 0 -1
    outer loop
      vertex 49.3813 3.65 0
      vertex 33.7 14.7 0
      vertex 47.7 14.7 0
    endloop
  endfacet
  facet normal 0 0 -1
    outer loop
      vertex 49.1716 2.05648 0
      vertex 33.7 14.7 0
      vertex 49.118 2.32589 0
    endloop
  endfacet
  facet normal 0 0 -1
    outer loop
      vertex 49.2599 1.79636 0
      vertex 33.7 14.7 0
      vertex 49.1716 2.05648 0
    endloop
  endfacet
  facet normal 0 0 -1
    outer loop
      vertex 27.7 14.7 0
      vertex 49.2599 1.79636 0
      vertex 49.3813 1.55 0
    endloop
  endfacet
  facet normal 0 0 -1
    outer loop
      vertex 0 0 0
      vertex 49.3813 1.55 0
      vertex 49.534 1.3216 0
    endloop
  endfacet
  facet normal 0 0 -1
    outer loop
      vertex 0 0 0
      vertex 49.534 1.3216 0
      vertex 49.7151 1.11508 0
    endloop
  endfacet
  facet normal 0 0 -1
    outer loop
      vertex 0 0 0
      vertex 49.7151 1.11508 0
      vertex 49.9216 0.933957 0
    endloop
  endfacet
  facet normal 0 0 -1
    outer loop
      vertex 27.7 28.7 0
      vertex 33.7 28.7 0
      vertex 33.7 14.7 0
    endloop
  endfacet
  facet normal 0 0 -1
    outer loop
      vertex 33.7 28.7 0
      vertex 27.7 28.7 0
      vertex 33.7 34.7 0
    endloop
  endfacet
  facet normal 0 0 -1
    outer loop
      vertex 33.7 34.7 0
      vertex 27.7 34.7 0
      vertex 33.7 48.7 0
    endloop
  endfacet
  facet normal 0 0 -1
    outer loop
      vertex 27.7 48.7 0
      vertex 33.7 48.7 0
      vertex 27.7 34.7 0
    endloop
  endfacet
  facet normal 0 0 -1
    outer loop
      vertex 27.7 54.7 0
      vertex 33.7 54.7 0
      vertex 27.7 48.7 0
    endloop
  endfacet
  facet normal 0 0 -1
    outer loop
      vertex 33.7 54.7 0
      vertex 27.7 54.7 0
      vertex 33.7 68.7 0
    endloop
  endfacet
  facet normal 0 0 -1
    outer loop
      vertex 27.7 28.7 0
      vertex 33.7 14.7 0
      vertex 27.7 14.7 0
    endloop
  endfacet
  facet normal 0 0 -1
    outer loop
      vertex 49.2599 1.79636 0
      vertex 27.7 14.7 0
      vertex 33.7 14.7 0
    endloop
  endfacet
  facet normal 0 0 -1
    outer loop
      vertex 0 0 0
      vertex 49.9216 0.933957 0
      vertex 50.15 0.781346 0
    endloop
  endfacet
  facet normal -0 0 -1
    outer loop
      vertex 49.3813 1.55 0
      vertex 0 0 0
      vertex 27.7 14.7 0
    endloop
  endfacet
  facet normal 0 0 -1
    outer loop
      vertex 0 0 0
      vertex 50.15 0.781346 0
      vertex 50.3964 0.659853 0
    endloop
  endfacet
  facet normal 0 0 -1
    outer loop
      vertex 0 0 0
      vertex 13.7 28.7 0
      vertex 13.7 14.7 0
    endloop
  endfacet
  facet normal -0 0 -1
    outer loop
      vertex 13.7 28.7 0
      vertex 0 0 0
      vertex 13.7 34.7 0
    endloop
  endfacet
  facet normal -0 0 -1
    outer loop
      vertex 13.7 34.7 0
      vertex 0 0 0
      vertex 13.7 48.7 0
    endloop
  endfacet
  facet normal -0 0 -1
    outer loop
      vertex 13.7 48.7 0
      vertex 0 0 0
      vertex 13.7 54.7 0
    endloop
  endfacet
  facet normal 0 -0 -1
    outer loop
      vertex 0.781346 115.25 0
      vertex 13.7 54.7 0
      vertex 0 0 0
    endloop
  endfacet
  facet normal 0 0 -1
    outer loop
      vertex 13.7 54.7 0
      vertex 0.781346 115.25 0
      vertex 13.7 68.7 0
    endloop
  endfacet
  facet normal 0 0 -1
    outer loop
      vertex 13.7 68.7 0
      vertex 0.781346 115.25 0
      vertex 13.7 74.7 0
    endloop
  endfacet
  facet normal 0 0 -1
    outer loop
      vertex 16.7278 100.276 0
      vertex 4.68203 116.026 0
      vertex 4.7 116.3 0
    endloop
  endfacet
  facet normal 0 0 -1
    outer loop
      vertex 16.7278 100.276 0
      vertex 4.62844 115.756 0
      vertex 4.68203 116.026 0
    endloop
  endfacet
  facet normal 0 0 -1
    outer loop
      vertex 16.7278 100.276 0
      vertex 4.54015 115.496 0
      vertex 4.62844 115.756 0
    endloop
  endfacet
  facet normal 0 0 -1
    outer loop
      vertex 16.7278 100.276 0
      vertex 4.41865 115.25 0
      vertex 4.54015 115.496 0
    endloop
  endfacet
  facet normal 0 0 -1
    outer loop
      vertex 16.7278 100.276 0
      vertex 4.26604 115.022 0
      vertex 4.41865 115.25 0
    endloop
  endfacet
  facet normal 0 0 -1
    outer loop
      vertex 16.7278 100.276 0
      vertex 4.08492 114.815 0
      vertex 4.26604 115.022 0
    endloop
  endfacet
  facet normal 0 0 -1
    outer loop
      vertex 16.7278 100.276 0
      vertex 3.8784 114.634 0
      vertex 4.08492 114.815 0
    endloop
  endfacet
  facet normal 0 0 -1
    outer loop
      vertex 16.7278 100.276 0
      vertex 3.65 114.481 0
      vertex 3.8784 114.634 0
    endloop
  endfacet
  facet normal 0 0 -1
    outer loop
      vertex 16.7278 100.276 0
      vertex 3.40364 114.36 0
      vertex 3.65 114.481 0
    endloop
  endfacet
  facet normal 0 0 -1
    outer loop
      vertex 16.7278 100.276 0
      vertex 3.14352 114.272 0
      vertex 3.40364 114.36 0
    endloop
  endfacet
  facet normal 0 0 -1
    outer loop
      vertex 16.7278 100.276 0
      vertex 2.8741 114.218 0
      vertex 3.14352 114.272 0
    endloop
  endfacet
  facet normal 0 0 -1
    outer loop
      vertex 16.7278 100.276 0
      vertex 2.6 114.2 0
      vertex 2.8741 114.218 0
    endloop
  endfacet
  facet normal 0 0 -1
    outer loop
      vertex 16.7278 100.276 0
      vertex 2.32589 114.218 0
      vertex 2.6 114.2 0
    endloop
  endfacet
  facet normal 0 0 -1
    outer loop
      vertex 13.7 88.7 0
      vertex 2.05648 114.272 0
      vertex 2.32589 114.218 0
    endloop
  endfacet
  facet normal 0 0 -1
    outer loop
      vertex 13.7 88.7 0
      vertex 1.79636 114.36 0
      vertex 2.05648 114.272 0
    endloop
  endfacet
  facet normal 0 0 -1
    outer loop
      vertex 13.7 88.7 0
      vertex 1.55 114.481 0
      vertex 1.79636 114.36 0
    endloop
  endfacet
  facet normal 0 0 -1
    outer loop
      vertex 13.7 88.7 0
      vertex 1.3216 114.634 0
      vertex 1.55 114.481 0
    endloop
  endfacet
  facet normal -0 -0 -1
    outer loop
      vertex 1.11508 114.815 0
      vertex 13.7 74.7 0
      vertex 0.933957 115.022 0
    endloop
  endfacet
  facet normal 0 0 -1
    outer loop
      vertex 13.7 88.7 0
      vertex 1.11508 114.815 0
      vertex 1.3216 114.634 0
    endloop
  endfacet
  facet normal 0 0 -1
    outer loop
      vertex 13.7 74.7 0
      vertex 1.11508 114.815 0
      vertex 13.7 88.7 0
    endloop
  endfacet
  facet normal 0 0 -1
    outer loop
      vertex 13.7 74.7 0
      vertex 0.781346 115.25 0
      vertex 0.933957 115.022 0
    endloop
  endfacet
  facet normal -0 0 -1
    outer loop
      vertex 0.781346 115.25 0
      vertex 0 0 0
      vertex 0.659853 115.496 0
    endloop
  endfacet
  facet normal -0 0 -1
    outer loop
      vertex 0.659853 115.496 0
      vertex 0 0 0
      vertex 0.571555 115.756 0
    endloop
  endfacet
  facet normal 0 0 -1
    outer loop
      vertex 0 118.9 0
      vertex 0.517965 116.026 0
      vertex 0 0 0
    endloop
  endfacet
  facet normal -0 0 -1
    outer loop
      vertex 0.571555 115.756 0
      vertex 0 0 0
      vertex 0.517965 116.026 0
    endloop
  endfacet
  facet normal -0 0 -1
    outer loop
      vertex 27.7 14.7 0
      vertex 0 0 0
      vertex 13.7 14.7 0
    endloop
  endfacet
  facet normal -0 0 -1
    outer loop
      vertex 50.6565 0.571555 0
      vertex 0 0 0
      vertex 50.3964 0.659853 0
    endloop
  endfacet
  facet normal -0 0 -1
    outer loop
      vertex 50.9259 0.517965 0
      vertex 0 0 0
      vertex 50.6565 0.571555 0
    endloop
  endfacet
  facet normal -0 0 -1
    outer loop
      vertex 51.2 0.5 0
      vertex 0 0 0
      vertex 50.9259 0.517965 0
    endloop
  endfacet
  facet normal 0 0 -1
    outer loop
      vertex 0 0 0
      vertex 51.2 0.5 0
      vertex 102.4 0 0
    endloop
  endfacet
  facet normal 0 0 -1
    outer loop
      vertex 101.882 116.574 0
      vertex 102.4 118.9 0
      vertex 101.9 116.3 0
    endloop
  endfacet
  facet normal 0 0 -1
    outer loop
      vertex 101.828 116.844 0
      vertex 102.4 118.9 0
      vertex 101.882 116.574 0
    endloop
  endfacet
  facet normal 0 0 -1
    outer loop
      vertex 101.74 117.104 0
      vertex 102.4 118.9 0
      vertex 101.828 116.844 0
    endloop
  endfacet
  facet normal 0 0 -1
    outer loop
      vertex 101.619 117.35 0
      vertex 102.4 118.9 0
      vertex 101.74 117.104 0
    endloop
  endfacet
  facet normal 0 0 -1
    outer loop
      vertex 101.466 117.578 0
      vertex 102.4 118.9 0
      vertex 101.619 117.35 0
    endloop
  endfacet
  facet normal 0 0 -1
    outer loop
      vertex 101.285 117.785 0
      vertex 102.4 118.9 0
      vertex 101.466 117.578 0
    endloop
  endfacet
  facet normal 0 0 -1
    outer loop
      vertex 101.078 117.966 0
      vertex 102.4 118.9 0
      vertex 101.285 117.785 0
    endloop
  endfacet
  facet normal 0 0 -1
    outer loop
      vertex 100.85 118.119 0
      vertex 102.4 118.9 0
      vertex 101.078 117.966 0
    endloop
  endfacet
  facet normal 0 0 -1
    outer loop
      vertex 100.604 118.24 0
      vertex 102.4 118.9 0
      vertex 100.85 118.119 0
    endloop
  endfacet
  facet normal 0 0 -1
    outer loop
      vertex 100.344 118.328 0
      vertex 102.4 118.9 0
      vertex 100.604 118.24 0
    endloop
  endfacet
  facet normal 0 0 -1
    outer loop
      vertex 100.074 118.382 0
      vertex 102.4 118.9 0
      vertex 100.344 118.328 0
    endloop
  endfacet
  facet normal 0 0 -1
    outer loop
      vertex 99.8 118.4 0
      vertex 102.4 118.9 0
      vertex 100.074 118.382 0
    endloop
  endfacet
  facet normal 0 0 -1
    outer loop
      vertex 99.5259 118.382 0
      vertex 102.4 118.9 0
      vertex 99.8 118.4 0
    endloop
  endfacet
  facet normal 0 0 -1
    outer loop
      vertex 87.7 34.7 0
      vertex 102.4 0 0
      vertex 87.7 28.7 0
    endloop
  endfacet
  facet normal 0 0 -1
    outer loop
      vertex 87.7 48.7 0
      vertex 102.4 0 0
      vertex 87.7 34.7 0
    endloop
  endfacet
  facet normal 0 0 -1
    outer loop
      vertex 87.7 54.7 0
      vertex 102.4 0 0
      vertex 87.7 48.7 0
    endloop
  endfacet
  facet normal 0 0 -1
    outer loop
      vertex 100.074 114.218 0
      vertex 87.7 88.7 0
      vertex 99.8 114.2 0
    endloop
  endfacet
  facet normal 0 0 -1
    outer loop
      vertex 84.2646 102.325 0
      vertex 98.5216 114.634 0
      vertex 84.4526 101.944 0
    endloop
  endfacet
  facet normal -0 0 -1
    outer loop
      vertex 98.5216 114.634 0
      vertex 84.2646 102.325 0
      vertex 98.3151 114.815 0
    endloop
  endfacet
  facet normal 0 0 -1
    outer loop
      vertex 84.0284 102.678 0
      vertex 98.3151 114.815 0
      vertex 84.2646 102.325 0
    endloop
  endfacet
  facet normal -0 0 -1
    outer loop
      vertex 98.3151 114.815 0
      vertex 84.0284 102.678 0
      vertex 98.134 115.022 0
    endloop
  endfacet
  facet normal 0 0 -1
    outer loop
      vertex 83.7481 102.998 0
      vertex 98.134 115.022 0
      vertex 84.0284 102.678 0
    endloop
  endfacet
  facet normal -0 0 -1
    outer loop
      vertex 98.134 115.022 0
      vertex 83.7481 102.998 0
      vertex 97.9813 115.25 0
    endloop
  endfacet
  facet normal 0 0 -1
    outer loop
      vertex 83.4285 103.278 0
      vertex 97.9813 115.25 0
      vertex 83.7481 102.998 0
    endloop
  endfacet
  facet normal -0 0 -1
    outer loop
      vertex 97.9813 115.25 0
      vertex 83.4285 103.278 0
      vertex 97.8599 115.496 0
    endloop
  endfacet
  facet normal 0 0 -1
    outer loop
      vertex 83.075 103.515 0
      vertex 97.8599 115.496 0
      vertex 83.4285 103.278 0
    endloop
  endfacet
  facet normal -0 0 -1
    outer loop
      vertex 97.8599 115.496 0
      vertex 83.075 103.515 0
      vertex 97.7716 115.756 0
    endloop
  endfacet
  facet normal 0 0 -1
    outer loop
      vertex 82.6937 103.703 0
      vertex 97.7716 115.756 0
      vertex 83.075 103.515 0
    endloop
  endfacet
  facet normal -0 0 -1
    outer loop
      vertex 97.7716 115.756 0
      vertex 82.6937 103.703 0
      vertex 97.718 116.026 0
    endloop
  endfacet
  facet normal 0 0 -1
    outer loop
      vertex 82.2912 103.839 0
      vertex 97.718 116.026 0
      vertex 82.6937 103.703 0
    endloop
  endfacet
  facet normal -0 0 -1
    outer loop
      vertex 97.718 116.026 0
      vertex 82.2912 103.839 0
      vertex 97.7 116.3 0
    endloop
  endfacet
  facet normal 0 0 -1
    outer loop
      vertex 81.8742 103.922 0
      vertex 97.7 116.3 0
      vertex 82.2912 103.839 0
    endloop
  endfacet
  facet normal -0 0 -1
    outer loop
      vertex 97.7 116.3 0
      vertex 81.8742 103.922 0
      vertex 97.718 116.574 0
    endloop
  endfacet
  facet normal 0 0 -1
    outer loop
      vertex 81.45 103.95 0
      vertex 97.718 116.574 0
      vertex 81.8742 103.922 0
    endloop
  endfacet
  facet normal -0 0 -1
    outer loop
      vertex 97.718 116.574 0
      vertex 81.45 103.95 0
      vertex 97.7716 116.844 0
    endloop
  endfacet
  facet normal 0 0 -1
    outer loop
      vertex 81.0258 103.922 0
      vertex 97.7716 116.844 0
      vertex 81.45 103.95 0
    endloop
  endfacet
  facet normal -0 0 -1
    outer loop
      vertex 97.7716 116.844 0
      vertex 81.0258 103.922 0
      vertex 97.8599 117.104 0
    endloop
  endfacet
  facet normal 0 0 -1
    outer loop
      vertex 80.6088 103.839 0
      vertex 97.8599 117.104 0
      vertex 81.0258 103.922 0
    endloop
  endfacet
  facet normal -0 0 -1
    outer loop
      vertex 97.8599 117.104 0
      vertex 80.6088 103.839 0
      vertex 97.9813 117.35 0
    endloop
  endfacet
  facet normal 0 0 -1
    outer loop
      vertex 64.32 106.2 0
      vertex 97.9813 117.35 0
      vertex 80.6088 103.839 0
    endloop
  endfacet
  facet normal -0 0 -1
    outer loop
      vertex 97.9813 117.35 0
      vertex 64.32 106.2 0
      vertex 98.134 117.578 0
    endloop
  endfacet
  facet normal -0 0 -1
    outer loop
      vertex 98.134 117.578 0
      vertex 64.32 106.2 0
      vertex 98.3151 117.785 0
    endloop
  endfacet
  facet normal 0 0 -1
    outer loop
      vertex 64.32 106.2 0
      vertex 80.6088 103.839 0
      vertex 80.2063 103.703 0
    endloop
  endfacet
  facet normal 0 0 -1
    outer loop
      vertex 64.32 106.2 0
      vertex 80.2063 103.703 0
      vertex 79.825 103.515 0
    endloop
  endfacet
  facet normal 0 0 -1
    outer loop
      vertex 64.32 106.2 0
      vertex 79.825 103.515 0
      vertex 79.4715 103.278 0
    endloop
  endfacet
  facet normal -0 0 -1
    outer loop
      vertex 78.2278 100.276 0
      vertex 64.32 95.2 0
      vertex 78.2 100.7 0
    endloop
  endfacet
  facet normal 0 0 -1
    outer loop
      vertex 64.32 106.2 0
      vertex 78.2 100.7 0
      vertex 64.32 95.2 0
    endloop
  endfacet
  facet normal 0 0 -1
    outer loop
      vertex 78.2 100.7 0
      vertex 64.32 106.2 0
      vertex 78.2278 101.124 0
    endloop
  endfacet
  facet normal -0 0 -1
    outer loop
      vertex 73.7 34.7 0
      vertex 67.7 28.7 0
      vertex 67.7 34.7 0
    endloop
  endfacet
  facet normal 0 0 -1
    outer loop
      vertex 73.7 48.7 0
      vertex 67.7 48.7 0
      vertex 73.7 54.7 0
    endloop
  endfacet
  facet normal 0 0 -1
    outer loop
      vertex 67.7 68.7 0
      vertex 73.7 68.7 0
      vertex 67.7 54.7 0
    endloop
  endfacet
  facet normal 0 0 -1
    outer loop
      vertex 73.7 68.7 0
      vertex 67.7 68.7 0
      vertex 73.7 74.7 0
    endloop
  endfacet
  facet normal 0 0 -1
    outer loop
      vertex 67.7 74.7 0
      vertex 73.7 74.7 0
      vertex 67.7 68.7 0
    endloop
  endfacet
  facet normal 0 0 -1
    outer loop
      vertex 73.7 74.7 0
      vertex 67.7 74.7 0
      vertex 73.7 88.7 0
    endloop
  endfacet
  facet normal 0 0 -1
    outer loop
      vertex 67.7 88.7 0
      vertex 73.7 88.7 0
      vertex 67.7 74.7 0
    endloop
  endfacet
  facet normal 0 0 -1
    outer loop
      vertex 64.32 95.2 0
      vertex 73.7 88.7 0
      vertex 67.7 88.7 0
    endloop
  endfacet
  facet normal 0 0 -1
    outer loop
      vertex 78.2278 101.124 0
      vertex 64.32 106.2 0
      vertex 78.3107 101.541 0
    endloop
  endfacet
  facet normal 0 0 -1
    outer loop
      vertex 78.3107 101.541 0
      vertex 64.32 106.2 0
      vertex 78.4474 101.944 0
    endloop
  endfacet
  facet normal 0 0 -1
    outer loop
      vertex 78.4474 101.944 0
      vertex 64.32 106.2 0
      vertex 78.6354 102.325 0
    endloop
  endfacet
  facet normal 0 0 -1
    outer loop
      vertex 78.6354 102.325 0
      vertex 64.32 106.2 0
      vertex 78.8716 102.678 0
    endloop
  endfacet
  facet normal 0 0 -1
    outer loop
      vertex 78.8716 102.678 0
      vertex 64.32 106.2 0
      vertex 79.1519 102.998 0
    endloop
  endfacet
  facet normal 0 0 -1
    outer loop
      vertex 79.1519 102.998 0
      vertex 64.32 106.2 0
      vertex 79.4715 103.278 0
    endloop
  endfacet
  facet normal -0 0 -1
    outer loop
      vertex 98.3151 117.785 0
      vertex 64.32 106.2 0
      vertex 98.5216 117.966 0
    endloop
  endfacet
  facet normal -0 0 -1
    outer loop
      vertex 98.5216 117.966 0
      vertex 64.32 106.2 0
      vertex 98.75 118.119 0
    endloop
  endfacet
  facet normal 0 0 -1
    outer loop
      vertex 38.32 106.2 0
      vertex 98.75 118.119 0
      vertex 64.32 106.2 0
    endloop
  endfacet
  facet normal 0 0 -1
    outer loop
      vertex 3.65 118.119 0
      vertex 98.75 118.119 0
      vertex 38.32 106.2 0
    endloop
  endfacet
  facet normal 0 0 -1
    outer loop
      vertex 98.75 118.119 0
      vertex 3.65 118.119 0
      vertex 98.9964 118.24 0
    endloop
  endfacet
  facet normal -0 0 -1
    outer loop
      vertex 33.7 34.7 0
      vertex 27.7 28.7 0
      vertex 27.7 34.7 0
    endloop
  endfacet
  facet normal 0 0 -1
    outer loop
      vertex 33.7 48.7 0
      vertex 27.7 48.7 0
      vertex 33.7 54.7 0
    endloop
  endfacet
  facet normal 0 0 -1
    outer loop
      vertex 27.7 68.7 0
      vertex 33.7 68.7 0
      vertex 27.7 54.7 0
    endloop
  endfacet
  facet normal 0 0 -1
    outer loop
      vertex 33.7 68.7 0
      vertex 27.7 68.7 0
      vertex 33.7 74.7 0
    endloop
  endfacet
  facet normal 0 0 -1
    outer loop
      vertex 27.7 74.7 0
      vertex 33.7 74.7 0
      vertex 27.7 68.7 0
    endloop
  endfacet
  facet normal 0 0 -1
    outer loop
      vertex 33.7 74.7 0
      vertex 27.7 74.7 0
      vertex 33.7 88.7 0
    endloop
  endfacet
  facet normal 0 0 -1
    outer loop
      vertex 27.7 88.7 0
      vertex 33.7 88.7 0
      vertex 27.7 74.7 0
    endloop
  endfacet
  facet normal 0 0 -1
    outer loop
      vertex 22.9526 99.4563 0
      vertex 38.32 95.2 0
      vertex 27.7 88.7 0
    endloop
  endfacet
  facet normal 0 0 -1
    outer loop
      vertex 38.32 95.2 0
      vertex 23.2 100.7 0
      vertex 38.32 106.2 0
    endloop
  endfacet
  facet normal 0 0 -1
    outer loop
      vertex 23.1722 101.124 0
      vertex 38.32 106.2 0
      vertex 23.2 100.7 0
    endloop
  endfacet
  facet normal 0 0 -1
    outer loop
      vertex 23.0893 101.541 0
      vertex 38.32 106.2 0
      vertex 23.1722 101.124 0
    endloop
  endfacet
  facet normal 0 0 -1
    outer loop
      vertex 22.9526 101.944 0
      vertex 38.32 106.2 0
      vertex 23.0893 101.541 0
    endloop
  endfacet
  facet normal 0 0 -1
    outer loop
      vertex 22.7646 102.325 0
      vertex 38.32 106.2 0
      vertex 22.9526 101.944 0
    endloop
  endfacet
  facet normal 0 0 -1
    outer loop
      vertex 22.5284 102.678 0
      vertex 38.32 106.2 0
      vertex 22.7646 102.325 0
    endloop
  endfacet
  facet normal 0 0 -1
    outer loop
      vertex 22.2481 102.998 0
      vertex 38.32 106.2 0
      vertex 22.5284 102.678 0
    endloop
  endfacet
  facet normal 0 0 -1
    outer loop
      vertex 21.9285 103.278 0
      vertex 38.32 106.2 0
      vertex 22.2481 102.998 0
    endloop
  endfacet
  facet normal 0 0 -1
    outer loop
      vertex 21.575 103.515 0
      vertex 38.32 106.2 0
      vertex 21.9285 103.278 0
    endloop
  endfacet
  facet normal 0 0 -1
    outer loop
      vertex 21.1937 103.703 0
      vertex 38.32 106.2 0
      vertex 21.575 103.515 0
    endloop
  endfacet
  facet normal 0 0 -1
    outer loop
      vertex 4.08492 117.785 0
      vertex 38.32 106.2 0
      vertex 4.26604 117.578 0
    endloop
  endfacet
  facet normal 0 0 -1
    outer loop
      vertex 20.7912 103.839 0
      vertex 38.32 106.2 0
      vertex 21.1937 103.703 0
    endloop
  endfacet
  facet normal 0 0 -1
    outer loop
      vertex 4.54015 117.104 0
      vertex 38.32 106.2 0
      vertex 20.7912 103.839 0
    endloop
  endfacet
  facet normal 0 0 -1
    outer loop
      vertex 4.54015 117.104 0
      vertex 20.7912 103.839 0
      vertex 20.3742 103.922 0
    endloop
  endfacet
  facet normal 0 0 -1
    outer loop
      vertex 4.62844 116.844 0
      vertex 20.3742 103.922 0
      vertex 19.95 103.95 0
    endloop
  endfacet
  facet normal 0 0 -1
    outer loop
      vertex 4.68203 116.574 0
      vertex 19.95 103.95 0
      vertex 19.5258 103.922 0
    endloop
  endfacet
  facet normal 0 0 -1
    outer loop
      vertex 16.7278 100.276 0
      vertex 4.7 116.3 0
      vertex 16.7 100.7 0
    endloop
  endfacet
  facet normal 0 0 -1
    outer loop
      vertex 16.7 100.7 0
      vertex 4.7 116.3 0
      vertex 16.7278 101.124 0
    endloop
  endfacet
  facet normal 0 0 -1
    outer loop
      vertex 16.7278 101.124 0
      vertex 4.7 116.3 0
      vertex 16.8107 101.541 0
    endloop
  endfacet
  facet normal 0 0 -1
    outer loop
      vertex 4.7 116.3 0
      vertex 16.9474 101.944 0
      vertex 16.8107 101.541 0
    endloop
  endfacet
  facet normal 0 0 -1
    outer loop
      vertex 4.7 116.3 0
      vertex 17.1354 102.325 0
      vertex 16.9474 101.944 0
    endloop
  endfacet
  facet normal 0 0 -1
    outer loop
      vertex 4.7 116.3 0
      vertex 17.3716 102.678 0
      vertex 17.1354 102.325 0
    endloop
  endfacet
  facet normal 0 0 -1
    outer loop
      vertex 4.7 116.3 0
      vertex 17.6519 102.998 0
      vertex 17.3716 102.678 0
    endloop
  endfacet
  facet normal 0 0 -1
    outer loop
      vertex 4.7 116.3 0
      vertex 17.9715 103.278 0
      vertex 17.6519 102.998 0
    endloop
  endfacet
  facet normal 0 0 -1
    outer loop
      vertex 4.7 116.3 0
      vertex 18.325 103.515 0
      vertex 17.9715 103.278 0
    endloop
  endfacet
  facet normal 0 0 -1
    outer loop
      vertex 4.7 116.3 0
      vertex 18.7063 103.703 0
      vertex 18.325 103.515 0
    endloop
  endfacet
  facet normal 0 0 -1
    outer loop
      vertex 4.7 116.3 0
      vertex 19.1088 103.839 0
      vertex 18.7063 103.703 0
    endloop
  endfacet
  facet normal 0 0 -1
    outer loop
      vertex 4.7 116.3 0
      vertex 19.5258 103.922 0
      vertex 19.1088 103.839 0
    endloop
  endfacet
  facet normal 0 0 -1
    outer loop
      vertex 4.68203 116.574 0
      vertex 19.5258 103.922 0
      vertex 4.7 116.3 0
    endloop
  endfacet
  facet normal 0 0 -1
    outer loop
      vertex 19.95 103.95 0
      vertex 4.68203 116.574 0
      vertex 4.62844 116.844 0
    endloop
  endfacet
  facet normal 0 0 -1
    outer loop
      vertex 20.3742 103.922 0
      vertex 4.62844 116.844 0
      vertex 4.54015 117.104 0
    endloop
  endfacet
  facet normal 0 0 -1
    outer loop
      vertex 38.32 106.2 0
      vertex 4.54015 117.104 0
      vertex 4.41865 117.35 0
    endloop
  endfacet
  facet normal 0 0 -1
    outer loop
      vertex 38.32 106.2 0
      vertex 4.41865 117.35 0
      vertex 4.26604 117.578 0
    endloop
  endfacet
  facet normal 0 0 -1
    outer loop
      vertex 3.8784 117.966 0
      vertex 38.32 106.2 0
      vertex 4.08492 117.785 0
    endloop
  endfacet
  facet normal 0 0 -1
    outer loop
      vertex 3.65 118.119 0
      vertex 38.32 106.2 0
      vertex 3.8784 117.966 0
    endloop
  endfacet
  facet normal 0 0 -1
    outer loop
      vertex 3.40364 118.24 0
      vertex 98.9964 118.24 0
      vertex 3.65 118.119 0
    endloop
  endfacet
  facet normal 0 0 -1
    outer loop
      vertex 98.9964 118.24 0
      vertex 3.40364 118.24 0
      vertex 99.2565 118.328 0
    endloop
  endfacet
  facet normal 0 0 -1
    outer loop
      vertex 3.14352 118.328 0
      vertex 99.2565 118.328 0
      vertex 3.40364 118.24 0
    endloop
  endfacet
  facet normal 0 0 -1
    outer loop
      vertex 99.2565 118.328 0
      vertex 3.14352 118.328 0
      vertex 99.5259 118.382 0
    endloop
  endfacet
  facet normal 0 0 -1
    outer loop
      vertex 2.8741 118.382 0
      vertex 99.5259 118.382 0
      vertex 3.14352 118.328 0
    endloop
  endfacet
  facet normal 0 0 -1
    outer loop
      vertex 99.5259 118.382 0
      vertex 2.8741 118.382 0
      vertex 102.4 118.9 0
    endloop
  endfacet
  facet normal 0 0 -1
    outer loop
      vertex 0 118.9 0
      vertex 2.8741 118.382 0
      vertex 2.6 118.4 0
    endloop
  endfacet
  facet normal 0 0 -1
    outer loop
      vertex 2.8741 118.382 0
      vertex 0 118.9 0
      vertex 102.4 118.9 0
    endloop
  endfacet
  facet normal 0 0 -1
    outer loop
      vertex 2.32589 118.382 0
      vertex 0 118.9 0
      vertex 2.6 118.4 0
    endloop
  endfacet
  facet normal 0 0 -1
    outer loop
      vertex 2.05648 118.328 0
      vertex 0 118.9 0
      vertex 2.32589 118.382 0
    endloop
  endfacet
  facet normal 0 0 -1
    outer loop
      vertex 1.79636 118.24 0
      vertex 0 118.9 0
      vertex 2.05648 118.328 0
    endloop
  endfacet
  facet normal 0 0 -1
    outer loop
      vertex 1.55 118.119 0
      vertex 0 118.9 0
      vertex 1.79636 118.24 0
    endloop
  endfacet
  facet normal 0 0 -1
    outer loop
      vertex 1.3216 117.966 0
      vertex 0 118.9 0
      vertex 1.55 118.119 0
    endloop
  endfacet
  facet normal 0 0 -1
    outer loop
      vertex 1.11508 117.785 0
      vertex 0 118.9 0
      vertex 1.3216 117.966 0
    endloop
  endfacet
  facet normal 0 0 -1
    outer loop
      vertex 0.933957 117.578 0
      vertex 0 118.9 0
      vertex 1.11508 117.785 0
    endloop
  endfacet
  facet normal 0 0 -1
    outer loop
      vertex 0.781346 117.35 0
      vertex 0 118.9 0
      vertex 0.933957 117.578 0
    endloop
  endfacet
  facet normal 0 0 -1
    outer loop
      vertex 0.659853 117.104 0
      vertex 0 118.9 0
      vertex 0.781346 117.35 0
    endloop
  endfacet
  facet normal 0 0 -1
    outer loop
      vertex 0.571555 116.844 0
      vertex 0 118.9 0
      vertex 0.659853 117.104 0
    endloop
  endfacet
  facet normal 0 0 -1
    outer loop
      vertex 0.517965 116.574 0
      vertex 0 118.9 0
      vertex 0.571555 116.844 0
    endloop
  endfacet
  facet normal 0 0 -1
    outer loop
      vertex 0.5 116.3 0
      vertex 0 118.9 0
      vertex 0.517965 116.574 0
    endloop
  endfacet
  facet normal 0 0 -1
    outer loop
      vertex 0.517965 116.026 0
      vertex 0 118.9 0
      vertex 0.5 116.3 0
    endloop
  endfacet
  facet normal -1 0 0
    outer loop
      vertex 0 0 0
      vertex 0 118.9 1.5
      vertex 0 118.9 0
    endloop
  endfacet
  facet normal -1 -0 0
    outer loop
      vertex 0 118.9 1.5
      vertex 0 0 0
      vertex 0 0 1.5
    endloop
  endfacet
  facet normal 0 1 -0
    outer loop
      vertex 102.4 118.9 0
      vertex 0 118.9 1.5
      vertex 102.4 118.9 1.5
    endloop
  endfacet
  facet normal 0 1 0
    outer loop
      vertex 0 118.9 1.5
      vertex 102.4 118.9 0
      vertex 0 118.9 0
    endloop
  endfacet
  facet normal 0 -1 0
    outer loop
      vertex 0 0 0
      vertex 102.4 0 1.5
      vertex 0 0 1.5
    endloop
  endfacet
  facet normal 0 -1 -0
    outer loop
      vertex 102.4 0 1.5
      vertex 0 0 0
      vertex 102.4 0 0
    endloop
  endfacet
  facet normal -1 0 0
    outer loop
      vertex 64.32 95.2 0
      vertex 64.32 106.2 1.5
      vertex 64.32 106.2 0
    endloop
  endfacet
  facet normal -1 -0 0
    outer loop
      vertex 64.32 106.2 1.5
      vertex 64.32 95.2 0
      vertex 64.32 95.2 1.5
    endloop
  endfacet
  facet normal 1 -0 0
    outer loop
      vertex 38.32 95.2 1.5
      vertex 38.32 106.2 0
      vertex 38.32 106.2 1.5
    endloop
  endfacet
  facet normal 1 0 0
    outer loop
      vertex 38.32 106.2 0
      vertex 38.32 95.2 1.5
      vertex 38.32 95.2 0
    endloop
  endfacet
  facet normal 0 -1 0
    outer loop
      vertex 38.32 106.2 0
      vertex 64.32 106.2 1.5
      vertex 38.32 106.2 1.5
    endloop
  endfacet
  facet normal 0 -1 -0
    outer loop
      vertex 64.32 106.2 1.5
      vertex 38.32 106.2 0
      vertex 64.32 106.2 0
    endloop
  endfacet
  facet normal 0 1 -0
    outer loop
      vertex 64.32 95.2 0
      vertex 38.32 95.2 1.5
      vertex 64.32 95.2 1.5
    endloop
  endfacet
  facet normal 0 1 0
    outer loop
      vertex 38.32 95.2 1.5
      vertex 64.32 95.2 0
      vertex 38.32 95.2 0
    endloop
  endfacet
endsolid OpenSCAD_Model
