solid OpenSCAD_Model
  facet normal -0.980779 -0.195122 -0
    outer loop
      vertex 53.282 2.8741 19.9529
      vertex 53.2284 3.14352 18.486
      vertex 53.282 2.8741 18.4529
    endloop
  endfacet
  facet normal -0.980779 -0.195122 0
    outer loop
      vertex 53.2284 3.14352 18.486
      vertex 53.282 2.8741 19.9529
      vertex 53.2284 3.14352 19.986
    endloop
  endfacet
  facet normal -0.997851 -0.0655283 -0
    outer loop
      vertex 53.3 2.6 19.9192
      vertex 53.282 2.8741 18.4529
      vertex 53.3 2.6 18.4192
    endloop
  endfacet
  facet normal -0.997851 -0.0655283 0
    outer loop
      vertex 53.282 2.8741 18.4529
      vertex 53.3 2.6 19.9192
      vertex 53.282 2.8741 19.9529
    endloop
  endfacet
  facet normal -0.555568 0.831471 0
    outer loop
      vertex 52.4784 0.933957 18.2147
      vertex 52.25 0.781346 19.6959
      vertex 52.4784 0.933957 19.7147
    endloop
  endfacet
  facet normal -0.555568 0.831471 0
    outer loop
      vertex 52.25 0.781346 19.6959
      vertex 52.4784 0.933957 18.2147
      vertex 52.25 0.781346 18.1959
    endloop
  endfacet
  facet normal 0.195101 -0.980783 0
    outer loop
      vertex 50.6565 4.62844 20.1683
      vertex 50.9259 4.68203 18.6749
      vertex 50.9259 4.68203 20.1749
    endloop
  endfacet
  facet normal 0.195101 -0.980783 0
    outer loop
      vertex 50.9259 4.68203 18.6749
      vertex 50.6565 4.62844 20.1683
      vertex 50.6565 4.62844 18.6683
    endloop
  endfacet
  facet normal -0.751864 -0.659319 -0
    outer loop
      vertex 52.866 3.8784 20.0762
      vertex 52.6849 4.08492 18.6016
      vertex 52.866 3.8784 18.5762
    endloop
  endfacet
  facet normal -0.751864 -0.659319 0
    outer loop
      vertex 52.6849 4.08492 18.6016
      vertex 52.866 3.8784 20.0762
      vertex 52.6849 4.08492 20.1016
    endloop
  endfacet
  facet normal -0.195101 0.980783 0
    outer loop
      vertex 51.7435 0.571555 18.1702
      vertex 51.4741 0.517965 19.6636
      vertex 51.7435 0.571555 19.6702
    endloop
  endfacet
  facet normal -0.195101 0.980783 0
    outer loop
      vertex 51.4741 0.517965 19.6636
      vertex 51.7435 0.571555 18.1702
      vertex 51.4741 0.517965 18.1636
    endloop
  endfacet
  facet normal -0.831322 -0.555792 -0
    outer loop
      vertex 53.0187 3.65 20.0482
      vertex 52.866 3.8784 18.5762
      vertex 53.0187 3.65 18.5482
    endloop
  endfacet
  facet normal -0.831322 -0.555792 0
    outer loop
      vertex 52.866 3.8784 18.5762
      vertex 53.0187 3.65 20.0482
      vertex 52.866 3.8784 20.0762
    endloop
  endfacet
  facet normal 0.997851 0.0655259 0
    outer loop
      vertex 49.118 2.32589 19.8856
      vertex 49.1 2.6 18.4192
      vertex 49.1 2.6 19.9192
    endloop
  endfacet
  facet normal 0.997851 0.0655259 0
    outer loop
      vertex 49.1 2.6 18.4192
      vertex 49.118 2.32589 19.8856
      vertex 49.118 2.32589 18.3856
    endloop
  endfacet
  facet normal 0.321459 0.946924 0
    outer loop
      vertex 50.6565 0.571555 19.6702
      vertex 50.3964 0.659853 18.181
      vertex 50.3964 0.659853 19.681
    endloop
  endfacet
  facet normal 0.321459 0.946924 0
    outer loop
      vertex 50.3964 0.659853 18.181
      vertex 50.6565 0.571555 19.6702
      vertex 50.6565 0.571555 18.1702
    endloop
  endfacet
  facet normal -0.997851 0.0655259 0
    outer loop
      vertex 53.282 2.32589 19.8856
      vertex 53.3 2.6 18.4192
      vertex 53.282 2.32589 18.3856
    endloop
  endfacet
  facet normal -0.997851 0.0655259 0
    outer loop
      vertex 53.3 2.6 18.4192
      vertex 53.282 2.32589 19.8856
      vertex 53.3 2.6 19.9192
    endloop
  endfacet
  facet normal -0.0654196 -0.997858 0
    outer loop
      vertex 51.2 4.7 18.6771
      vertex 51.4741 4.68203 20.1749
      vertex 51.2 4.7 20.1771
    endloop
  endfacet
  facet normal -0.0654196 -0.997858 -0
    outer loop
      vertex 51.4741 4.68203 20.1749
      vertex 51.2 4.7 18.6771
      vertex 51.4741 4.68203 18.6749
    endloop
  endfacet
  facet normal 0.831322 0.555792 0
    outer loop
      vertex 49.534 1.3216 19.7623
      vertex 49.3813 1.55 18.2903
      vertex 49.3813 1.55 19.7903
    endloop
  endfacet
  facet normal 0.831322 0.555792 0
    outer loop
      vertex 49.3813 1.55 18.2903
      vertex 49.534 1.3216 19.7623
      vertex 49.534 1.3216 18.2623
    endloop
  endfacet
  facet normal -0.751864 0.659319 0
    outer loop
      vertex 52.6849 1.11508 19.7369
      vertex 52.866 1.3216 18.2623
      vertex 52.6849 1.11508 18.2369
    endloop
  endfacet
  facet normal -0.751864 0.659319 0
    outer loop
      vertex 52.866 1.3216 18.2623
      vertex 52.6849 1.11508 19.7369
      vertex 52.866 1.3216 19.7623
    endloop
  endfacet
  facet normal 0.997851 -0.0655283 0
    outer loop
      vertex 49.1 2.6 19.9192
      vertex 49.118 2.8741 18.4529
      vertex 49.118 2.8741 19.9529
    endloop
  endfacet
  facet normal 0.997851 -0.0655283 0
    outer loop
      vertex 49.118 2.8741 18.4529
      vertex 49.1 2.6 19.9192
      vertex 49.1 2.6 18.4192
    endloop
  endfacet
  facet normal -0.321433 -0.946932 0
    outer loop
      vertex 51.7435 4.62844 18.6683
      vertex 52.0036 4.54015 20.1575
      vertex 51.7435 4.62844 20.1683
    endloop
  endfacet
  facet normal -0.321433 -0.946932 -0
    outer loop
      vertex 52.0036 4.54015 20.1575
      vertex 51.7435 4.62844 18.6683
      vertex 52.0036 4.54015 18.6575
    endloop
  endfacet
  facet normal 0.659396 -0.751796 0
    outer loop
      vertex 49.7151 4.08492 20.1016
      vertex 49.9216 4.26604 18.6238
      vertex 49.9216 4.26604 20.1238
    endloop
  endfacet
  facet normal 0.659396 -0.751796 0
    outer loop
      vertex 49.9216 4.26604 18.6238
      vertex 49.7151 4.08492 20.1016
      vertex 49.7151 4.08492 18.6016
    endloop
  endfacet
  facet normal 0.555568 0.831471 0
    outer loop
      vertex 50.15 0.781346 19.6959
      vertex 49.9216 0.933957 18.2147
      vertex 49.9216 0.933957 19.7147
    endloop
  endfacet
  facet normal 0.555568 0.831471 0
    outer loop
      vertex 49.9216 0.933957 18.2147
      vertex 50.15 0.781346 19.6959
      vertex 50.15 0.781346 18.1959
    endloop
  endfacet
  facet normal 0.980779 -0.195122 0
    outer loop
      vertex 49.118 2.8741 19.9529
      vertex 49.1716 3.14352 18.486
      vertex 49.1716 3.14352 19.986
    endloop
  endfacet
  facet normal 0.980779 -0.195122 0
    outer loop
      vertex 49.1716 3.14352 18.486
      vertex 49.118 2.8741 19.9529
      vertex 49.118 2.8741 18.4529
    endloop
  endfacet
  facet normal -0.442256 -0.896889 0
    outer loop
      vertex 52.0036 4.54015 18.6575
      vertex 52.25 4.41865 20.1425
      vertex 52.0036 4.54015 20.1575
    endloop
  endfacet
  facet normal -0.442256 -0.896889 -0
    outer loop
      vertex 52.25 4.41865 20.1425
      vertex 52.0036 4.54015 18.6575
      vertex 52.25 4.41865 18.6425
    endloop
  endfacet
  facet normal -0.980778 0.195129 0
    outer loop
      vertex 53.2284 2.05648 19.8525
      vertex 53.282 2.32589 18.3856
      vertex 53.2284 2.05648 18.3525
    endloop
  endfacet
  facet normal -0.980778 0.195129 0
    outer loop
      vertex 53.282 2.32589 18.3856
      vertex 53.2284 2.05648 19.8525
      vertex 53.282 2.32589 19.8856
    endloop
  endfacet
  facet normal -0.321459 0.946924 0
    outer loop
      vertex 52.0036 0.659853 18.181
      vertex 51.7435 0.571555 19.6702
      vertex 52.0036 0.659853 19.681
    endloop
  endfacet
  facet normal -0.321459 0.946924 0
    outer loop
      vertex 51.7435 0.571555 19.6702
      vertex 52.0036 0.659853 18.181
      vertex 51.7435 0.571555 18.1702
    endloop
  endfacet
  facet normal 0.946929 0.321443 0
    outer loop
      vertex 49.2599 1.79636 19.8206
      vertex 49.1716 2.05648 18.3525
      vertex 49.1716 2.05648 19.8525
    endloop
  endfacet
  facet normal 0.946929 0.321443 0
    outer loop
      vertex 49.1716 2.05648 18.3525
      vertex 49.2599 1.79636 19.8206
      vertex 49.2599 1.79636 18.3206
    endloop
  endfacet
  facet normal -0.659402 0.75179 0
    outer loop
      vertex 52.6849 1.11508 18.2369
      vertex 52.4784 0.933957 19.7147
      vertex 52.6849 1.11508 19.7369
    endloop
  endfacet
  facet normal -0.659402 0.75179 0
    outer loop
      vertex 52.4784 0.933957 19.7147
      vertex 52.6849 1.11508 18.2369
      vertex 52.4784 0.933957 18.2147
    endloop
  endfacet
  facet normal 0.897005 -0.442021 0
    outer loop
      vertex 49.2599 3.40364 20.0179
      vertex 49.3813 3.65 18.5482
      vertex 49.3813 3.65 20.0482
    endloop
  endfacet
  facet normal 0.897005 -0.442021 0
    outer loop
      vertex 49.3813 3.65 18.5482
      vertex 49.2599 3.40364 20.0179
      vertex 49.2599 3.40364 18.5179
    endloop
  endfacet
  facet normal -0.659396 -0.751796 0
    outer loop
      vertex 52.4784 4.26604 18.6238
      vertex 52.6849 4.08492 20.1016
      vertex 52.4784 4.26604 20.1238
    endloop
  endfacet
  facet normal -0.659396 -0.751796 -0
    outer loop
      vertex 52.6849 4.08492 20.1016
      vertex 52.4784 4.26604 18.6238
      vertex 52.6849 4.08492 18.6016
    endloop
  endfacet
  facet normal 0.659402 0.75179 0
    outer loop
      vertex 49.9216 0.933957 19.7147
      vertex 49.7151 1.11508 18.2369
      vertex 49.7151 1.11508 19.7369
    endloop
  endfacet
  facet normal 0.659402 0.75179 0
    outer loop
      vertex 49.7151 1.11508 18.2369
      vertex 49.9216 0.933957 19.7147
      vertex 49.9216 0.933957 18.2147
    endloop
  endfacet
  facet normal 0.946929 -0.321443 0
    outer loop
      vertex 49.1716 3.14352 19.986
      vertex 49.2599 3.40364 18.5179
      vertex 49.2599 3.40364 20.0179
    endloop
  endfacet
  facet normal 0.946929 -0.321443 0
    outer loop
      vertex 49.2599 3.40364 18.5179
      vertex 49.1716 3.14352 19.986
      vertex 49.1716 3.14352 18.486
    endloop
  endfacet
  facet normal 0.321433 -0.946932 0
    outer loop
      vertex 50.3964 4.54015 20.1575
      vertex 50.6565 4.62844 18.6683
      vertex 50.6565 4.62844 20.1683
    endloop
  endfacet
  facet normal 0.321433 -0.946932 0
    outer loop
      vertex 50.6565 4.62844 18.6683
      vertex 50.3964 4.54015 20.1575
      vertex 50.3964 4.54015 18.6575
    endloop
  endfacet
  facet normal 0.195101 0.980783 0
    outer loop
      vertex 50.9259 0.517965 19.6636
      vertex 50.6565 0.571555 18.1702
      vertex 50.6565 0.571555 19.6702
    endloop
  endfacet
  facet normal 0.195101 0.980783 0
    outer loop
      vertex 50.6565 0.571555 18.1702
      vertex 50.9259 0.517965 19.6636
      vertex 50.9259 0.517965 18.1636
    endloop
  endfacet
  facet normal 0.0654015 0.997859 0
    outer loop
      vertex 51.2 0.5 19.6614
      vertex 50.9259 0.517965 18.1636
      vertex 50.9259 0.517965 19.6636
    endloop
  endfacet
  facet normal 0.0654015 0.997859 0
    outer loop
      vertex 50.9259 0.517965 18.1636
      vertex 51.2 0.5 19.6614
      vertex 51.2 0.5 18.1614
    endloop
  endfacet
  facet normal -0.555565 -0.831473 0
    outer loop
      vertex 52.25 4.41865 18.6425
      vertex 52.4784 4.26604 20.1238
      vertex 52.25 4.41865 20.1425
    endloop
  endfacet
  facet normal -0.555565 -0.831473 -0
    outer loop
      vertex 52.4784 4.26604 20.1238
      vertex 52.25 4.41865 18.6425
      vertex 52.4784 4.26604 18.6238
    endloop
  endfacet
  facet normal -0.831322 0.555792 0
    outer loop
      vertex 52.866 1.3216 19.7623
      vertex 53.0187 1.55 18.2903
      vertex 52.866 1.3216 18.2623
    endloop
  endfacet
  facet normal -0.831322 0.555792 0
    outer loop
      vertex 53.0187 1.55 18.2903
      vertex 52.866 1.3216 19.7623
      vertex 53.0187 1.55 19.7903
    endloop
  endfacet
  facet normal 0.897005 0.442021 0
    outer loop
      vertex 49.3813 1.55 19.7903
      vertex 49.2599 1.79636 18.3206
      vertex 49.2599 1.79636 19.8206
    endloop
  endfacet
  facet normal 0.897005 0.442021 0
    outer loop
      vertex 49.2599 1.79636 18.3206
      vertex 49.3813 1.55 19.7903
      vertex 49.3813 1.55 18.2903
    endloop
  endfacet
  facet normal -0.897005 -0.442021 -0
    outer loop
      vertex 53.1401 3.40364 20.0179
      vertex 53.0187 3.65 18.5482
      vertex 53.1401 3.40364 18.5179
    endloop
  endfacet
  facet normal -0.897005 -0.442021 0
    outer loop
      vertex 53.0187 3.65 18.5482
      vertex 53.1401 3.40364 20.0179
      vertex 53.0187 3.65 20.0482
    endloop
  endfacet
  facet normal 0.751864 0.659319 0
    outer loop
      vertex 49.7151 1.11508 19.7369
      vertex 49.534 1.3216 18.2623
      vertex 49.534 1.3216 19.7623
    endloop
  endfacet
  facet normal 0.751864 0.659319 0
    outer loop
      vertex 49.534 1.3216 18.2623
      vertex 49.7151 1.11508 19.7369
      vertex 49.7151 1.11508 18.2369
    endloop
  endfacet
  facet normal -0.897005 0.442021 0
    outer loop
      vertex 53.0187 1.55 19.7903
      vertex 53.1401 1.79636 18.3206
      vertex 53.0187 1.55 18.2903
    endloop
  endfacet
  facet normal -0.897005 0.442021 0
    outer loop
      vertex 53.1401 1.79636 18.3206
      vertex 53.0187 1.55 19.7903
      vertex 53.1401 1.79636 19.8206
    endloop
  endfacet
  facet normal -0.442236 0.896899 0
    outer loop
      vertex 52.25 0.781346 18.1959
      vertex 52.0036 0.659853 19.681
      vertex 52.25 0.781346 19.6959
    endloop
  endfacet
  facet normal -0.442236 0.896899 0
    outer loop
      vertex 52.0036 0.659853 19.681
      vertex 52.25 0.781346 18.1959
      vertex 52.0036 0.659853 18.181
    endloop
  endfacet
  facet normal 0.442256 -0.896889 0
    outer loop
      vertex 50.15 4.41865 20.1425
      vertex 50.3964 4.54015 18.6575
      vertex 50.3964 4.54015 20.1575
    endloop
  endfacet
  facet normal 0.442256 -0.896889 0
    outer loop
      vertex 50.3964 4.54015 18.6575
      vertex 50.15 4.41865 20.1425
      vertex 50.15 4.41865 18.6425
    endloop
  endfacet
  facet normal 0.831322 -0.555792 0
    outer loop
      vertex 49.3813 3.65 20.0482
      vertex 49.534 3.8784 18.5762
      vertex 49.534 3.8784 20.0762
    endloop
  endfacet
  facet normal 0.831322 -0.555792 0
    outer loop
      vertex 49.534 3.8784 18.5762
      vertex 49.3813 3.65 20.0482
      vertex 49.3813 3.65 18.5482
    endloop
  endfacet
  facet normal 0.442236 0.896899 0
    outer loop
      vertex 50.3964 0.659853 19.681
      vertex 50.15 0.781346 18.1959
      vertex 50.15 0.781346 19.6959
    endloop
  endfacet
  facet normal 0.442236 0.896899 0
    outer loop
      vertex 50.15 0.781346 18.1959
      vertex 50.3964 0.659853 19.681
      vertex 50.3964 0.659853 18.181
    endloop
  endfacet
  facet normal -0.0654015 0.997859 0
    outer loop
      vertex 51.4741 0.517965 18.1636
      vertex 51.2 0.5 19.6614
      vertex 51.4741 0.517965 19.6636
    endloop
  endfacet
  facet normal -0.0654015 0.997859 0
    outer loop
      vertex 51.2 0.5 19.6614
      vertex 51.4741 0.517965 18.1636
      vertex 51.2 0.5 18.1614
    endloop
  endfacet
  facet normal -0.946929 -0.321443 -0
    outer loop
      vertex 53.2284 3.14352 19.986
      vertex 53.1401 3.40364 18.5179
      vertex 53.2284 3.14352 18.486
    endloop
  endfacet
  facet normal -0.946929 -0.321443 0
    outer loop
      vertex 53.1401 3.40364 18.5179
      vertex 53.2284 3.14352 19.986
      vertex 53.1401 3.40364 20.0179
    endloop
  endfacet
  facet normal -0.195101 -0.980783 0
    outer loop
      vertex 51.4741 4.68203 18.6749
      vertex 51.7435 4.62844 20.1683
      vertex 51.4741 4.68203 20.1749
    endloop
  endfacet
  facet normal -0.195101 -0.980783 -0
    outer loop
      vertex 51.7435 4.62844 20.1683
      vertex 51.4741 4.68203 18.6749
      vertex 51.7435 4.62844 18.6683
    endloop
  endfacet
  facet normal 0.0654196 -0.997858 0
    outer loop
      vertex 50.9259 4.68203 20.1749
      vertex 51.2 4.7 18.6771
      vertex 51.2 4.7 20.1771
    endloop
  endfacet
  facet normal 0.0654196 -0.997858 0
    outer loop
      vertex 51.2 4.7 18.6771
      vertex 50.9259 4.68203 20.1749
      vertex 50.9259 4.68203 18.6749
    endloop
  endfacet
  facet normal -0.946929 0.321443 0
    outer loop
      vertex 53.1401 1.79636 19.8206
      vertex 53.2284 2.05648 18.3525
      vertex 53.1401 1.79636 18.3206
    endloop
  endfacet
  facet normal -0.946929 0.321443 0
    outer loop
      vertex 53.2284 2.05648 18.3525
      vertex 53.1401 1.79636 19.8206
      vertex 53.2284 2.05648 19.8525
    endloop
  endfacet
  facet normal 0.751864 -0.659319 0
    outer loop
      vertex 49.534 3.8784 20.0762
      vertex 49.7151 4.08492 18.6016
      vertex 49.7151 4.08492 20.1016
    endloop
  endfacet
  facet normal 0.751864 -0.659319 0
    outer loop
      vertex 49.7151 4.08492 18.6016
      vertex 49.534 3.8784 20.0762
      vertex 49.534 3.8784 18.5762
    endloop
  endfacet
  facet normal 0.555565 -0.831473 0
    outer loop
      vertex 49.9216 4.26604 20.1238
      vertex 50.15 4.41865 18.6425
      vertex 50.15 4.41865 20.1425
    endloop
  endfacet
  facet normal 0.555565 -0.831473 0
    outer loop
      vertex 50.15 4.41865 18.6425
      vertex 49.9216 4.26604 20.1238
      vertex 49.9216 4.26604 18.6238
    endloop
  endfacet
  facet normal 0.00279092 -0.121848 0.992545
    outer loop
      vertex 53.282 2.8741 18.4529
      vertex 53.282 2.32589 18.3856
      vertex 53.3 2.6 18.4192
    endloop
  endfacet
  facet normal 0.000465636 -0.121848 0.992549
    outer loop
      vertex 53.2284 3.14352 18.486
      vertex 53.282 2.32589 18.3856
      vertex 53.282 2.8741 18.4529
    endloop
  endfacet
  facet normal -0.000251929 -0.121895 0.992543
    outer loop
      vertex 53.2284 3.14352 18.486
      vertex 53.2284 2.05648 18.3525
      vertex 53.282 2.32589 18.3856
    endloop
  endfacet
  facet normal -0.000511277 -0.121895 0.992543
    outer loop
      vertex 53.1401 3.40364 18.5179
      vertex 53.2284 2.05648 18.3525
      vertex 53.2284 3.14352 18.486
    endloop
  endfacet
  facet normal 0.000345791 -0.121839 0.99255
    outer loop
      vertex 53.1401 3.40364 18.5179
      vertex 53.1401 1.79636 18.3206
      vertex 53.2284 2.05648 18.3525
    endloop
  endfacet
  facet normal 0.000476915 -0.121839 0.99255
    outer loop
      vertex 53.0187 3.65 18.5482
      vertex 53.1401 1.79636 18.3206
      vertex 53.1401 3.40364 18.5179
    endloop
  endfacet
  facet normal -0.000365015 -0.121894 0.992543
    outer loop
      vertex 53.0187 3.65 18.5482
      vertex 53.0187 1.55 18.2903
      vertex 53.1401 1.79636 18.3206
    endloop
  endfacet
  facet normal -0.000323017 -0.121894 0.992543
    outer loop
      vertex 52.866 3.8784 18.5762
      vertex 53.0187 1.55 18.2903
      vertex 53.0187 3.65 18.5482
    endloop
  endfacet
  facet normal 0.000265308 -0.121856 0.992548
    outer loop
      vertex 52.866 3.8784 18.5762
      vertex 52.866 1.3216 18.2623
      vertex 53.0187 1.55 18.2903
    endloop
  endfacet
  facet normal 0.00024885 -0.121856 0.992548
    outer loop
      vertex 52.6849 4.08492 18.6016
      vertex 52.866 1.3216 18.2623
      vertex 52.866 3.8784 18.5762
    endloop
  endfacet
  facet normal -0.00021424 -0.121886 0.992544
    outer loop
      vertex 52.6849 4.08492 18.6016
      vertex 52.6849 1.11508 18.2369
      vertex 52.866 1.3216 18.2623
    endloop
  endfacet
  facet normal -0.000200713 -0.121886 0.992544
    outer loop
      vertex 52.4784 4.26604 18.6238
      vertex 52.6849 1.11508 18.2369
      vertex 52.6849 4.08492 18.6016
    endloop
  endfacet
  facet normal 0.000180567 -0.121861 0.992547
    outer loop
      vertex 52.4784 4.26604 18.6238
      vertex 52.4784 0.933957 18.2147
      vertex 52.6849 1.11508 18.2369
    endloop
  endfacet
  facet normal -0.000160152 -0.121861 0.992547
    outer loop
      vertex 52.25 4.41865 18.6425
      vertex 52.4784 0.933957 18.2147
      vertex 52.4784 4.26604 18.6238
    endloop
  endfacet
  facet normal -0.000269107 -0.121868 0.992546
    outer loop
      vertex 52.25 4.41865 18.6425
      vertex 52.25 0.781346 18.1959
      vertex 52.4784 0.933957 18.2147
    endloop
  endfacet
  facet normal 0.000329648 -0.121868 0.992546
    outer loop
      vertex 52.0036 4.54015 18.6575
      vertex 52.25 0.781346 18.1959
      vertex 52.25 4.41865 18.6425
    endloop
  endfacet
  facet normal 7.78472e-05 -0.121884 0.992544
    outer loop
      vertex 52.0036 4.54015 18.6575
      vertex 52.0036 0.659853 18.181
      vertex 52.25 0.781346 18.1959
    endloop
  endfacet
  facet normal -0.000160277 -0.121884 0.992544
    outer loop
      vertex 51.7435 4.62844 18.6683
      vertex 52.0036 0.659853 18.181
      vertex 52.0036 4.54015 18.6575
    endloop
  endfacet
  facet normal 0.000156968 -0.121864 0.992547
    outer loop
      vertex 51.7435 4.62844 18.6683
      vertex 51.7435 0.571555 18.1702
      vertex 52.0036 0.659853 18.181
    endloop
  endfacet
  facet normal 7.47068e-05 -0.121864 0.992547
    outer loop
      vertex 51.4741 4.68203 18.6749
      vertex 51.7435 0.571555 18.1702
      vertex 51.7435 4.62844 18.6683
    endloop
  endfacet
  facet normal -7.27838e-05 -0.121873 0.992546
    outer loop
      vertex 51.4741 4.68203 18.6749
      vertex 51.4741 0.517965 18.1636
      vertex 51.7435 0.571555 18.1702
    endloop
  endfacet
  facet normal -2.35821e-05 -0.121873 0.992546
    outer loop
      vertex 51.2 4.7 18.6771
      vertex 51.4741 0.517965 18.1636
      vertex 51.4741 4.68203 18.6749
    endloop
  endfacet
  facet normal 2.11667e-05 -0.12187 0.992546
    outer loop
      vertex 51.2 4.7 18.6771
      vertex 51.2 0.5 18.1614
      vertex 51.4741 0.517965 18.1636
    endloop
  endfacet
  facet normal 2.33898e-05 -0.12187 0.992546
    outer loop
      vertex 50.9259 4.68203 18.6749
      vertex 51.2 0.5 18.1614
      vertex 51.2 4.7 18.6771
    endloop
  endfacet
  facet normal -2.13589e-05 -0.121873 0.992546
    outer loop
      vertex 50.9259 4.68203 18.6749
      vertex 50.9259 0.517965 18.1636
      vertex 51.2 0.5 18.1614
    endloop
  endfacet
  facet normal -7.27838e-05 -0.121873 0.992546
    outer loop
      vertex 50.6565 4.62844 18.6683
      vertex 50.9259 0.517965 18.1636
      vertex 50.9259 4.68203 18.6749
    endloop
  endfacet
  facet normal 7.47068e-05 -0.121864 0.992547
    outer loop
      vertex 50.6565 4.62844 18.6683
      vertex 50.6565 0.571555 18.1702
      vertex 50.9259 0.517965 18.1636
    endloop
  endfacet
  facet normal 0.00015322 -0.121864 0.992547
    outer loop
      vertex 50.3964 4.54015 18.6575
      vertex 50.6565 0.571555 18.1702
      vertex 50.6565 4.62844 18.6683
    endloop
  endfacet
  facet normal -0.000164026 -0.121884 0.992544
    outer loop
      vertex 50.3964 4.54015 18.6575
      vertex 50.3964 0.659853 18.181
      vertex 50.6565 0.571555 18.1702
    endloop
  endfacet
  facet normal -0.000321508 -0.121884 0.992544
    outer loop
      vertex 50.15 4.41865 18.6425
      vertex 50.3964 0.659853 18.181
      vertex 50.3964 4.54015 18.6575
    endloop
  endfacet
  facet normal -6.97086e-05 -0.121868 0.992546
    outer loop
      vertex 50.15 4.41865 18.6425
      vertex 50.15 0.781346 18.1959
      vertex 50.3964 0.659853 18.181
    endloop
  endfacet
  facet normal 0.000164924 -0.121868 0.992546
    outer loop
      vertex 49.9216 4.26604 18.6238
      vertex 50.15 0.781346 18.1959
      vertex 50.15 4.41865 18.6425
    endloop
  endfacet
  facet normal 0.000273879 -0.121861 0.992547
    outer loop
      vertex 49.9216 4.26604 18.6238
      vertex 49.9216 0.933957 18.2147
      vertex 50.15 0.781346 18.1959
    endloop
  endfacet
  facet normal 0.000178797 -0.121861 0.992547
    outer loop
      vertex 49.7151 4.08492 18.6016
      vertex 49.9216 0.933957 18.2147
      vertex 49.9216 4.26604 18.6238
    endloop
  endfacet
  facet normal -0.000202483 -0.121886 0.992544
    outer loop
      vertex 49.7151 4.08492 18.6016
      vertex 49.7151 1.11508 18.2369
      vertex 49.9216 0.933957 18.2147
    endloop
  endfacet
  facet normal -0.00021424 -0.121886 0.992544
    outer loop
      vertex 49.534 3.8784 18.5762
      vertex 49.7151 1.11508 18.2369
      vertex 49.7151 4.08492 18.6016
    endloop
  endfacet
  facet normal 0.00024885 -0.121856 0.992548
    outer loop
      vertex 49.534 3.8784 18.5762
      vertex 49.534 1.3216 18.2623
      vertex 49.7151 1.11508 18.2369
    endloop
  endfacet
  facet normal 0.000265308 -0.121856 0.992548
    outer loop
      vertex 49.3813 3.65 18.5482
      vertex 49.534 1.3216 18.2623
      vertex 49.534 3.8784 18.5762
    endloop
  endfacet
  facet normal -0.000323017 -0.121894 0.992543
    outer loop
      vertex 49.3813 3.65 18.5482
      vertex 49.3813 1.55 18.2903
      vertex 49.534 1.3216 18.2623
    endloop
  endfacet
  facet normal -0.000365015 -0.121894 0.992543
    outer loop
      vertex 49.2599 3.40364 18.5179
      vertex 49.3813 1.55 18.2903
      vertex 49.3813 3.65 18.5482
    endloop
  endfacet
  facet normal 0.000476915 -0.121839 0.99255
    outer loop
      vertex 49.2599 3.40364 18.5179
      vertex 49.2599 1.79636 18.3206
      vertex 49.3813 1.55 18.2903
    endloop
  endfacet
  facet normal 0.000345791 -0.121839 0.99255
    outer loop
      vertex 49.1716 3.14352 18.486
      vertex 49.2599 1.79636 18.3206
      vertex 49.2599 3.40364 18.5179
    endloop
  endfacet
  facet normal -0.000511277 -0.121895 0.992543
    outer loop
      vertex 49.1716 3.14352 18.486
      vertex 49.1716 2.05648 18.3525
      vertex 49.2599 1.79636 18.3206
    endloop
  endfacet
  facet normal -0.000229187 -0.121895 0.992543
    outer loop
      vertex 49.118 2.8741 18.4529
      vertex 49.1716 2.05648 18.3525
      vertex 49.1716 3.14352 18.486
    endloop
  endfacet
  facet normal 0.000488369 -0.121848 0.992549
    outer loop
      vertex 49.118 2.8741 18.4529
      vertex 49.118 2.32589 18.3856
      vertex 49.1716 2.05648 18.3525
    endloop
  endfacet
  facet normal -0.00279092 -0.121848 0.992545
    outer loop
      vertex 49.118 2.32589 18.3856
      vertex 49.118 2.8741 18.4529
      vertex 49.1 2.6 18.4192
    endloop
  endfacet
  facet normal 0.980778 0.195129 0
    outer loop
      vertex 49.1716 2.05648 19.8525
      vertex 49.118 2.32589 18.3856
      vertex 49.118 2.32589 19.8856
    endloop
  endfacet
  facet normal 0.980778 0.195129 0
    outer loop
      vertex 49.118 2.32589 18.3856
      vertex 49.1716 2.05648 19.8525
      vertex 49.1716 2.05648 18.3525
    endloop
  endfacet
  facet normal -0.980866 -0.194684 -0
    outer loop
      vertex 4.68203 116.574 33.9135
      vertex 4.62844 116.844 32.4466
      vertex 4.68203 116.574 32.4135
    endloop
  endfacet
  facet normal -0.980866 -0.194684 0
    outer loop
      vertex 4.62844 116.844 32.4466
      vertex 4.68203 116.574 33.9135
      vertex 4.62844 116.844 33.9466
    endloop
  endfacet
  facet normal -0.997856 -0.0654433 -0
    outer loop
      vertex 4.7 116.3 33.8798
      vertex 4.68203 116.574 32.4135
      vertex 4.7 116.3 32.3798
    endloop
  endfacet
  facet normal -0.997856 -0.0654433 0
    outer loop
      vertex 4.68203 116.574 32.4135
      vertex 4.7 116.3 33.8798
      vertex 4.68203 116.574 33.9135
    endloop
  endfacet
  facet normal -0.946895 -0.321544 -0
    outer loop
      vertex 4.62844 116.844 33.9466
      vertex 4.54015 117.104 32.4785
      vertex 4.62844 116.844 32.4466
    endloop
  endfacet
  facet normal -0.946895 -0.321544 0
    outer loop
      vertex 4.54015 117.104 32.4785
      vertex 4.62844 116.844 33.9466
      vertex 4.54015 117.104 33.9785
    endloop
  endfacet
  facet normal -0.0655283 0.997851 0
    outer loop
      vertex 2.8741 114.218 32.1242
      vertex 2.6 114.2 33.622
      vertex 2.8741 114.218 33.6242
    endloop
  endfacet
  facet normal -0.0655283 0.997851 0
    outer loop
      vertex 2.6 114.2 33.622
      vertex 2.8741 114.218 32.1242
      vertex 2.6 114.2 32.122
    endloop
  endfacet
  facet normal 0.556546 0.830817 0
    outer loop
      vertex 1.55 114.481 33.6565
      vertex 1.3216 114.634 32.1753
      vertex 1.3216 114.634 33.6753
    endloop
  endfacet
  facet normal 0.556546 0.830817 0
    outer loop
      vertex 1.3216 114.634 32.1753
      vertex 1.55 114.481 33.6565
      vertex 1.55 114.481 32.1565
    endloop
  endfacet
  facet normal -0.896603 -0.442835 -0
    outer loop
      vertex 4.54015 117.104 33.9785
      vertex 4.41865 117.35 32.5088
      vertex 4.54015 117.104 32.4785
    endloop
  endfacet
  facet normal -0.896603 -0.442835 0
    outer loop
      vertex 4.41865 117.35 32.5088
      vertex 4.54015 117.104 33.9785
      vertex 4.41865 117.35 34.0088
    endloop
  endfacet
  facet normal -0.831023 -0.556238 -0
    outer loop
      vertex 4.41865 117.35 34.0088
      vertex 4.26604 117.578 32.5368
      vertex 4.41865 117.35 32.5088
    endloop
  endfacet
  facet normal -0.831023 -0.556238 0
    outer loop
      vertex 4.26604 117.578 32.5368
      vertex 4.41865 117.35 34.0088
      vertex 4.26604 117.578 34.0368
    endloop
  endfacet
  facet normal 0.997857 -0.0654252 0
    outer loop
      vertex 0.5 116.3 33.8798
      vertex 0.517965 116.574 32.4135
      vertex 0.517965 116.574 33.9135
    endloop
  endfacet
  facet normal 0.997857 -0.0654252 0
    outer loop
      vertex 0.517965 116.574 32.4135
      vertex 0.5 116.3 33.8798
      vertex 0.5 116.3 32.3798
    endloop
  endfacet
  facet normal 0.0655259 0.997851 0
    outer loop
      vertex 2.6 114.2 33.622
      vertex 2.32589 114.218 32.1242
      vertex 2.32589 114.218 33.6242
    endloop
  endfacet
  facet normal 0.0655259 0.997851 0
    outer loop
      vertex 2.32589 114.218 32.1242
      vertex 2.6 114.2 33.622
      vertex 2.6 114.2 32.122
    endloop
  endfacet
  facet normal 0.831021 -0.556241 0
    outer loop
      vertex 0.781346 117.35 34.0088
      vertex 0.933957 117.578 32.5368
      vertex 0.933957 117.578 34.0368
    endloop
  endfacet
  facet normal 0.831021 -0.556241 0
    outer loop
      vertex 0.933957 117.578 32.5368
      vertex 0.781346 117.35 34.0088
      vertex 0.781346 117.35 32.5088
    endloop
  endfacet
  facet normal 0.659113 -0.752044 0
    outer loop
      vertex 1.11508 117.785 34.0622
      vertex 1.3216 117.966 32.5844
      vertex 1.3216 117.966 34.0844
    endloop
  endfacet
  facet normal 0.659113 -0.752044 0
    outer loop
      vertex 1.3216 117.966 32.5844
      vertex 1.11508 117.785 34.0622
      vertex 1.11508 117.785 32.5622
    endloop
  endfacet
  facet normal 0.196529 -0.980498 0
    outer loop
      vertex 2.05648 118.328 34.1289
      vertex 2.32589 118.382 32.6355
      vertex 2.32589 118.382 34.1355
    endloop
  endfacet
  facet normal 0.196529 -0.980498 0
    outer loop
      vertex 2.32589 118.382 32.6355
      vertex 2.05648 118.328 34.1289
      vertex 2.05648 118.328 32.6289
    endloop
  endfacet
  facet normal -0.196522 0.980499 0
    outer loop
      vertex 3.14352 114.272 32.1308
      vertex 2.8741 114.218 33.6242
      vertex 3.14352 114.272 33.6308
    endloop
  endfacet
  facet normal -0.196522 0.980499 0
    outer loop
      vertex 2.8741 114.218 33.6242
      vertex 3.14352 114.272 32.1308
      vertex 2.8741 114.218 32.1242
    endloop
  endfacet
  facet normal -0.0655283 -0.997851 0
    outer loop
      vertex 2.6 118.4 32.6377
      vertex 2.8741 118.382 34.1355
      vertex 2.6 118.4 34.1377
    endloop
  endfacet
  facet normal -0.0655283 -0.997851 -0
    outer loop
      vertex 2.8741 118.382 34.1355
      vertex 2.6 118.4 32.6377
      vertex 2.8741 118.382 32.6355
    endloop
  endfacet
  facet normal -0.440848 -0.897582 0
    outer loop
      vertex 3.40364 118.24 32.6181
      vertex 3.65 118.119 34.1031
      vertex 3.40364 118.24 34.1181
    endloop
  endfacet
  facet normal -0.440848 -0.897582 -0
    outer loop
      vertex 3.65 118.119 34.1031
      vertex 3.40364 118.24 32.6181
      vertex 3.65 118.119 32.6031
    endloop
  endfacet
  facet normal -0.752586 -0.658494 -0
    outer loop
      vertex 4.26604 117.578 34.0368
      vertex 4.08492 117.785 32.5622
      vertex 4.26604 117.578 32.5368
    endloop
  endfacet
  facet normal -0.752586 -0.658494 0
    outer loop
      vertex 4.08492 117.785 32.5622
      vertex 4.26604 117.578 34.0368
      vertex 4.08492 117.785 34.0622
    endloop
  endfacet
  facet normal -0.659113 0.752044 0
    outer loop
      vertex 4.08492 114.815 32.1975
      vertex 3.8784 114.634 33.6753
      vertex 4.08492 114.815 33.6975
    endloop
  endfacet
  facet normal -0.659113 0.752044 0
    outer loop
      vertex 3.8784 114.634 33.6753
      vertex 4.08492 114.815 32.1975
      vertex 3.8784 114.634 32.1753
    endloop
  endfacet
  facet normal 0.75258 0.6585 0
    outer loop
      vertex 1.11508 114.815 33.6975
      vertex 0.933957 115.022 32.2229
      vertex 0.933957 115.022 33.7229
    endloop
  endfacet
  facet normal 0.75258 0.6585 0
    outer loop
      vertex 0.933957 115.022 32.2229
      vertex 1.11508 114.815 33.6975
      vertex 1.11508 114.815 32.1975
    endloop
  endfacet
  facet normal -0.946895 0.321544 0
    outer loop
      vertex 4.54015 115.496 33.7812
      vertex 4.62844 115.756 32.3131
      vertex 4.54015 115.496 32.2812
    endloop
  endfacet
  facet normal -0.946895 0.321544 0
    outer loop
      vertex 4.62844 115.756 32.3131
      vertex 4.54015 115.496 33.7812
      vertex 4.62844 115.756 33.8131
    endloop
  endfacet
  facet normal 0.75258 -0.6585 0
    outer loop
      vertex 0.933957 117.578 34.0368
      vertex 1.11508 117.785 32.5622
      vertex 1.11508 117.785 34.0622
    endloop
  endfacet
  facet normal 0.75258 -0.6585 0
    outer loop
      vertex 1.11508 117.785 32.5622
      vertex 0.933957 117.578 34.0368
      vertex 0.933957 117.578 32.5368
    endloop
  endfacet
  facet normal 0.440848 -0.897582 0
    outer loop
      vertex 1.55 118.119 34.1031
      vertex 1.79636 118.24 32.6181
      vertex 1.79636 118.24 34.1181
    endloop
  endfacet
  facet normal 0.440848 -0.897582 0
    outer loop
      vertex 1.79636 118.24 32.6181
      vertex 1.55 118.119 34.1031
      vertex 1.55 118.119 32.6031
    endloop
  endfacet
  facet normal -0.997856 0.0654433 0
    outer loop
      vertex 4.68203 116.026 33.8462
      vertex 4.7 116.3 32.3798
      vertex 4.68203 116.026 32.3462
    endloop
  endfacet
  facet normal -0.997856 0.0654433 0
    outer loop
      vertex 4.7 116.3 32.3798
      vertex 4.68203 116.026 33.8462
      vertex 4.7 116.3 33.8798
    endloop
  endfacet
  facet normal 0.896613 -0.442814 0
    outer loop
      vertex 0.659853 117.104 33.9785
      vertex 0.781346 117.35 32.5088
      vertex 0.781346 117.35 34.0088
    endloop
  endfacet
  facet normal 0.896613 -0.442814 0
    outer loop
      vertex 0.781346 117.35 32.5088
      vertex 0.659853 117.104 33.9785
      vertex 0.659853 117.104 32.4785
    endloop
  endfacet
  facet normal -0.556546 -0.830817 0
    outer loop
      vertex 3.65 118.119 32.6031
      vertex 3.8784 117.966 34.0844
      vertex 3.65 118.119 34.1031
    endloop
  endfacet
  facet normal -0.556546 -0.830817 -0
    outer loop
      vertex 3.8784 117.966 34.0844
      vertex 3.65 118.119 32.6031
      vertex 3.8784 117.966 32.5844
    endloop
  endfacet
  facet normal -0.320463 -0.947261 0
    outer loop
      vertex 3.14352 118.328 32.6289
      vertex 3.40364 118.24 34.1181
      vertex 3.14352 118.328 34.1289
    endloop
  endfacet
  facet normal -0.320463 -0.947261 -0
    outer loop
      vertex 3.40364 118.24 34.1181
      vertex 3.14352 118.328 32.6289
      vertex 3.40364 118.24 32.6181
    endloop
  endfacet
  facet normal -0.659113 -0.752044 0
    outer loop
      vertex 3.8784 117.966 32.5844
      vertex 4.08492 117.785 34.0622
      vertex 3.8784 117.966 34.0844
    endloop
  endfacet
  facet normal -0.659113 -0.752044 -0
    outer loop
      vertex 4.08492 117.785 34.0622
      vertex 3.8784 117.966 32.5844
      vertex 4.08492 117.785 32.5622
    endloop
  endfacet
  facet normal -0.980866 0.194684 0
    outer loop
      vertex 4.62844 115.756 33.8131
      vertex 4.68203 116.026 32.3462
      vertex 4.62844 115.756 32.3131
    endloop
  endfacet
  facet normal -0.980866 0.194684 0
    outer loop
      vertex 4.68203 116.026 32.3462
      vertex 4.62844 115.756 33.8131
      vertex 4.68203 116.026 33.8462
    endloop
  endfacet
  facet normal -0.440848 0.897582 0
    outer loop
      vertex 3.65 114.481 32.1565
      vertex 3.40364 114.36 33.6416
      vertex 3.65 114.481 33.6565
    endloop
  endfacet
  facet normal -0.440848 0.897582 0
    outer loop
      vertex 3.40364 114.36 33.6416
      vertex 3.65 114.481 32.1565
      vertex 3.40364 114.36 32.1416
    endloop
  endfacet
  facet normal -0.556546 0.830817 0
    outer loop
      vertex 3.8784 114.634 32.1753
      vertex 3.65 114.481 33.6565
      vertex 3.8784 114.634 33.6753
    endloop
  endfacet
  facet normal -0.556546 0.830817 0
    outer loop
      vertex 3.65 114.481 33.6565
      vertex 3.8784 114.634 32.1753
      vertex 3.65 114.481 32.1565
    endloop
  endfacet
  facet normal 0.0655259 -0.997851 0
    outer loop
      vertex 2.32589 118.382 34.1355
      vertex 2.6 118.4 32.6377
      vertex 2.6 118.4 34.1377
    endloop
  endfacet
  facet normal 0.0655259 -0.997851 0
    outer loop
      vertex 2.6 118.4 32.6377
      vertex 2.32589 118.382 34.1355
      vertex 2.32589 118.382 32.6355
    endloop
  endfacet
  facet normal 0.946886 0.32157 0
    outer loop
      vertex 0.659853 115.496 33.7812
      vertex 0.571555 115.756 32.3131
      vertex 0.571555 115.756 33.8131
    endloop
  endfacet
  facet normal 0.946886 0.32157 0
    outer loop
      vertex 0.571555 115.756 32.3131
      vertex 0.659853 115.496 33.7812
      vertex 0.659853 115.496 32.2812
    endloop
  endfacet
  facet normal -0.752586 0.658494 0
    outer loop
      vertex 4.08492 114.815 33.6975
      vertex 4.26604 115.022 32.2229
      vertex 4.08492 114.815 32.1975
    endloop
  endfacet
  facet normal -0.752586 0.658494 0
    outer loop
      vertex 4.26604 115.022 32.2229
      vertex 4.08492 114.815 33.6975
      vertex 4.26604 115.022 33.7229
    endloop
  endfacet
  facet normal -0.896603 0.442835 0
    outer loop
      vertex 4.41865 115.25 33.7509
      vertex 4.54015 115.496 32.2812
      vertex 4.41865 115.25 32.2509
    endloop
  endfacet
  facet normal -0.896603 0.442835 0
    outer loop
      vertex 4.54015 115.496 32.2812
      vertex 4.41865 115.25 33.7509
      vertex 4.54015 115.496 33.7812
    endloop
  endfacet
  facet normal 0.980866 0.194684 0
    outer loop
      vertex 0.571555 115.756 33.8131
      vertex 0.517965 116.026 32.3462
      vertex 0.517965 116.026 33.8462
    endloop
  endfacet
  facet normal 0.980866 0.194684 0
    outer loop
      vertex 0.517965 116.026 32.3462
      vertex 0.571555 115.756 33.8131
      vertex 0.571555 115.756 32.3131
    endloop
  endfacet
  facet normal 0.659113 0.752044 0
    outer loop
      vertex 1.3216 114.634 33.6753
      vertex 1.11508 114.815 32.1975
      vertex 1.11508 114.815 33.6975
    endloop
  endfacet
  facet normal 0.659113 0.752044 0
    outer loop
      vertex 1.11508 114.815 32.1975
      vertex 1.3216 114.634 33.6753
      vertex 1.3216 114.634 32.1753
    endloop
  endfacet
  facet normal -0.320463 0.947261 0
    outer loop
      vertex 3.40364 114.36 32.1416
      vertex 3.14352 114.272 33.6308
      vertex 3.40364 114.36 33.6416
    endloop
  endfacet
  facet normal -0.320463 0.947261 0
    outer loop
      vertex 3.14352 114.272 33.6308
      vertex 3.40364 114.36 32.1416
      vertex 3.14352 114.272 32.1308
    endloop
  endfacet
  facet normal 0.00276166 -0.121894 0.992539
    outer loop
      vertex 4.68203 116.574 32.4135
      vertex 4.68203 116.026 32.3462
      vertex 4.7 116.3 32.3798
    endloop
  endfacet
  facet normal -0.00108828 -0.121894 0.992542
    outer loop
      vertex 4.62844 116.844 32.4466
      vertex 4.68203 116.026 32.3462
      vertex 4.68203 116.574 32.4135
    endloop
  endfacet
  facet normal 0.000548148 -0.121789 0.992556
    outer loop
      vertex 4.62844 116.844 32.4466
      vertex 4.62844 115.756 32.3131
      vertex 4.68203 116.026 32.3462
    endloop
  endfacet
  facet normal -2.89316e-05 -0.121789 0.992556
    outer loop
      vertex 4.54015 117.104 32.4785
      vertex 4.62844 115.756 32.3131
      vertex 4.62844 116.844 32.4466
    endloop
  endfacet
  facet normal 1.95756e-05 -0.121786 0.992556
    outer loop
      vertex 4.54015 117.104 32.4785
      vertex 4.54015 115.496 32.2812
      vertex 4.62844 115.756 32.3131
    endloop
  endfacet
  facet normal 0.000947991 -0.121786 0.992556
    outer loop
      vertex 4.41865 117.35 32.5088
      vertex 4.54015 115.496 32.2812
      vertex 4.54015 117.104 32.4785
    endloop
  endfacet
  facet normal -0.000725881 -0.121894 0.992543
    outer loop
      vertex 4.41865 117.35 32.5088
      vertex 4.41865 115.25 32.2509
      vertex 4.54015 115.496 32.2812
    endloop
  endfacet
  facet normal -3.71645e-06 -0.121894 0.992543
    outer loop
      vertex 4.26604 117.578 32.5368
      vertex 4.41865 115.25 32.2509
      vertex 4.41865 117.35 32.5088
    endloop
  endfacet
  facet normal 3.05342e-06 -0.121893 0.992543
    outer loop
      vertex 4.26604 117.578 32.5368
      vertex 4.26604 115.022 32.2229
      vertex 4.41865 115.25 32.2509
    endloop
  endfacet
  facet normal -0.000117705 -0.121893 0.992543
    outer loop
      vertex 4.08492 117.785 32.5622
      vertex 4.26604 115.022 32.2229
      vertex 4.26604 117.578 32.5368
    endloop
  endfacet
  facet normal 0.000101298 -0.121879 0.992545
    outer loop
      vertex 4.08492 117.785 32.5622
      vertex 4.08492 114.815 32.1975
      vertex 4.26604 115.022 32.2229
    endloop
  endfacet
  facet normal -0.000124116 -0.121879 0.992545
    outer loop
      vertex 3.8784 117.966 32.5844
      vertex 4.08492 114.815 32.1975
      vertex 4.08492 117.785 32.5622
    endloop
  endfacet
  facet normal 0.000110632 -0.121864 0.992547
    outer loop
      vertex 3.8784 117.966 32.5844
      vertex 3.8784 114.634 32.1753
      vertex 4.08492 114.815 32.1975
    endloop
  endfacet
  facet normal -0.000370267 -0.121864 0.992547
    outer loop
      vertex 3.65 118.119 32.6031
      vertex 3.8784 114.634 32.1753
      vertex 3.8784 117.966 32.5844
    endloop
  endfacet
  facet normal -7.7166e-05 -0.121845 0.992549
    outer loop
      vertex 3.65 118.119 32.6031
      vertex 3.65 114.481 32.1565
      vertex 3.8784 114.634 32.1753
    endloop
  endfacet
  facet normal 0.000588492 -0.121845 0.992549
    outer loop
      vertex 3.40364 118.24 32.6181
      vertex 3.65 114.481 32.1565
      vertex 3.65 118.119 32.6031
    endloop
  endfacet
  facet normal -0.000161465 -0.121894 0.992543
    outer loop
      vertex 3.40364 118.24 32.6181
      vertex 3.40364 114.36 32.1416
      vertex 3.65 114.481 32.1565
    endloop
  endfacet
  facet normal -2.75361e-05 -0.121894 0.992543
    outer loop
      vertex 3.14352 118.328 32.6289
      vertex 3.40364 114.36 32.1416
      vertex 3.40364 118.24 32.6181
    endloop
  endfacet
  facet normal 2.63412e-05 -0.12189 0.992544
    outer loop
      vertex 3.14352 118.328 32.6289
      vertex 3.14352 114.272 32.1308
      vertex 3.40364 114.36 32.1416
    endloop
  endfacet
  facet normal -0.000116079 -0.12189 0.992544
    outer loop
      vertex 2.8741 118.382 32.6355
      vertex 3.14352 114.272 32.1308
      vertex 3.14352 118.328 32.6289
    endloop
  endfacet
  facet normal 0.000113068 -0.121875 0.992545
    outer loop
      vertex 2.8741 118.382 32.6355
      vertex 2.8741 114.218 32.1242
      vertex 3.14352 114.272 32.1308
    endloop
  endfacet
  facet normal -3.70459e-05 -0.121875 0.992545
    outer loop
      vertex 2.6 118.4 32.6377
      vertex 2.8741 114.218 32.1242
      vertex 2.8741 118.382 32.6355
    endloop
  endfacet
  facet normal 3.67284e-05 -0.12187 0.992546
    outer loop
      vertex 2.6 118.4 32.6377
      vertex 2.6 114.2 32.122
      vertex 2.8741 114.218 32.1242
    endloop
  endfacet
  facet normal 3.67271e-05 -0.12187 0.992546
    outer loop
      vertex 2.32589 118.382 32.6355
      vertex 2.6 114.2 32.122
      vertex 2.6 118.4 32.6377
    endloop
  endfacet
  facet normal -3.70446e-05 -0.121875 0.992545
    outer loop
      vertex 2.32589 118.382 32.6355
      vertex 2.32589 114.218 32.1242
      vertex 2.6 114.2 32.122
    endloop
  endfacet
  facet normal 0.000113072 -0.121875 0.992545
    outer loop
      vertex 2.05648 118.328 32.6289
      vertex 2.32589 114.218 32.1242
      vertex 2.32589 118.382 32.6355
    endloop
  endfacet
  facet normal -0.000116083 -0.12189 0.992544
    outer loop
      vertex 2.05648 118.328 32.6289
      vertex 2.05648 114.272 32.1308
      vertex 2.32589 114.218 32.1242
    endloop
  endfacet
  facet normal 2.63412e-05 -0.12189 0.992544
    outer loop
      vertex 1.79636 118.24 32.6181
      vertex 2.05648 114.272 32.1308
      vertex 2.05648 118.328 32.6289
    endloop
  endfacet
  facet normal -2.75361e-05 -0.121894 0.992543
    outer loop
      vertex 1.79636 118.24 32.6181
      vertex 1.79636 114.36 32.1416
      vertex 2.05648 114.272 32.1308
    endloop
  endfacet
  facet normal -0.000564348 -0.121893 0.992543
    outer loop
      vertex 1.55 118.119 32.6031
      vertex 1.79636 114.36 32.1416
      vertex 1.79636 118.24 32.6181
    endloop
  endfacet
  facet normal 0.000185606 -0.121845 0.992549
    outer loop
      vertex 1.55 118.119 32.6031
      vertex 1.55 114.481 32.1565
      vertex 1.79636 114.36 32.1416
    endloop
  endfacet
  facet normal 0.0003574 -0.121845 0.992549
    outer loop
      vertex 1.3216 117.966 32.5844
      vertex 1.55 114.481 32.1565
      vertex 1.55 118.119 32.6031
    endloop
  endfacet
  facet normal 6.42979e-05 -0.121864 0.992547
    outer loop
      vertex 1.3216 117.966 32.5844
      vertex 1.3216 114.634 32.1753
      vertex 1.55 114.481 32.1565
    endloop
  endfacet
  facet normal 0.000110632 -0.121864 0.992547
    outer loop
      vertex 1.11508 117.785 32.5622
      vertex 1.3216 114.634 32.1753
      vertex 1.3216 117.966 32.5844
    endloop
  endfacet
  facet normal -0.000124116 -0.121879 0.992545
    outer loop
      vertex 1.11508 117.785 32.5622
      vertex 1.11508 114.815 32.1975
      vertex 1.3216 114.634 32.1753
    endloop
  endfacet
  facet normal 0.000101296 -0.121879 0.992545
    outer loop
      vertex 0.933957 117.578 32.5368
      vertex 1.11508 114.815 32.1975
      vertex 1.11508 117.785 32.5622
    endloop
  endfacet
  facet normal -0.000117703 -0.121893 0.992543
    outer loop
      vertex 0.933957 117.578 32.5368
      vertex 0.933957 115.022 32.2229
      vertex 1.11508 114.815 32.1975
    endloop
  endfacet
  facet normal 3.0534e-06 -0.121893 0.992543
    outer loop
      vertex 0.781346 117.35 32.5088
      vertex 0.933957 115.022 32.2229
      vertex 0.933957 117.578 32.5368
    endloop
  endfacet
  facet normal -3.71643e-06 -0.121894 0.992543
    outer loop
      vertex 0.781346 117.35 32.5088
      vertex 0.781346 115.25 32.2509
      vertex 0.933957 115.022 32.2229
    endloop
  endfacet
  facet normal -0.000725923 -0.121894 0.992543
    outer loop
      vertex 0.659853 117.104 32.4785
      vertex 0.781346 115.25 32.2509
      vertex 0.781346 117.35 32.5088
    endloop
  endfacet
  facet normal 0.000948046 -0.121786 0.992556
    outer loop
      vertex 0.659853 117.104 32.4785
      vertex 0.659853 115.496 32.2812
      vertex 0.781346 115.25 32.2509
    endloop
  endfacet
  facet normal 1.95739e-05 -0.121786 0.992556
    outer loop
      vertex 0.571555 116.844 32.4466
      vertex 0.659853 115.496 32.2812
      vertex 0.659853 117.104 32.4785
    endloop
  endfacet
  facet normal -2.8929e-05 -0.121789 0.992556
    outer loop
      vertex 0.571555 116.844 32.4466
      vertex 0.571555 115.756 32.3131
      vertex 0.659853 115.496 32.2812
    endloop
  endfacet
  facet normal 0.000548148 -0.121789 0.992556
    outer loop
      vertex 0.517965 116.574 32.4135
      vertex 0.571555 115.756 32.3131
      vertex 0.571555 116.844 32.4466
    endloop
  endfacet
  facet normal -0.00108828 -0.121894 0.992542
    outer loop
      vertex 0.517965 116.574 32.4135
      vertex 0.517965 116.026 32.3462
      vertex 0.571555 115.756 32.3131
    endloop
  endfacet
  facet normal -0.00276242 -0.121894 0.992539
    outer loop
      vertex 0.517965 116.026 32.3462
      vertex 0.517965 116.574 32.4135
      vertex 0.5 116.3 32.3798
    endloop
  endfacet
  facet normal 0.997857 0.0654252 0
    outer loop
      vertex 0.517965 116.026 33.8462
      vertex 0.5 116.3 32.3798
      vertex 0.5 116.3 33.8798
    endloop
  endfacet
  facet normal 0.997857 0.0654252 0
    outer loop
      vertex 0.5 116.3 32.3798
      vertex 0.517965 116.026 33.8462
      vertex 0.517965 116.026 32.3462
    endloop
  endfacet
  facet normal 0.556546 -0.830817 0
    outer loop
      vertex 1.3216 117.966 34.0844
      vertex 1.55 118.119 32.6031
      vertex 1.55 118.119 34.1031
    endloop
  endfacet
  facet normal 0.556546 -0.830817 0
    outer loop
      vertex 1.55 118.119 32.6031
      vertex 1.3216 117.966 34.0844
      vertex 1.3216 117.966 32.5844
    endloop
  endfacet
  facet normal 0.980866 -0.194684 0
    outer loop
      vertex 0.517965 116.574 33.9135
      vertex 0.571555 116.844 32.4466
      vertex 0.571555 116.844 33.9466
    endloop
  endfacet
  facet normal 0.980866 -0.194684 0
    outer loop
      vertex 0.571555 116.844 32.4466
      vertex 0.517965 116.574 33.9135
      vertex 0.517965 116.574 32.4135
    endloop
  endfacet
  facet normal 0.896613 0.442814 0
    outer loop
      vertex 0.781346 115.25 33.7509
      vertex 0.659853 115.496 32.2812
      vertex 0.659853 115.496 33.7812
    endloop
  endfacet
  facet normal 0.896613 0.442814 0
    outer loop
      vertex 0.659853 115.496 32.2812
      vertex 0.781346 115.25 33.7509
      vertex 0.781346 115.25 32.2509
    endloop
  endfacet
  facet normal 0.196529 0.980498 0
    outer loop
      vertex 2.32589 114.218 33.6242
      vertex 2.05648 114.272 32.1308
      vertex 2.05648 114.272 33.6308
    endloop
  endfacet
  facet normal 0.196529 0.980498 0
    outer loop
      vertex 2.05648 114.272 32.1308
      vertex 2.32589 114.218 33.6242
      vertex 2.32589 114.218 32.1242
    endloop
  endfacet
  facet normal -0.831023 0.556238 0
    outer loop
      vertex 4.26604 115.022 33.7229
      vertex 4.41865 115.25 32.2509
      vertex 4.26604 115.022 32.2229
    endloop
  endfacet
  facet normal -0.831023 0.556238 0
    outer loop
      vertex 4.41865 115.25 32.2509
      vertex 4.26604 115.022 33.7229
      vertex 4.41865 115.25 33.7509
    endloop
  endfacet
  facet normal 0.320463 -0.947261 0
    outer loop
      vertex 1.79636 118.24 34.1181
      vertex 2.05648 118.328 32.6289
      vertex 2.05648 118.328 34.1289
    endloop
  endfacet
  facet normal 0.320463 -0.947261 0
    outer loop
      vertex 2.05648 118.328 32.6289
      vertex 1.79636 118.24 34.1181
      vertex 1.79636 118.24 32.6181
    endloop
  endfacet
  facet normal -0.196522 -0.980499 0
    outer loop
      vertex 2.8741 118.382 32.6355
      vertex 3.14352 118.328 34.1289
      vertex 2.8741 118.382 34.1355
    endloop
  endfacet
  facet normal -0.196522 -0.980499 -0
    outer loop
      vertex 3.14352 118.328 34.1289
      vertex 2.8741 118.382 32.6355
      vertex 3.14352 118.328 32.6289
    endloop
  endfacet
  facet normal 0.440848 0.897582 0
    outer loop
      vertex 1.79636 114.36 33.6416
      vertex 1.55 114.481 32.1565
      vertex 1.55 114.481 33.6565
    endloop
  endfacet
  facet normal 0.440848 0.897582 0
    outer loop
      vertex 1.55 114.481 32.1565
      vertex 1.79636 114.36 33.6416
      vertex 1.79636 114.36 32.1416
    endloop
  endfacet
  facet normal 0.320463 0.947261 0
    outer loop
      vertex 2.05648 114.272 33.6308
      vertex 1.79636 114.36 32.1416
      vertex 1.79636 114.36 33.6416
    endloop
  endfacet
  facet normal 0.320463 0.947261 0
    outer loop
      vertex 1.79636 114.36 32.1416
      vertex 2.05648 114.272 33.6308
      vertex 2.05648 114.272 32.1308
    endloop
  endfacet
  facet normal 0.831021 0.556241 0
    outer loop
      vertex 0.933957 115.022 33.7229
      vertex 0.781346 115.25 32.2509
      vertex 0.781346 115.25 33.7509
    endloop
  endfacet
  facet normal 0.831021 0.556241 0
    outer loop
      vertex 0.781346 115.25 32.2509
      vertex 0.933957 115.022 33.7229
      vertex 0.933957 115.022 32.2229
    endloop
  endfacet
  facet normal 0.946886 -0.32157 0
    outer loop
      vertex 0.571555 116.844 33.9466
      vertex 0.659853 117.104 32.4785
      vertex 0.659853 117.104 33.9785
    endloop
  endfacet
  facet normal 0.946886 -0.32157 0
    outer loop
      vertex 0.659853 117.104 32.4785
      vertex 0.571555 116.844 33.9466
      vertex 0.571555 116.844 32.4466
    endloop
  endfacet
  facet normal -0.196116 0.980581 0
    outer loop
      vertex 100.344 114.272 32.1308
      vertex 100.074 114.218 33.6242
      vertex 100.344 114.272 33.6308
    endloop
  endfacet
  facet normal -0.196116 0.980581 0
    outer loop
      vertex 100.074 114.218 33.6242
      vertex 100.344 114.272 32.1308
      vertex 100.074 114.218 32.1242
    endloop
  endfacet
  facet normal -0.980581 -0.196116 -0
    outer loop
      vertex 101.882 116.574 33.9135
      vertex 101.828 116.844 32.4466
      vertex 101.882 116.574 32.4135
    endloop
  endfacet
  facet normal -0.980581 -0.196116 0
    outer loop
      vertex 101.828 116.844 32.4466
      vertex 101.882 116.574 33.9135
      vertex 101.828 116.844 33.9466
    endloop
  endfacet
  facet normal -0.997849 -0.0655521 -0
    outer loop
      vertex 101.9 116.3 33.8798
      vertex 101.882 116.574 32.4135
      vertex 101.9 116.3 32.3798
    endloop
  endfacet
  facet normal -0.997849 -0.0655521 0
    outer loop
      vertex 101.882 116.574 32.4135
      vertex 101.9 116.3 33.8798
      vertex 101.882 116.574 33.9135
    endloop
  endfacet
  facet normal -0.947216 -0.320596 -0
    outer loop
      vertex 101.828 116.844 33.9466
      vertex 101.74 117.104 32.4785
      vertex 101.828 116.844 32.4466
    endloop
  endfacet
  facet normal -0.947216 -0.320596 0
    outer loop
      vertex 101.74 117.104 32.4785
      vertex 101.828 116.844 33.9466
      vertex 101.74 117.104 33.9785
    endloop
  endfacet
  facet normal -0.0655521 0.997849 0
    outer loop
      vertex 100.074 114.218 32.1242
      vertex 99.8 114.2 33.622
      vertex 100.074 114.218 33.6242
    endloop
  endfacet
  facet normal -0.0655521 0.997849 0
    outer loop
      vertex 99.8 114.2 33.622
      vertex 100.074 114.218 32.1242
      vertex 99.8 114.2 32.122
    endloop
  endfacet
  facet normal 0.830871 -0.556465 0
    outer loop
      vertex 97.9813 117.35 34.0088
      vertex 98.134 117.578 32.5368
      vertex 98.134 117.578 34.0368
    endloop
  endfacet
  facet normal 0.830871 -0.556465 0
    outer loop
      vertex 98.134 117.578 32.5368
      vertex 97.9813 117.35 34.0088
      vertex 97.9813 117.35 32.5088
    endloop
  endfacet
  facet normal -0.441368 0.897326 0
    outer loop
      vertex 100.85 114.481 32.1565
      vertex 100.604 114.36 33.6416
      vertex 100.85 114.481 33.6565
    endloop
  endfacet
  facet normal -0.441368 0.897326 0
    outer loop
      vertex 100.604 114.36 33.6416
      vertex 100.85 114.481 32.1565
      vertex 100.604 114.36 32.1416
    endloop
  endfacet
  facet normal -0.441368 -0.897326 0
    outer loop
      vertex 100.604 118.24 32.6181
      vertex 100.85 118.119 34.1031
      vertex 100.604 118.24 34.1181
    endloop
  endfacet
  facet normal -0.441368 -0.897326 -0
    outer loop
      vertex 100.85 118.119 34.1031
      vertex 100.604 118.24 32.6181
      vertex 100.85 118.119 32.6031
    endloop
  endfacet
  facet normal -0.980581 0.196116 0
    outer loop
      vertex 101.828 115.756 33.8131
      vertex 101.882 116.026 32.3462
      vertex 101.828 115.756 32.3131
    endloop
  endfacet
  facet normal -0.980581 0.196116 0
    outer loop
      vertex 101.882 116.026 32.3462
      vertex 101.828 115.756 33.8131
      vertex 101.882 116.026 33.8462
    endloop
  endfacet
  facet normal 0.997849 0.0655521 0
    outer loop
      vertex 97.718 116.026 33.8462
      vertex 97.7 116.3 32.3798
      vertex 97.7 116.3 33.8798
    endloop
  endfacet
  facet normal 0.997849 0.0655521 0
    outer loop
      vertex 97.7 116.3 32.3798
      vertex 97.718 116.026 33.8462
      vertex 97.718 116.026 32.3462
    endloop
  endfacet
  facet normal 0.0655283 -0.997851 0
    outer loop
      vertex 99.5259 118.382 34.1355
      vertex 99.8 118.4 32.6377
      vertex 99.8 118.4 34.1377
    endloop
  endfacet
  facet normal 0.0655283 -0.997851 0
    outer loop
      vertex 99.8 118.4 32.6377
      vertex 99.5259 118.382 34.1355
      vertex 99.5259 118.382 32.6355
    endloop
  endfacet
  facet normal 0.320486 -0.947253 0
    outer loop
      vertex 98.9964 118.24 34.1181
      vertex 99.2565 118.328 32.6289
      vertex 99.2565 118.328 34.1289
    endloop
  endfacet
  facet normal 0.320486 -0.947253 0
    outer loop
      vertex 99.2565 118.328 32.6289
      vertex 98.9964 118.24 34.1181
      vertex 98.9964 118.24 32.6181
    endloop
  endfacet
  facet normal -0.947216 0.320596 0
    outer loop
      vertex 101.74 115.496 33.7812
      vertex 101.828 115.756 32.3131
      vertex 101.74 115.496 32.2812
    endloop
  endfacet
  facet normal -0.947216 0.320596 0
    outer loop
      vertex 101.828 115.756 32.3131
      vertex 101.74 115.496 33.7812
      vertex 101.828 115.756 33.8131
    endloop
  endfacet
  facet normal -0.897326 -0.441368 -0
    outer loop
      vertex 101.74 117.104 33.9785
      vertex 101.619 117.35 32.5088
      vertex 101.74 117.104 32.4785
    endloop
  endfacet
  facet normal -0.897326 -0.441368 0
    outer loop
      vertex 101.619 117.35 32.5088
      vertex 101.74 117.104 33.9785
      vertex 101.619 117.35 34.0088
    endloop
  endfacet
  facet normal -0.752802 0.658247 0
    outer loop
      vertex 101.285 114.815 33.6975
      vertex 101.466 115.022 32.2229
      vertex 101.285 114.815 32.1975
    endloop
  endfacet
  facet normal -0.752802 0.658247 0
    outer loop
      vertex 101.466 115.022 32.2229
      vertex 101.285 114.815 33.6975
      vertex 101.466 115.022 33.7229
    endloop
  endfacet
  facet normal -0.320596 0.947216 0
    outer loop
      vertex 100.604 114.36 32.1416
      vertex 100.344 114.272 33.6308
      vertex 100.604 114.36 33.6416
    endloop
  endfacet
  facet normal -0.320596 0.947216 0
    outer loop
      vertex 100.344 114.272 33.6308
      vertex 100.604 114.36 32.1416
      vertex 100.344 114.272 32.1308
    endloop
  endfacet
  facet normal 0.946884 0.321576 0
    outer loop
      vertex 97.8599 115.496 33.7812
      vertex 97.7716 115.756 32.3131
      vertex 97.7716 115.756 33.8131
    endloop
  endfacet
  facet normal 0.946884 0.321576 0
    outer loop
      vertex 97.7716 115.756 32.3131
      vertex 97.8599 115.496 33.7812
      vertex 97.8599 115.496 32.2812
    endloop
  endfacet
  facet normal -0.830366 0.557219 0
    outer loop
      vertex 101.466 115.022 33.7229
      vertex 101.619 115.25 32.2509
      vertex 101.466 115.022 32.2229
    endloop
  endfacet
  facet normal -0.830366 0.557219 0
    outer loop
      vertex 101.619 115.25 32.2509
      vertex 101.466 115.022 33.7229
      vertex 101.619 115.25 33.7509
    endloop
  endfacet
  facet normal 0.440791 -0.89761 0
    outer loop
      vertex 98.75 118.119 34.1031
      vertex 98.9964 118.24 32.6181
      vertex 98.9964 118.24 34.1181
    endloop
  endfacet
  facet normal 0.440791 -0.89761 0
    outer loop
      vertex 98.9964 118.24 32.6181
      vertex 98.75 118.119 34.1031
      vertex 98.75 118.119 32.6031
    endloop
  endfacet
  facet normal 0.196536 -0.980497 0
    outer loop
      vertex 99.2565 118.328 34.1289
      vertex 99.5259 118.382 32.6355
      vertex 99.5259 118.382 34.1355
    endloop
  endfacet
  facet normal 0.196536 -0.980497 0
    outer loop
      vertex 99.5259 118.382 32.6355
      vertex 99.2565 118.328 34.1289
      vertex 99.2565 118.328 32.6289
    endloop
  endfacet
  facet normal -0.658247 -0.752802 0
    outer loop
      vertex 101.078 117.966 32.5844
      vertex 101.285 117.785 34.0622
      vertex 101.078 117.966 34.0844
    endloop
  endfacet
  facet normal -0.658247 -0.752802 -0
    outer loop
      vertex 101.285 117.785 34.0622
      vertex 101.078 117.966 32.5844
      vertex 101.285 117.785 32.5622
    endloop
  endfacet
  facet normal -0.0655521 -0.997849 0
    outer loop
      vertex 99.8 118.4 32.6377
      vertex 100.074 118.382 34.1355
      vertex 99.8 118.4 34.1377
    endloop
  endfacet
  facet normal -0.0655521 -0.997849 -0
    outer loop
      vertex 100.074 118.382 34.1355
      vertex 99.8 118.4 32.6377
      vertex 100.074 118.382 32.6355
    endloop
  endfacet
  facet normal -0.557219 -0.830366 0
    outer loop
      vertex 100.85 118.119 32.6031
      vertex 101.078 117.966 34.0844
      vertex 100.85 118.119 34.1031
    endloop
  endfacet
  facet normal -0.557219 -0.830366 -0
    outer loop
      vertex 101.078 117.966 34.0844
      vertex 100.85 118.119 32.6031
      vertex 101.078 117.966 32.5844
    endloop
  endfacet
  facet normal 0.997849 -0.0655521 0
    outer loop
      vertex 97.7 116.3 33.8798
      vertex 97.718 116.574 32.4135
      vertex 97.718 116.574 33.9135
    endloop
  endfacet
  facet normal 0.997849 -0.0655521 0
    outer loop
      vertex 97.718 116.574 32.4135
      vertex 97.7 116.3 33.8798
      vertex 97.7 116.3 32.3798
    endloop
  endfacet
  facet normal -0.830366 -0.557219 -0
    outer loop
      vertex 101.619 117.35 34.0088
      vertex 101.466 117.578 32.5368
      vertex 101.619 117.35 32.5088
    endloop
  endfacet
  facet normal -0.830366 -0.557219 0
    outer loop
      vertex 101.466 117.578 32.5368
      vertex 101.619 117.35 34.0088
      vertex 101.466 117.578 34.0368
    endloop
  endfacet
  facet normal -0.320596 -0.947216 0
    outer loop
      vertex 100.344 118.328 32.6289
      vertex 100.604 118.24 34.1181
      vertex 100.344 118.328 34.1289
    endloop
  endfacet
  facet normal -0.320596 -0.947216 -0
    outer loop
      vertex 100.604 118.24 34.1181
      vertex 100.344 118.328 32.6289
      vertex 100.604 118.24 32.6181
    endloop
  endfacet
  facet normal -0.997849 0.0655521 0
    outer loop
      vertex 101.882 116.026 33.8462
      vertex 101.9 116.3 32.3798
      vertex 101.882 116.026 32.3462
    endloop
  endfacet
  facet normal -0.997849 0.0655521 0
    outer loop
      vertex 101.9 116.3 32.3798
      vertex 101.882 116.026 33.8462
      vertex 101.9 116.3 33.8798
    endloop
  endfacet
  facet normal 0.896748 -0.442542 0
    outer loop
      vertex 97.8599 117.104 33.9785
      vertex 97.9813 117.35 32.5088
      vertex 97.9813 117.35 34.0088
    endloop
  endfacet
  facet normal 0.896748 -0.442542 0
    outer loop
      vertex 97.9813 117.35 32.5088
      vertex 97.8599 117.104 33.9785
      vertex 97.8599 117.104 32.4785
    endloop
  endfacet
  facet normal -0.658247 0.752802 0
    outer loop
      vertex 101.285 114.815 32.1975
      vertex 101.078 114.634 33.6753
      vertex 101.285 114.815 33.6975
    endloop
  endfacet
  facet normal -0.658247 0.752802 0
    outer loop
      vertex 101.078 114.634 33.6753
      vertex 101.285 114.815 32.1975
      vertex 101.078 114.634 32.1753
    endloop
  endfacet
  facet normal -0.557219 0.830366 0
    outer loop
      vertex 101.078 114.634 32.1753
      vertex 100.85 114.481 33.6565
      vertex 101.078 114.634 33.6753
    endloop
  endfacet
  facet normal -0.557219 0.830366 0
    outer loop
      vertex 100.85 114.481 33.6565
      vertex 101.078 114.634 32.1753
      vertex 100.85 114.481 32.1565
    endloop
  endfacet
  facet normal 0.980859 0.194719 0
    outer loop
      vertex 97.7716 115.756 33.8131
      vertex 97.718 116.026 32.3462
      vertex 97.718 116.026 33.8462
    endloop
  endfacet
  facet normal 0.980859 0.194719 0
    outer loop
      vertex 97.718 116.026 32.3462
      vertex 97.7716 115.756 33.8131
      vertex 97.7716 115.756 32.3131
    endloop
  endfacet
  facet normal 0.556546 0.830817 0
    outer loop
      vertex 98.75 114.481 33.6565
      vertex 98.5216 114.634 32.1753
      vertex 98.5216 114.634 33.6753
    endloop
  endfacet
  facet normal 0.556546 0.830817 0
    outer loop
      vertex 98.5216 114.634 32.1753
      vertex 98.75 114.481 33.6565
      vertex 98.75 114.481 32.1565
    endloop
  endfacet
  facet normal 0.0655283 0.997851 0
    outer loop
      vertex 99.8 114.2 33.622
      vertex 99.5259 114.218 32.1242
      vertex 99.5259 114.218 33.6242
    endloop
  endfacet
  facet normal 0.0655283 0.997851 0
    outer loop
      vertex 99.5259 114.218 32.1242
      vertex 99.8 114.2 33.622
      vertex 99.8 114.2 32.122
    endloop
  endfacet
  facet normal 0.752622 -0.658453 0
    outer loop
      vertex 98.134 117.578 34.0368
      vertex 98.3151 117.785 32.5622
      vertex 98.3151 117.785 34.0622
    endloop
  endfacet
  facet normal 0.752622 -0.658453 0
    outer loop
      vertex 98.3151 117.785 32.5622
      vertex 98.134 117.578 34.0368
      vertex 98.134 117.578 32.5368
    endloop
  endfacet
  facet normal 0.659149 -0.752012 0
    outer loop
      vertex 98.3151 117.785 34.0622
      vertex 98.5216 117.966 32.5844
      vertex 98.5216 117.966 34.0844
    endloop
  endfacet
  facet normal 0.659149 -0.752012 0
    outer loop
      vertex 98.5216 117.966 32.5844
      vertex 98.3151 117.785 34.0622
      vertex 98.3151 117.785 32.5622
    endloop
  endfacet
  facet normal 0.659149 0.752012 0
    outer loop
      vertex 98.5216 114.634 33.6753
      vertex 98.3151 114.815 32.1975
      vertex 98.3151 114.815 33.6975
    endloop
  endfacet
  facet normal 0.659149 0.752012 0
    outer loop
      vertex 98.3151 114.815 32.1975
      vertex 98.5216 114.634 33.6753
      vertex 98.5216 114.634 32.1753
    endloop
  endfacet
  facet normal 0.00275705 -0.121894 0.992539
    outer loop
      vertex 101.882 116.574 32.4135
      vertex 101.882 116.026 32.3462
      vertex 101.9 116.3 32.3798
    endloop
  endfacet
  facet normal -0.00108002 -0.121894 0.992542
    outer loop
      vertex 101.828 116.844 32.4466
      vertex 101.882 116.026 32.3462
      vertex 101.882 116.574 32.4135
    endloop
  endfacet
  facet normal 0.000543987 -0.121789 0.992556
    outer loop
      vertex 101.828 116.844 32.4466
      vertex 101.828 115.756 32.3131
      vertex 101.882 116.026 32.3462
    endloop
  endfacet
  facet normal -2.9027e-05 -0.121789 0.992556
    outer loop
      vertex 101.74 117.104 32.4785
      vertex 101.828 115.756 32.3131
      vertex 101.828 116.844 32.4466
    endloop
  endfacet
  facet normal 1.96401e-05 -0.121786 0.992556
    outer loop
      vertex 101.74 117.104 32.4785
      vertex 101.74 115.496 32.2812
      vertex 101.828 115.756 32.3131
    endloop
  endfacet
  facet normal 0.000951909 -0.121786 0.992556
    outer loop
      vertex 101.619 117.35 32.5088
      vertex 101.74 115.496 32.2812
      vertex 101.74 117.104 32.4785
    endloop
  endfacet
  facet normal -0.00072888 -0.121894 0.992543
    outer loop
      vertex 101.619 117.35 32.5088
      vertex 101.619 115.25 32.2509
      vertex 101.74 115.496 32.2812
    endloop
  endfacet
  facet normal -3.70698e-06 -0.121894 0.992543
    outer loop
      vertex 101.466 117.578 32.5368
      vertex 101.619 115.25 32.2509
      vertex 101.619 117.35 32.5088
    endloop
  endfacet
  facet normal 3.04564e-06 -0.121893 0.992543
    outer loop
      vertex 101.466 117.578 32.5368
      vertex 101.466 115.022 32.2229
      vertex 101.619 115.25 32.2509
    endloop
  endfacet
  facet normal -0.000117783 -0.121893 0.992543
    outer loop
      vertex 101.285 117.785 32.5622
      vertex 101.466 115.022 32.2229
      vertex 101.466 117.578 32.5368
    endloop
  endfacet
  facet normal 0.000101365 -0.121879 0.992545
    outer loop
      vertex 101.285 117.785 32.5622
      vertex 101.285 114.815 32.1975
      vertex 101.466 115.022 32.2229
    endloop
  endfacet
  facet normal -0.000123828 -0.121879 0.992545
    outer loop
      vertex 101.078 117.966 32.5844
      vertex 101.285 114.815 32.1975
      vertex 101.285 117.785 32.5622
    endloop
  endfacet
  facet normal 0.000110375 -0.121864 0.992547
    outer loop
      vertex 101.078 117.966 32.5844
      vertex 101.078 114.634 32.1753
      vertex 101.285 114.815 32.1975
    endloop
  endfacet
  facet normal -0.000370917 -0.121864 0.992547
    outer loop
      vertex 100.85 118.119 32.6031
      vertex 101.078 114.634 32.1753
      vertex 101.078 117.966 32.5844
    endloop
  endfacet
  facet normal -7.73013e-05 -0.121845 0.992549
    outer loop
      vertex 100.85 118.119 32.6031
      vertex 100.85 114.481 32.1565
      vertex 101.078 114.634 32.1753
    endloop
  endfacet
  facet normal 0.000589353 -0.121845 0.992549
    outer loop
      vertex 100.604 118.24 32.6181
      vertex 100.85 114.481 32.1565
      vertex 100.85 118.119 32.6031
    endloop
  endfacet
  facet normal -0.000161701 -0.121894 0.992543
    outer loop
      vertex 100.604 118.24 32.6181
      vertex 100.604 114.36 32.1416
      vertex 100.85 114.481 32.1565
    endloop
  endfacet
  facet normal -2.75488e-05 -0.121894 0.992543
    outer loop
      vertex 100.344 118.328 32.6289
      vertex 100.604 114.36 32.1416
      vertex 100.604 118.24 32.6181
    endloop
  endfacet
  facet normal 2.63534e-05 -0.12189 0.992544
    outer loop
      vertex 100.344 118.328 32.6289
      vertex 100.344 114.272 32.1308
      vertex 100.604 114.36 32.1416
    endloop
  endfacet
  facet normal -0.000115829 -0.12189 0.992544
    outer loop
      vertex 100.074 118.382 32.6355
      vertex 100.344 114.272 32.1308
      vertex 100.344 118.328 32.6289
    endloop
  endfacet
  facet normal 0.000112825 -0.121875 0.992545
    outer loop
      vertex 100.074 118.382 32.6355
      vertex 100.074 114.218 32.1242
      vertex 100.344 114.272 32.1308
    endloop
  endfacet
  facet normal -3.70594e-05 -0.121875 0.992545
    outer loop
      vertex 99.8 118.4 32.6377
      vertex 100.074 114.218 32.1242
      vertex 100.074 118.382 32.6355
    endloop
  endfacet
  facet normal 3.67418e-05 -0.12187 0.992546
    outer loop
      vertex 99.8 118.4 32.6377
      vertex 99.8 114.2 32.122
      vertex 100.074 114.218 32.1242
    endloop
  endfacet
  facet normal 3.67284e-05 -0.12187 0.992546
    outer loop
      vertex 99.5259 118.382 32.6355
      vertex 99.8 114.2 32.122
      vertex 99.8 118.4 32.6377
    endloop
  endfacet
  facet normal -3.70459e-05 -0.121875 0.992545
    outer loop
      vertex 99.5259 118.382 32.6355
      vertex 99.5259 114.218 32.1242
      vertex 99.8 114.2 32.122
    endloop
  endfacet
  facet normal 0.000113077 -0.121875 0.992545
    outer loop
      vertex 99.2565 118.328 32.6289
      vertex 99.5259 114.218 32.1242
      vertex 99.5259 118.382 32.6355
    endloop
  endfacet
  facet normal -0.000116087 -0.12189 0.992544
    outer loop
      vertex 99.2565 118.328 32.6289
      vertex 99.2565 114.272 32.1308
      vertex 99.5259 114.218 32.1242
    endloop
  endfacet
  facet normal 2.63432e-05 -0.12189 0.992544
    outer loop
      vertex 98.9964 118.24 32.6181
      vertex 99.2565 114.272 32.1308
      vertex 99.2565 118.328 32.6289
    endloop
  endfacet
  facet normal -2.75382e-05 -0.121894 0.992543
    outer loop
      vertex 98.9964 118.24 32.6181
      vertex 98.9964 114.36 32.1416
      vertex 99.2565 114.272 32.1308
    endloop
  endfacet
  facet normal -0.000564256 -0.121893 0.992543
    outer loop
      vertex 98.75 118.119 32.6031
      vertex 98.9964 114.36 32.1416
      vertex 98.9964 118.24 32.6181
    endloop
  endfacet
  facet normal 0.000185576 -0.121845 0.992549
    outer loop
      vertex 98.75 118.119 32.6031
      vertex 98.75 114.481 32.1565
      vertex 98.9964 114.36 32.1416
    endloop
  endfacet
  facet normal 0.0003574 -0.121845 0.992549
    outer loop
      vertex 98.5216 117.966 32.5844
      vertex 98.75 114.481 32.1565
      vertex 98.75 118.119 32.6031
    endloop
  endfacet
  facet normal 6.42979e-05 -0.121864 0.992547
    outer loop
      vertex 98.5216 117.966 32.5844
      vertex 98.5216 114.634 32.1753
      vertex 98.75 114.481 32.1565
    endloop
  endfacet
  facet normal 0.000110642 -0.121864 0.992547
    outer loop
      vertex 98.3151 117.785 32.5622
      vertex 98.5216 114.634 32.1753
      vertex 98.5216 117.966 32.5844
    endloop
  endfacet
  facet normal -0.000124128 -0.121879 0.992545
    outer loop
      vertex 98.3151 117.785 32.5622
      vertex 98.3151 114.815 32.1975
      vertex 98.5216 114.634 32.1753
    endloop
  endfacet
  facet normal 0.000101309 -0.121879 0.992545
    outer loop
      vertex 98.134 117.578 32.5368
      vertex 98.3151 114.815 32.1975
      vertex 98.3151 117.785 32.5622
    endloop
  endfacet
  facet normal -0.000117718 -0.121893 0.992543
    outer loop
      vertex 98.134 117.578 32.5368
      vertex 98.134 115.022 32.2229
      vertex 98.3151 114.815 32.1975
    endloop
  endfacet
  facet normal 3.05162e-06 -0.121893 0.992543
    outer loop
      vertex 97.9813 117.35 32.5088
      vertex 98.134 115.022 32.2229
      vertex 98.134 117.578 32.5368
    endloop
  endfacet
  facet normal -3.71426e-06 -0.121894 0.992543
    outer loop
      vertex 97.9813 117.35 32.5088
      vertex 97.9813 115.25 32.2509
      vertex 98.134 115.022 32.2229
    endloop
  endfacet
  facet normal -0.000726479 -0.121894 0.992543
    outer loop
      vertex 97.8599 117.104 32.4785
      vertex 97.9813 115.25 32.2509
      vertex 97.9813 117.35 32.5088
    endloop
  endfacet
  facet normal 0.000948772 -0.121786 0.992556
    outer loop
      vertex 97.8599 117.104 32.4785
      vertex 97.8599 115.496 32.2812
      vertex 97.9813 115.25 32.2509
    endloop
  endfacet
  facet normal 1.95734e-05 -0.121786 0.992556
    outer loop
      vertex 97.7716 116.844 32.4466
      vertex 97.8599 115.496 32.2812
      vertex 97.8599 117.104 32.4785
    endloop
  endfacet
  facet normal -2.89283e-05 -0.121789 0.992556
    outer loop
      vertex 97.7716 116.844 32.4466
      vertex 97.7716 115.756 32.3131
      vertex 97.8599 115.496 32.2812
    endloop
  endfacet
  facet normal 0.000548046 -0.121789 0.992556
    outer loop
      vertex 97.718 116.574 32.4135
      vertex 97.7716 115.756 32.3131
      vertex 97.7716 116.844 32.4466
    endloop
  endfacet
  facet normal -0.00108808 -0.121894 0.992542
    outer loop
      vertex 97.718 116.574 32.4135
      vertex 97.718 116.026 32.3462
      vertex 97.7716 115.756 32.3131
    endloop
  endfacet
  facet normal -0.00275705 -0.121894 0.992539
    outer loop
      vertex 97.718 116.026 32.3462
      vertex 97.718 116.574 32.4135
      vertex 97.7 116.3 32.3798
    endloop
  endfacet
  facet normal 0.752622 0.658453 0
    outer loop
      vertex 98.3151 114.815 33.6975
      vertex 98.134 115.022 32.2229
      vertex 98.134 115.022 33.7229
    endloop
  endfacet
  facet normal 0.752622 0.658453 0
    outer loop
      vertex 98.134 115.022 32.2229
      vertex 98.3151 114.815 33.6975
      vertex 98.3151 114.815 32.1975
    endloop
  endfacet
  facet normal 0.980859 -0.194719 0
    outer loop
      vertex 97.718 116.574 33.9135
      vertex 97.7716 116.844 32.4466
      vertex 97.7716 116.844 33.9466
    endloop
  endfacet
  facet normal 0.980859 -0.194719 0
    outer loop
      vertex 97.7716 116.844 32.4466
      vertex 97.718 116.574 33.9135
      vertex 97.718 116.574 32.4135
    endloop
  endfacet
  facet normal 0.556546 -0.830817 0
    outer loop
      vertex 98.5216 117.966 34.0844
      vertex 98.75 118.119 32.6031
      vertex 98.75 118.119 34.1031
    endloop
  endfacet
  facet normal 0.556546 -0.830817 0
    outer loop
      vertex 98.75 118.119 32.6031
      vertex 98.5216 117.966 34.0844
      vertex 98.5216 117.966 32.5844
    endloop
  endfacet
  facet normal 0.896748 0.442542 0
    outer loop
      vertex 97.9813 115.25 33.7509
      vertex 97.8599 115.496 32.2812
      vertex 97.8599 115.496 33.7812
    endloop
  endfacet
  facet normal 0.896748 0.442542 0
    outer loop
      vertex 97.8599 115.496 32.2812
      vertex 97.9813 115.25 33.7509
      vertex 97.9813 115.25 32.2509
    endloop
  endfacet
  facet normal -0.897326 0.441368 0
    outer loop
      vertex 101.619 115.25 33.7509
      vertex 101.74 115.496 32.2812
      vertex 101.619 115.25 32.2509
    endloop
  endfacet
  facet normal -0.897326 0.441368 0
    outer loop
      vertex 101.74 115.496 32.2812
      vertex 101.619 115.25 33.7509
      vertex 101.74 115.496 33.7812
    endloop
  endfacet
  facet normal 0.196536 0.980497 0
    outer loop
      vertex 99.5259 114.218 33.6242
      vertex 99.2565 114.272 32.1308
      vertex 99.2565 114.272 33.6308
    endloop
  endfacet
  facet normal 0.196536 0.980497 0
    outer loop
      vertex 99.2565 114.272 32.1308
      vertex 99.5259 114.218 33.6242
      vertex 99.5259 114.218 32.1242
    endloop
  endfacet
  facet normal -0.752802 -0.658247 -0
    outer loop
      vertex 101.466 117.578 34.0368
      vertex 101.285 117.785 32.5622
      vertex 101.466 117.578 32.5368
    endloop
  endfacet
  facet normal -0.752802 -0.658247 0
    outer loop
      vertex 101.285 117.785 32.5622
      vertex 101.466 117.578 34.0368
      vertex 101.285 117.785 34.0622
    endloop
  endfacet
  facet normal 0.320486 0.947253 0
    outer loop
      vertex 99.2565 114.272 33.6308
      vertex 98.9964 114.36 32.1416
      vertex 98.9964 114.36 33.6416
    endloop
  endfacet
  facet normal 0.320486 0.947253 0
    outer loop
      vertex 98.9964 114.36 32.1416
      vertex 99.2565 114.272 33.6308
      vertex 99.2565 114.272 32.1308
    endloop
  endfacet
  facet normal -0.196116 -0.980581 0
    outer loop
      vertex 100.074 118.382 32.6355
      vertex 100.344 118.328 34.1289
      vertex 100.074 118.382 34.1355
    endloop
  endfacet
  facet normal -0.196116 -0.980581 -0
    outer loop
      vertex 100.344 118.328 34.1289
      vertex 100.074 118.382 32.6355
      vertex 100.344 118.328 32.6289
    endloop
  endfacet
  facet normal 0.440791 0.89761 0
    outer loop
      vertex 98.9964 114.36 33.6416
      vertex 98.75 114.481 32.1565
      vertex 98.75 114.481 33.6565
    endloop
  endfacet
  facet normal 0.440791 0.89761 0
    outer loop
      vertex 98.75 114.481 32.1565
      vertex 98.9964 114.36 33.6416
      vertex 98.9964 114.36 32.1416
    endloop
  endfacet
  facet normal 0.830871 0.556465 0
    outer loop
      vertex 98.134 115.022 33.7229
      vertex 97.9813 115.25 32.2509
      vertex 97.9813 115.25 33.7509
    endloop
  endfacet
  facet normal 0.830871 0.556465 0
    outer loop
      vertex 97.9813 115.25 32.2509
      vertex 98.134 115.022 33.7229
      vertex 98.134 115.022 32.2229
    endloop
  endfacet
  facet normal 0.946884 -0.321576 0
    outer loop
      vertex 97.7716 116.844 33.9466
      vertex 97.8599 117.104 32.4785
      vertex 97.8599 117.104 33.9785
    endloop
  endfacet
  facet normal 0.946884 -0.321576 0
    outer loop
      vertex 97.8599 117.104 32.4785
      vertex 97.7716 116.844 33.9466
      vertex 97.7716 116.844 32.4466
    endloop
  endfacet
  facet normal 0 0.121866 -0.992547
    outer loop
      vertex 97.6 114.1 29.1097
      vertex 102.4 105.83 28.0943
      vertex 97.6 105.83 28.0943
    endloop
  endfacet
  facet normal 6.61318e-06 0.12187 -0.992546
    outer loop
      vertex 102.4 105.83 28.0943
      vertex 97.6 114.1 29.1097
      vertex 102.4 118.9 29.6991
    endloop
  endfacet
  facet normal 0 0.121876 -0.992545
    outer loop
      vertex 87.7 118.9 29.6991
      vertex 97.6 114.1 29.1097
      vertex 87.7 114.1 29.1097
    endloop
  endfacet
  facet normal 0 0.121876 -0.992545
    outer loop
      vertex 97.6 114.1 29.1097
      vertex 87.7 118.9 29.6991
      vertex 102.4 118.9 29.6991
    endloop
  endfacet
  facet normal -6.61318e-06 -0.12187 0.992546
    outer loop
      vertex 102.4 118.9 18.5991
      vertex 97.6 114.1 18.0097
      vertex 102.4 105.83 16.9943
    endloop
  endfacet
  facet normal 0 -0.121876 0.992545
    outer loop
      vertex 87.7 118.9 18.5991
      vertex 97.6 114.1 18.0097
      vertex 102.4 118.9 18.5991
    endloop
  endfacet
  facet normal 0 -0.121876 0.992545
    outer loop
      vertex 97.6 114.1 18.0097
      vertex 87.7 118.9 18.5991
      vertex 87.7 114.1 18.0097
    endloop
  endfacet
  facet normal 0 -0.121866 0.992547
    outer loop
      vertex 102.4 105.83 16.9943
      vertex 97.6 114.1 18.0097
      vertex 97.6 105.83 16.9943
    endloop
  endfacet
  facet normal 1 -0 0
    outer loop
      vertex 87.7 114.1 29.1097
      vertex 87.7 118.9 18.5991
      vertex 87.7 118.9 29.6991
    endloop
  endfacet
  facet normal 1 0 0
    outer loop
      vertex 87.7 118.9 18.5991
      vertex 87.7 114.1 29.1097
      vertex 87.7 114.1 18.0097
    endloop
  endfacet
  facet normal 0 1 -0
    outer loop
      vertex 102.4 105.83 16.9943
      vertex 97.6 105.83 28.0943
      vertex 102.4 105.83 28.0943
    endloop
  endfacet
  facet normal 0 1 0
    outer loop
      vertex 97.6 105.83 28.0943
      vertex 102.4 105.83 16.9943
      vertex 97.6 105.83 16.9943
    endloop
  endfacet
  facet normal -1 0 0
    outer loop
      vertex 14.7 114.1 29.1097
      vertex 14.7 118.9 18.5991
      vertex 14.7 114.1 18.0097
    endloop
  endfacet
  facet normal -1 0 0
    outer loop
      vertex 14.7 118.9 18.5991
      vertex 14.7 114.1 29.1097
      vertex 14.7 118.9 29.6991
    endloop
  endfacet
  facet normal 0 0.121866 -0.992547
    outer loop
      vertex 4.8 105.83 28.0943
      vertex 0 105.83 28.0943
      vertex 4.8 114.1 29.1097
    endloop
  endfacet
  facet normal 0 0.121876 -0.992545
    outer loop
      vertex 4.8 114.1 29.1097
      vertex 14.7 118.9 29.6991
      vertex 14.7 114.1 29.1097
    endloop
  endfacet
  facet normal 0 0.121876 -0.992545
    outer loop
      vertex 4.8 114.1 29.1097
      vertex 0 118.9 29.6991
      vertex 14.7 118.9 29.6991
    endloop
  endfacet
  facet normal -6.61318e-06 0.12187 -0.992546
    outer loop
      vertex 0 118.9 29.6991
      vertex 4.8 114.1 29.1097
      vertex 0 105.83 28.0943
    endloop
  endfacet
  facet normal 0 -0.121876 0.992545
    outer loop
      vertex 14.7 118.9 18.5991
      vertex 4.8 114.1 18.0097
      vertex 14.7 114.1 18.0097
    endloop
  endfacet
  facet normal 0 -0.121876 0.992545
    outer loop
      vertex 0 118.9 18.5991
      vertex 4.8 114.1 18.0097
      vertex 14.7 118.9 18.5991
    endloop
  endfacet
  facet normal 6.61318e-06 -0.12187 0.992546
    outer loop
      vertex 0 105.83 16.9943
      vertex 4.8 114.1 18.0097
      vertex 0 118.9 18.5991
    endloop
  endfacet
  facet normal 0 -0.121866 0.992547
    outer loop
      vertex 4.8 114.1 18.0097
      vertex 0 105.83 16.9943
      vertex 4.8 105.83 16.9943
    endloop
  endfacet
  facet normal 0 1 -0
    outer loop
      vertex 4.8 105.83 16.9943
      vertex 0 105.83 28.0943
      vertex 4.8 105.83 28.0943
    endloop
  endfacet
  facet normal 0 1 0
    outer loop
      vertex 0 105.83 28.0943
      vertex 4.8 105.83 16.9943
      vertex 0 105.83 16.9943
    endloop
  endfacet
  facet normal -9.05773e-06 0.121867 -0.992546
    outer loop
      vertex 102.4 0 15.1
      vertex 97.6 4.8 15.6894
      vertex 102.4 12.83 16.6753
    endloop
  endfacet
  facet normal 0 0.121876 -0.992545
    outer loop
      vertex 87.7 0 15.1
      vertex 97.6 4.8 15.6894
      vertex 102.4 0 15.1
    endloop
  endfacet
  facet normal 0 0.121876 -0.992545
    outer loop
      vertex 97.6 4.8 15.6894
      vertex 87.7 0 15.1
      vertex 87.7 4.8 15.6894
    endloop
  endfacet
  facet normal 0 0.121862 -0.992547
    outer loop
      vertex 102.4 12.83 16.6753
      vertex 97.6 4.8 15.6894
      vertex 97.6 12.83 16.6753
    endloop
  endfacet
  facet normal 0 -0.121863 0.992547
    outer loop
      vertex 97.8575 12.4779 5.5321
      vertex 102.4 12.83 5.57533
      vertex 97.977 12.83 5.57533
    endloop
  endfacet
  facet normal 3.07749e-06 -0.121902 0.992542
    outer loop
      vertex 97.6 11.9559 5.46799
      vertex 102.4 12.83 5.57533
      vertex 97.8575 12.4779 5.5321
    endloop
  endfacet
  facet normal -3.25271e-06 -0.121867 0.992546
    outer loop
      vertex 102.4 12.83 5.57533
      vertex 97.6 11.9559 5.46799
      vertex 97.6 4.8 4.58937
    endloop
  endfacet
  facet normal 5.33471e-07 -0.12187 0.992546
    outer loop
      vertex 102.4 12.83 5.57533
      vertex 97.6 4.8 4.58937
      vertex 102.4 0 4
    endloop
  endfacet
  facet normal 0 -0.12187 0.992546
    outer loop
      vertex 87.7 0 4
      vertex 97.6 4.8 4.58937
      vertex 87.7 4.8 4.58937
    endloop
  endfacet
  facet normal 0 -0.12187 0.992546
    outer loop
      vertex 97.6 4.8 4.58937
      vertex 87.7 0 4
      vertex 102.4 0 4
    endloop
  endfacet
  facet normal 1 -0 0
    outer loop
      vertex 87.7 0 15.1
      vertex 87.7 4.8 4.58937
      vertex 87.7 4.8 15.6894
    endloop
  endfacet
  facet normal 1 0 0
    outer loop
      vertex 87.7 4.8 4.58937
      vertex 87.7 0 15.1
      vertex 87.7 0 4
    endloop
  endfacet
  facet normal 0 -1 0
    outer loop
      vertex 97.977 12.83 12.0753
      vertex 97.6 12.83 16.6753
      vertex 97.6 12.83 12.0753
    endloop
  endfacet
  facet normal 0 -1 0
    outer loop
      vertex 97.6 12.83 16.6753
      vertex 97.977 12.83 12.0753
      vertex 102.4 12.83 16.6753
    endloop
  endfacet
  facet normal 0 -1 0
    outer loop
      vertex 102.4 12.83 5.57533
      vertex 97.977 12.83 12.0753
      vertex 97.977 12.83 5.57533
    endloop
  endfacet
  facet normal 0 -1 0
    outer loop
      vertex 97.977 12.83 12.0753
      vertex 102.4 12.83 5.57533
      vertex 102.4 12.83 16.6753
    endloop
  endfacet
  facet normal -1 0 0
    outer loop
      vertex 14.7 0 15.1
      vertex 14.7 4.8 4.58937
      vertex 14.7 0 4
    endloop
  endfacet
  facet normal -1 0 0
    outer loop
      vertex 14.7 4.8 4.58937
      vertex 14.7 0 15.1
      vertex 14.7 4.8 15.6894
    endloop
  endfacet
  facet normal 0 0.121876 -0.992545
    outer loop
      vertex 14.7 0 15.1
      vertex 4.8 4.8 15.6894
      vertex 14.7 4.8 15.6894
    endloop
  endfacet
  facet normal 0 0.121876 -0.992545
    outer loop
      vertex 0 0 15.1
      vertex 4.8 4.8 15.6894
      vertex 14.7 0 15.1
    endloop
  endfacet
  facet normal 9.05773e-06 0.121867 -0.992546
    outer loop
      vertex 0 12.83 16.6753
      vertex 4.8 4.8 15.6894
      vertex 0 0 15.1
    endloop
  endfacet
  facet normal 0 0.121862 -0.992547
    outer loop
      vertex 4.8 4.8 15.6894
      vertex 0 12.83 16.6753
      vertex 4.8 12.83 16.6753
    endloop
  endfacet
  facet normal 0 -0.121869 0.992546
    outer loop
      vertex 4.8 12.83 5.57533
      vertex 0 12.83 5.57533
      vertex 4.8 4.8 4.58937
    endloop
  endfacet
  facet normal 0 -0.12187 0.992546
    outer loop
      vertex 4.8 4.8 4.58937
      vertex 14.7 0 4
      vertex 14.7 4.8 4.58937
    endloop
  endfacet
  facet normal 0 -0.12187 0.992546
    outer loop
      vertex 4.8 4.8 4.58937
      vertex 0 0 4
      vertex 14.7 0 4
    endloop
  endfacet
  facet normal -5.33471e-07 -0.12187 0.992546
    outer loop
      vertex 0 0 4
      vertex 4.8 4.8 4.58937
      vertex 0 12.83 5.57533
    endloop
  endfacet
  facet normal 0 -1 0
    outer loop
      vertex 0 12.83 5.57533
      vertex 4.8 12.83 16.6753
      vertex 0 12.83 16.6753
    endloop
  endfacet
  facet normal 0 -1 -0
    outer loop
      vertex 4.8 12.83 16.6753
      vertex 0 12.83 5.57533
      vertex 4.8 12.83 5.57533
    endloop
  endfacet
  facet normal 1 0 0
    outer loop
      vertex 102.4 118.9 34.1991
      vertex 102.4 105.83 28.0943
      vertex 102.4 118.9 29.6991
    endloop
  endfacet
  facet normal 1 0 0
    outer loop
      vertex 102.4 105.83 28.0943
      vertex 102.4 12.83 16.6753
      vertex 102.4 105.83 16.9943
    endloop
  endfacet
  facet normal 1 0 0
    outer loop
      vertex 102.4 0 19.6
      vertex 102.4 105.83 28.0943
      vertex 102.4 118.9 34.1991
    endloop
  endfacet
  facet normal 1 0 0
    outer loop
      vertex 102.4 105.83 28.0943
      vertex 102.4 0 19.6
      vertex 102.4 12.83 16.6753
    endloop
  endfacet
  facet normal 1 0 0
    outer loop
      vertex 102.4 12.83 16.6753
      vertex 102.4 0 19.6
      vertex 102.4 0 15.1
    endloop
  endfacet
  facet normal 1 0 0
    outer loop
      vertex 102.4 105.83 16.9943
      vertex 102.4 118.9 17.5991
      vertex 102.4 118.9 18.5991
    endloop
  endfacet
  facet normal 1 0 0
    outer loop
      vertex 102.4 12.83 5.57533
      vertex 102.4 105.83 16.9943
      vertex 102.4 12.83 16.6753
    endloop
  endfacet
  facet normal 1 0 0
    outer loop
      vertex 102.4 12.83 5.57533
      vertex 102.4 118.9 17.5991
      vertex 102.4 105.83 16.9943
    endloop
  endfacet
  facet normal 1 0 0
    outer loop
      vertex 102.4 0 3
      vertex 102.4 12.83 5.57533
      vertex 102.4 0 4
    endloop
  endfacet
  facet normal 1 -0 0
    outer loop
      vertex 102.4 12.83 5.57533
      vertex 102.4 0 3
      vertex 102.4 118.9 17.5991
    endloop
  endfacet
  facet normal 6.36958e-06 -0.122029 0.992527
    outer loop
      vertex 97.6 4.8 20.1894
      vertex 53.282 2.8741 19.9529
      vertex 53.3 2.6 19.9192
    endloop
  endfacet
  facet normal 2.4279e-06 -0.121939 0.992538
    outer loop
      vertex 97.6 4.8 20.1894
      vertex 53.2284 3.14352 19.986
      vertex 53.282 2.8741 19.9529
    endloop
  endfacet
  facet normal -5.66383e-06 -0.121726 0.992564
    outer loop
      vertex 97.6 4.8 20.1894
      vertex 53.1401 3.40364 20.0179
      vertex 53.2284 3.14352 19.986
    endloop
  endfacet
  facet normal 5.26196e-06 -0.122068 0.992522
    outer loop
      vertex 97.6 4.8 20.1894
      vertex 53.0187 3.65 20.0482
      vertex 53.1401 3.40364 20.0179
    endloop
  endfacet
  facet normal -4.79899e-06 -0.121684 0.992569
    outer loop
      vertex 97.6 4.8 20.1894
      vertex 52.866 3.8784 20.0762
      vertex 53.0187 3.65 20.0482
    endloop
  endfacet
  facet normal 3.2266e-06 -0.122068 0.992522
    outer loop
      vertex 97.6 4.8 20.1894
      vertex 52.6849 4.08492 20.1016
      vertex 52.866 3.8784 20.0762
    endloop
  endfacet
  facet normal -3.3027e-06 -0.121664 0.992571
    outer loop
      vertex 97.6 4.8 20.1894
      vertex 52.4784 4.26604 20.1238
      vertex 52.6849 4.08492 20.1016
    endloop
  endfacet
  facet normal -3.70575e-06 -0.12163 0.992575
    outer loop
      vertex 97.6 4.8 20.1894
      vertex 52.25 4.41865 20.1425
      vertex 52.4784 4.26604 20.1238
    endloop
  endfacet
  facet normal 3.87849e-06 -0.122519 0.992466
    outer loop
      vertex 97.6 4.8 20.1894
      vertex 52.0036 4.54015 20.1575
      vertex 52.25 4.41865 20.1425
    endloop
  endfacet
  facet normal -2.44216e-06 -0.121426 0.9926
    outer loop
      vertex 97.6 4.8 20.1894
      vertex 51.7435 4.62844 20.1683
      vertex 52.0036 4.54015 20.1575
    endloop
  endfacet
  facet normal 6.1326e-07 -0.122231 0.992502
    outer loop
      vertex 97.6 4.8 20.1894
      vertex 51.4741 4.68203 20.1749
      vertex 51.7435 4.62844 20.1683
    endloop
  endfacet
  facet normal -1.18827e-06 -0.121537 0.992587
    outer loop
      vertex 97.6 4.8 20.1894
      vertex 51.2 4.7 20.1771
      vertex 51.4741 4.68203 20.1749
    endloop
  endfacet
  facet normal -6.36958e-06 -0.122029 0.992527
    outer loop
      vertex 49.118 2.8741 19.9529
      vertex 4.8 4.8 20.1894
      vertex 49.1 2.6 19.9192
    endloop
  endfacet
  facet normal -2.4279e-06 -0.121939 0.992538
    outer loop
      vertex 49.1716 3.14352 19.986
      vertex 4.8 4.8 20.1894
      vertex 49.118 2.8741 19.9529
    endloop
  endfacet
  facet normal 5.66383e-06 -0.121726 0.992564
    outer loop
      vertex 49.2599 3.40364 20.0179
      vertex 4.8 4.8 20.1894
      vertex 49.1716 3.14352 19.986
    endloop
  endfacet
  facet normal -5.26196e-06 -0.122068 0.992522
    outer loop
      vertex 49.3813 3.65 20.0482
      vertex 4.8 4.8 20.1894
      vertex 49.2599 3.40364 20.0179
    endloop
  endfacet
  facet normal 4.79899e-06 -0.121684 0.992569
    outer loop
      vertex 49.534 3.8784 20.0762
      vertex 4.8 4.8 20.1894
      vertex 49.3813 3.65 20.0482
    endloop
  endfacet
  facet normal -3.2266e-06 -0.122068 0.992522
    outer loop
      vertex 49.7151 4.08492 20.1016
      vertex 4.8 4.8 20.1894
      vertex 49.534 3.8784 20.0762
    endloop
  endfacet
  facet normal 3.3027e-06 -0.121664 0.992571
    outer loop
      vertex 49.9216 4.26604 20.1238
      vertex 4.8 4.8 20.1894
      vertex 49.7151 4.08492 20.1016
    endloop
  endfacet
  facet normal 3.70575e-06 -0.12163 0.992575
    outer loop
      vertex 50.15 4.41865 20.1425
      vertex 4.8 4.8 20.1894
      vertex 49.9216 4.26604 20.1238
    endloop
  endfacet
  facet normal -3.87849e-06 -0.122519 0.992466
    outer loop
      vertex 50.3964 4.54015 20.1575
      vertex 4.8 4.8 20.1894
      vertex 50.15 4.41865 20.1425
    endloop
  endfacet
  facet normal 2.44216e-06 -0.121426 0.9926
    outer loop
      vertex 50.6565 4.62844 20.1683
      vertex 4.8 4.8 20.1894
      vertex 50.3964 4.54015 20.1575
    endloop
  endfacet
  facet normal -6.1326e-07 -0.122231 0.992502
    outer loop
      vertex 50.9259 4.68203 20.1749
      vertex 4.8 4.8 20.1894
      vertex 50.6565 4.62844 20.1683
    endloop
  endfacet
  facet normal 1.18827e-06 -0.121537 0.992587
    outer loop
      vertex 51.2 4.7 20.1771
      vertex 4.8 4.8 20.1894
      vertex 50.9259 4.68203 20.1749
    endloop
  endfacet
  facet normal 0 -0.12208 0.99252
    outer loop
      vertex 4.8 4.8 20.1894
      vertex 51.2 4.7 20.1771
      vertex 97.6 4.8 20.1894
    endloop
  endfacet
  facet normal -0.00141073 -0.121625 0.992575
    outer loop
      vertex 101.882 116.026 33.8462
      vertex 102.4 118.9 34.1991
      vertex 101.9 116.3 33.8798
    endloop
  endfacet
  facet normal 0.000711725 -0.122027 0.992527
    outer loop
      vertex 102.4 118.9 34.1991
      vertex 101.882 116.574 33.9135
      vertex 101.9 116.3 33.8798
    endloop
  endfacet
  facet normal -0.000453909 -0.121771 0.992558
    outer loop
      vertex 102.4 118.9 34.1991
      vertex 101.828 116.844 33.9466
      vertex 101.882 116.574 33.9135
    endloop
  endfacet
  facet normal -0.000191496 -0.121843 0.992549
    outer loop
      vertex 102.4 118.9 34.1991
      vertex 101.74 117.104 33.9785
      vertex 101.828 116.844 33.9466
    endloop
  endfacet
  facet normal 0.000395257 -0.122055 0.992523
    outer loop
      vertex 102.4 118.9 34.1991
      vertex 101.619 117.35 34.0088
      vertex 101.74 117.104 33.9785
    endloop
  endfacet
  facet normal 2.77289e-05 -0.121873 0.992546
    outer loop
      vertex 102.4 118.9 34.1991
      vertex 101.466 117.578 34.0368
      vertex 101.619 117.35 34.0088
    endloop
  endfacet
  facet normal -3.9691e-05 -0.121826 0.992551
    outer loop
      vertex 102.4 118.9 34.1991
      vertex 101.285 117.785 34.0622
      vertex 101.466 117.578 34.0368
    endloop
  endfacet
  facet normal -5.9422e-05 -0.121807 0.992554
    outer loop
      vertex 102.4 118.9 34.1991
      vertex 101.078 117.966 34.0844
      vertex 101.285 117.785 34.0622
    endloop
  endfacet
  facet normal -0.000199128 -0.121612 0.992578
    outer loop
      vertex 102.4 118.9 34.1991
      vertex 100.85 118.119 34.1031
      vertex 101.078 117.966 34.0844
    endloop
  endfacet
  facet normal 0.000258785 -0.122507 0.992468
    outer loop
      vertex 102.4 118.9 34.1991
      vertex 100.604 118.24 34.1181
      vertex 100.85 118.119 34.1031
    endloop
  endfacet
  facet normal 4.03228e-15 -0.121813 0.992553
    outer loop
      vertex 102.4 118.9 34.1991
      vertex 100.344 118.328 34.1289
      vertex 100.604 118.24 34.1181
    endloop
  endfacet
  facet normal -5.83289e-05 -0.121607 0.992578
    outer loop
      vertex 102.4 118.9 34.1991
      vertex 100.074 118.382 34.1355
      vertex 100.344 118.328 34.1289
    endloop
  endfacet
  facet normal -2.80812e-05 -0.121741 0.992562
    outer loop
      vertex 102.4 118.9 34.1991
      vertex 99.8 118.4 34.1377
      vertex 100.074 118.382 34.1355
    endloop
  endfacet
  facet normal 5.71861e-05 -0.122177 0.992508
    outer loop
      vertex 102.4 118.9 34.1991
      vertex 99.5259 118.382 34.1355
      vertex 99.8 118.4 34.1377
    endloop
  endfacet
  facet normal 0 -0.121858 0.992548
    outer loop
      vertex 97.7 116.3 33.8798
      vertex 4.8 114.1 33.6097
      vertex 97.6 114.1 33.6097
    endloop
  endfacet
  facet normal 0 -0.122073 0.992521
    outer loop
      vertex 4.7 116.3 33.8798
      vertex 97.7 116.3 33.8798
      vertex 97.718 116.574 33.9135
    endloop
  endfacet
  facet normal 0 -0.121682 0.992569
    outer loop
      vertex 4.68203 116.574 33.9135
      vertex 97.718 116.574 33.9135
      vertex 97.7716 116.844 33.9466
    endloop
  endfacet
  facet normal 0 -0.121779 0.992557
    outer loop
      vertex 4.62844 116.844 33.9466
      vertex 97.7716 116.844 33.9466
      vertex 97.8599 117.104 33.9785
    endloop
  endfacet
  facet normal 0 -0.122247 0.9925
    outer loop
      vertex 4.54015 117.104 33.9785
      vertex 97.8599 117.104 33.9785
      vertex 97.9813 117.35 34.0088
    endloop
  endfacet
  facet normal 0 -0.121891 0.992543
    outer loop
      vertex 4.41865 117.35 34.0088
      vertex 97.9813 117.35 34.0088
      vertex 98.134 117.578 34.0368
    endloop
  endfacet
  facet normal 0 -0.121792 0.992556
    outer loop
      vertex 4.26604 117.578 34.0368
      vertex 98.134 117.578 34.0368
      vertex 98.3151 117.785 34.0622
    endloop
  endfacet
  facet normal 0 -0.12174 0.992562
    outer loop
      vertex 4.08492 117.785 34.0622
      vertex 98.3151 117.785 34.0622
      vertex 98.5216 117.966 34.0844
    endloop
  endfacet
  facet normal 0 -0.121319 0.992614
    outer loop
      vertex 3.8784 117.966 34.0844
      vertex 98.5216 117.966 34.0844
      vertex 98.75 118.119 34.1031
    endloop
  endfacet
  facet normal 0 -0.123025 0.992404
    outer loop
      vertex 3.65 118.119 34.1031
      vertex 98.75 118.119 34.1031
      vertex 98.9964 118.24 34.1181
    endloop
  endfacet
  facet normal 0 -0.121813 0.992553
    outer loop
      vertex 3.40364 118.24 34.1181
      vertex 98.9964 118.24 34.1181
      vertex 99.2565 118.328 34.1289
    endloop
  endfacet
  facet normal 0 -0.121319 0.992614
    outer loop
      vertex 3.14352 118.328 34.1289
      vertex 99.2565 118.328 34.1289
      vertex 99.5259 118.382 34.1355
    endloop
  endfacet
  facet normal 0 -0.121865 0.992547
    outer loop
      vertex 2.8741 118.382 34.1355
      vertex 99.5259 118.382 34.1355
      vertex 102.4 118.9 34.1991
    endloop
  endfacet
  facet normal 0.00129604 -0.1218 0.992554
    outer loop
      vertex 4.68203 116.026 33.8462
      vertex 4.8 114.1 33.6097
      vertex 4.7 116.3 33.8798
    endloop
  endfacet
  facet normal 0 -0.121858 0.992548
    outer loop
      vertex 97.7 116.3 33.8798
      vertex 4.7 116.3 33.8798
      vertex 4.8 114.1 33.6097
    endloop
  endfacet
  facet normal 0 -0.122073 0.992521
    outer loop
      vertex 97.718 116.574 33.9135
      vertex 4.68203 116.574 33.9135
      vertex 4.7 116.3 33.8798
    endloop
  endfacet
  facet normal 0 -0.121682 0.992569
    outer loop
      vertex 97.7716 116.844 33.9466
      vertex 4.62844 116.844 33.9466
      vertex 4.68203 116.574 33.9135
    endloop
  endfacet
  facet normal 0 -0.121779 0.992557
    outer loop
      vertex 97.8599 117.104 33.9785
      vertex 4.54015 117.104 33.9785
      vertex 4.62844 116.844 33.9466
    endloop
  endfacet
  facet normal 0 -0.122247 0.9925
    outer loop
      vertex 97.9813 117.35 34.0088
      vertex 4.41865 117.35 34.0088
      vertex 4.54015 117.104 33.9785
    endloop
  endfacet
  facet normal 0 -0.121891 0.992543
    outer loop
      vertex 98.134 117.578 34.0368
      vertex 4.26604 117.578 34.0368
      vertex 4.41865 117.35 34.0088
    endloop
  endfacet
  facet normal 0 -0.121792 0.992556
    outer loop
      vertex 98.3151 117.785 34.0622
      vertex 4.08492 117.785 34.0622
      vertex 4.26604 117.578 34.0368
    endloop
  endfacet
  facet normal 0 -0.12174 0.992562
    outer loop
      vertex 98.5216 117.966 34.0844
      vertex 3.8784 117.966 34.0844
      vertex 4.08492 117.785 34.0622
    endloop
  endfacet
  facet normal 0 -0.121319 0.992614
    outer loop
      vertex 98.75 118.119 34.1031
      vertex 3.65 118.119 34.1031
      vertex 3.8784 117.966 34.0844
    endloop
  endfacet
  facet normal 0 -0.123025 0.992404
    outer loop
      vertex 98.9964 118.24 34.1181
      vertex 3.40364 118.24 34.1181
      vertex 3.65 118.119 34.1031
    endloop
  endfacet
  facet normal 0 -0.121813 0.992553
    outer loop
      vertex 99.2565 118.328 34.1289
      vertex 3.14352 118.328 34.1289
      vertex 3.40364 118.24 34.1181
    endloop
  endfacet
  facet normal 0 -0.121319 0.992614
    outer loop
      vertex 99.5259 118.382 34.1355
      vertex 2.8741 118.382 34.1355
      vertex 3.14352 118.328 34.1289
    endloop
  endfacet
  facet normal 0 -0.121865 0.992547
    outer loop
      vertex 0 118.9 34.1991
      vertex 2.8741 118.382 34.1355
      vertex 102.4 118.9 34.1991
    endloop
  endfacet
  facet normal -0.000712077 -0.122027 0.992527
    outer loop
      vertex 0.517965 116.574 33.9135
      vertex 0 118.9 34.1991
      vertex 0.5 116.3 33.8798
    endloop
  endfacet
  facet normal 0.000455562 -0.121771 0.992558
    outer loop
      vertex 0.571555 116.844 33.9466
      vertex 0 118.9 34.1991
      vertex 0.517965 116.574 33.9135
    endloop
  endfacet
  facet normal 0.000191207 -0.121843 0.992549
    outer loop
      vertex 0.659853 117.104 33.9785
      vertex 0 118.9 34.1991
      vertex 0.571555 116.844 33.9466
    endloop
  endfacet
  facet normal -0.000394375 -0.122055 0.992523
    outer loop
      vertex 0.781346 117.35 34.0088
      vertex 0 118.9 34.1991
      vertex 0.659853 117.104 33.9785
    endloop
  endfacet
  facet normal -2.77639e-05 -0.121873 0.992546
    outer loop
      vertex 0.933957 117.578 34.0368
      vertex 0 118.9 34.1991
      vertex 0.781346 117.35 34.0088
    endloop
  endfacet
  facet normal 3.96769e-05 -0.121826 0.992551
    outer loop
      vertex 1.11508 117.785 34.0622
      vertex 0 118.9 34.1991
      vertex 0.933957 117.578 34.0368
    endloop
  endfacet
  facet normal 5.94936e-05 -0.121807 0.992554
    outer loop
      vertex 1.3216 117.966 34.0844
      vertex 0 118.9 34.1991
      vertex 1.11508 117.785 34.0622
    endloop
  endfacet
  facet normal 0.000198979 -0.121612 0.992578
    outer loop
      vertex 1.55 118.119 34.1031
      vertex 0 118.9 34.1991
      vertex 1.3216 117.966 34.0844
    endloop
  endfacet
  facet normal -0.000258593 -0.122507 0.992468
    outer loop
      vertex 1.79636 118.24 34.1181
      vertex 0 118.9 34.1991
      vertex 1.55 118.119 34.1031
    endloop
  endfacet
  facet normal -4.02831e-15 -0.121813 0.992553
    outer loop
      vertex 2.05648 118.328 34.1289
      vertex 0 118.9 34.1991
      vertex 1.79636 118.24 34.1181
    endloop
  endfacet
  facet normal 5.83974e-05 -0.121606 0.992578
    outer loop
      vertex 2.32589 118.382 34.1355
      vertex 0 118.9 34.1991
      vertex 2.05648 118.328 34.1289
    endloop
  endfacet
  facet normal 2.80728e-05 -0.121741 0.992562
    outer loop
      vertex 2.6 118.4 34.1377
      vertex 0 118.9 34.1991
      vertex 2.32589 118.382 34.1355
    endloop
  endfacet
  facet normal -5.71861e-05 -0.122177 0.992508
    outer loop
      vertex 2.8741 118.382 34.1355
      vertex 0 118.9 34.1991
      vertex 2.6 118.4 34.1377
    endloop
  endfacet
  facet normal -3.21759e-05 -0.121869 0.992546
    outer loop
      vertex 102.4 118.9 34.1991
      vertex 101.882 116.026 33.8462
      vertex 102.4 0 19.6
    endloop
  endfacet
  facet normal 0.000931824 -0.121865 0.992546
    outer loop
      vertex 101.828 115.756 33.8131
      vertex 102.4 0 19.6
      vertex 101.882 116.026 33.8462
    endloop
  endfacet
  facet normal 0.000267899 -0.121868 0.992546
    outer loop
      vertex 101.74 115.496 33.7812
      vertex 102.4 0 19.6
      vertex 101.828 115.756 33.8131
    endloop
  endfacet
  facet normal -0.000769021 -0.121874 0.992545
    outer loop
      vertex 101.619 115.25 33.7509
      vertex 102.4 0 19.6
      vertex 101.74 115.496 33.7812
    endloop
  endfacet
  facet normal -3.31456e-05 -0.121869 0.992546
    outer loop
      vertex 101.466 115.022 33.7229
      vertex 102.4 0 19.6
      vertex 101.619 115.25 33.7509
    endloop
  endfacet
  facet normal 8.88753e-05 -0.121868 0.992546
    outer loop
      vertex 101.285 114.815 33.6975
      vertex 102.4 0 19.6
      vertex 101.466 115.022 33.7229
    endloop
  endfacet
  facet normal 0.000118224 -0.121873 0.992546
    outer loop
      vertex 97.6 4.8 20.1894
      vertex 101.285 114.815 33.6975
      vertex 101.078 114.634 33.6753
    endloop
  endfacet
  facet normal -6.22214e-05 -0.121867 0.992546
    outer loop
      vertex 97.6 4.8 20.1894
      vertex 101.078 114.634 33.6753
      vertex 100.85 114.481 33.6565
    endloop
  endfacet
  facet normal -0.00017649 -0.121864 0.992547
    outer loop
      vertex 97.6 4.8 20.1894
      vertex 100.85 114.481 33.6565
      vertex 100.604 114.36 33.6416
    endloop
  endfacet
  facet normal 1.91888e-05 -0.121869 0.992546
    outer loop
      vertex 97.6 4.8 20.1894
      vertex 100.604 114.36 33.6416
      vertex 100.344 114.272 33.6308
    endloop
  endfacet
  facet normal 0.000112062 -0.121871 0.992546
    outer loop
      vertex 97.6 4.8 20.1894
      vertex 100.344 114.272 33.6308
      vertex 100.074 114.218 33.6242
    endloop
  endfacet
  facet normal 3.66966e-05 -0.12187 0.992546
    outer loop
      vertex 97.6 4.8 20.1894
      vertex 100.074 114.218 33.6242
      vertex 99.8 114.2 33.622
    endloop
  endfacet
  facet normal -2.07373e-05 -0.121631 0.992575
    outer loop
      vertex 97.6 114.1 33.6097
      vertex 99.8 114.2 33.622
      vertex 99.5259 114.218 33.6242
    endloop
  endfacet
  facet normal -3.07016e-05 -0.12147 0.992595
    outer loop
      vertex 97.6 114.1 33.6097
      vertex 99.5259 114.218 33.6242
      vertex 99.2565 114.272 33.6308
    endloop
  endfacet
  facet normal 4.16801e-06 -0.121801 0.992555
    outer loop
      vertex 97.6 114.1 33.6097
      vertex 99.2565 114.272 33.6308
      vertex 98.9964 114.36 33.6416
    endloop
  endfacet
  facet normal 6.00549e-05 -0.122097 0.992518
    outer loop
      vertex 97.6 114.1 33.6097
      vertex 98.9964 114.36 33.6416
      vertex 98.75 114.481 33.6565
    endloop
  endfacet
  facet normal 9.05839e-06 -0.121945 0.992537
    outer loop
      vertex 97.6 114.1 33.6097
      vertex 98.75 114.481 33.6565
      vertex 98.5216 114.634 33.6753
    endloop
  endfacet
  facet normal -6.7345e-05 -0.121815 0.992553
    outer loop
      vertex 97.6 114.1 33.6097
      vertex 98.5216 114.634 33.6753
      vertex 98.3151 114.815 33.6975
    endloop
  endfacet
  facet normal -4.86418e-05 -0.121834 0.992551
    outer loop
      vertex 97.6 114.1 33.6097
      vertex 98.3151 114.815 33.6975
      vertex 98.134 115.022 33.7229
    endloop
  endfacet
  facet normal 2.41954e-05 -0.121875 0.992545
    outer loop
      vertex 97.6 114.1 33.6097
      vertex 98.134 115.022 33.7229
      vertex 97.9813 115.25 33.7509
    endloop
  endfacet
  facet normal 0.000466902 -0.12202 0.992528
    outer loop
      vertex 97.6 114.1 33.6097
      vertex 97.9813 115.25 33.7509
      vertex 97.8599 115.496 33.7812
    endloop
  endfacet
  facet normal -0.000299572 -0.121879 0.992545
    outer loop
      vertex 97.6 114.1 33.6097
      vertex 97.8599 115.496 33.7812
      vertex 97.7716 115.756 33.8131
    endloop
  endfacet
  facet normal -0.000767041 -0.121832 0.99255
    outer loop
      vertex 97.6 114.1 33.6097
      vertex 97.7716 115.756 33.8131
      vertex 97.718 116.026 33.8462
    endloop
  endfacet
  facet normal -0.00129476 -0.1218 0.992554
    outer loop
      vertex 97.6 114.1 33.6097
      vertex 97.718 116.026 33.8462
      vertex 97.7 116.3 33.8798
    endloop
  endfacet
  facet normal -9.74137e-06 -0.121869 0.992546
    outer loop
      vertex 99.8 114.2 33.622
      vertex 97.6 114.1 33.6097
      vertex 97.6 4.8 20.1894
    endloop
  endfacet
  facet normal 7.20367e-06 -0.121869 0.992546
    outer loop
      vertex 101.285 114.815 33.6975
      vertex 97.6 4.8 20.1894
      vertex 102.4 0 19.6
    endloop
  endfacet
  facet normal -1.18518e-05 -0.121667 0.992571
    outer loop
      vertex 53.282 2.32589 19.8856
      vertex 97.6 4.8 20.1894
      vertex 53.3 2.6 19.9192
    endloop
  endfacet
  facet normal 3.89067e-06 -0.121945 0.992537
    outer loop
      vertex 53.2284 2.05648 19.8525
      vertex 97.6 4.8 20.1894
      vertex 53.282 2.32589 19.8856
    endloop
  endfacet
  facet normal -1.02017e-05 -0.12172 0.992564
    outer loop
      vertex 53.1401 1.79636 19.8206
      vertex 97.6 4.8 20.1894
      vertex 53.2284 2.05648 19.8525
    endloop
  endfacet
  facet normal 1.43157e-05 -0.122078 0.992521
    outer loop
      vertex 53.0187 1.55 19.7903
      vertex 97.6 4.8 20.1894
      vertex 53.1401 1.79636 19.8206
    endloop
  endfacet
  facet normal -1.5826e-05 -0.121671 0.992571
    outer loop
      vertex 52.866 1.3216 19.7623
      vertex 97.6 4.8 20.1894
      vertex 53.0187 1.55 19.7903
    endloop
  endfacet
  facet normal 1.69101e-05 -0.122085 0.99252
    outer loop
      vertex 52.6849 1.11508 19.7369
      vertex 97.6 4.8 20.1894
      vertex 52.866 1.3216 19.7623
    endloop
  endfacet
  facet normal -4.60158e-07 -0.121877 0.992545
    outer loop
      vertex 97.6 4.8 20.1894
      vertex 52.6849 1.11508 19.7369
      vertex 102.4 0 19.6
    endloop
  endfacet
  facet normal 4.40273e-06 -0.121663 0.992571
    outer loop
      vertex 52.4784 0.933957 19.7147
      vertex 102.4 0 19.6
      vertex 52.6849 1.11508 19.7369
    endloop
  endfacet
  facet normal -6.83174e-06 -0.122255 0.992499
    outer loop
      vertex 52.25 0.781346 19.6959
      vertex 102.4 0 19.6
      vertex 52.4784 0.933957 19.7147
    endloop
  endfacet
  facet normal 1.44071e-06 -0.121732 0.992563
    outer loop
      vertex 52.0036 0.659853 19.681
      vertex 102.4 0 19.6
      vertex 52.25 0.781346 19.6959
    endloop
  endfacet
  facet normal 5.52528e-06 -0.121424 0.992601
    outer loop
      vertex 51.7435 0.571555 19.6702
      vertex 102.4 0 19.6
      vertex 52.0036 0.659853 19.681
    endloop
  endfacet
  facet normal -3.54458e-06 -0.122216 0.992503
    outer loop
      vertex 51.4741 0.517965 19.6636
      vertex 102.4 0 19.6
      vertex 51.7435 0.571555 19.6702
    endloop
  endfacet
  facet normal 2.86544e-06 -0.121595 0.99258
    outer loop
      vertex 51.2 0.5 19.6614
      vertex 102.4 0 19.6
      vertex 51.4741 0.517965 19.6636
    endloop
  endfacet
  facet normal 1.18518e-05 -0.121667 0.992571
    outer loop
      vertex 4.8 4.8 20.1894
      vertex 49.118 2.32589 19.8856
      vertex 49.1 2.6 19.9192
    endloop
  endfacet
  facet normal -3.89067e-06 -0.121945 0.992537
    outer loop
      vertex 4.8 4.8 20.1894
      vertex 49.1716 2.05648 19.8525
      vertex 49.118 2.32589 19.8856
    endloop
  endfacet
  facet normal 1.02017e-05 -0.12172 0.992564
    outer loop
      vertex 4.8 4.8 20.1894
      vertex 49.2599 1.79636 19.8206
      vertex 49.1716 2.05648 19.8525
    endloop
  endfacet
  facet normal -1.43157e-05 -0.122078 0.992521
    outer loop
      vertex 4.8 4.8 20.1894
      vertex 49.3813 1.55 19.7903
      vertex 49.2599 1.79636 19.8206
    endloop
  endfacet
  facet normal 1.5826e-05 -0.121671 0.992571
    outer loop
      vertex 4.8 4.8 20.1894
      vertex 49.534 1.3216 19.7623
      vertex 49.3813 1.55 19.7903
    endloop
  endfacet
  facet normal -1.69101e-05 -0.122085 0.99252
    outer loop
      vertex 4.8 4.8 20.1894
      vertex 49.7151 1.11508 19.7369
      vertex 49.534 1.3216 19.7623
    endloop
  endfacet
  facet normal 4.60158e-07 -0.121877 0.992545
    outer loop
      vertex 0 0 19.6
      vertex 49.7151 1.11508 19.7369
      vertex 4.8 4.8 20.1894
    endloop
  endfacet
  facet normal -4.40273e-06 -0.121663 0.992571
    outer loop
      vertex 49.7151 1.11508 19.7369
      vertex 0 0 19.6
      vertex 49.9216 0.933957 19.7147
    endloop
  endfacet
  facet normal 6.83174e-06 -0.122255 0.992499
    outer loop
      vertex 49.9216 0.933957 19.7147
      vertex 0 0 19.6
      vertex 50.15 0.781346 19.6959
    endloop
  endfacet
  facet normal -1.44071e-06 -0.121732 0.992563
    outer loop
      vertex 50.15 0.781346 19.6959
      vertex 0 0 19.6
      vertex 50.3964 0.659853 19.681
    endloop
  endfacet
  facet normal -5.52528e-06 -0.121424 0.992601
    outer loop
      vertex 50.3964 0.659853 19.681
      vertex 0 0 19.6
      vertex 50.6565 0.571555 19.6702
    endloop
  endfacet
  facet normal 0.000767196 -0.121832 0.99255
    outer loop
      vertex 4.62844 115.756 33.8131
      vertex 4.8 114.1 33.6097
      vertex 4.68203 116.026 33.8462
    endloop
  endfacet
  facet normal 0.000299614 -0.121879 0.992545
    outer loop
      vertex 4.54015 115.496 33.7812
      vertex 4.8 114.1 33.6097
      vertex 4.62844 115.756 33.8131
    endloop
  endfacet
  facet normal -0.000466648 -0.12202 0.992528
    outer loop
      vertex 4.41865 115.25 33.7509
      vertex 4.8 114.1 33.6097
      vertex 4.54015 115.496 33.7812
    endloop
  endfacet
  facet normal -2.42039e-05 -0.121875 0.992545
    outer loop
      vertex 4.26604 115.022 33.7229
      vertex 4.8 114.1 33.6097
      vertex 4.41865 115.25 33.7509
    endloop
  endfacet
  facet normal 4.864e-05 -0.121834 0.992551
    outer loop
      vertex 4.08492 114.815 33.6975
      vertex 4.8 114.1 33.6097
      vertex 4.26604 115.022 33.7229
    endloop
  endfacet
  facet normal 6.73424e-05 -0.121815 0.992553
    outer loop
      vertex 3.8784 114.634 33.6753
      vertex 4.8 114.1 33.6097
      vertex 4.08492 114.815 33.6975
    endloop
  endfacet
  facet normal -9.05839e-06 -0.121945 0.992537
    outer loop
      vertex 3.65 114.481 33.6565
      vertex 4.8 114.1 33.6097
      vertex 3.8784 114.634 33.6753
    endloop
  endfacet
  facet normal -6.00589e-05 -0.122097 0.992518
    outer loop
      vertex 3.40364 114.36 33.6416
      vertex 4.8 114.1 33.6097
      vertex 3.65 114.481 33.6565
    endloop
  endfacet
  facet normal -4.16797e-06 -0.121801 0.992555
    outer loop
      vertex 3.14352 114.272 33.6308
      vertex 4.8 114.1 33.6097
      vertex 3.40364 114.36 33.6416
    endloop
  endfacet
  facet normal 3.0701e-05 -0.12147 0.992595
    outer loop
      vertex 2.8741 114.218 33.6242
      vertex 4.8 114.1 33.6097
      vertex 3.14352 114.272 33.6308
    endloop
  endfacet
  facet normal 2.07373e-05 -0.121631 0.992575
    outer loop
      vertex 2.6 114.2 33.622
      vertex 4.8 114.1 33.6097
      vertex 2.8741 114.218 33.6242
    endloop
  endfacet
  facet normal 9.74137e-06 -0.121869 0.992546
    outer loop
      vertex 4.8 114.1 33.6097
      vertex 2.6 114.2 33.622
      vertex 4.8 4.8 20.1894
    endloop
  endfacet
  facet normal -3.66819e-05 -0.12187 0.992546
    outer loop
      vertex 2.32589 114.218 33.6242
      vertex 4.8 4.8 20.1894
      vertex 2.6 114.2 33.622
    endloop
  endfacet
  facet normal -0.000112308 -0.121871 0.992546
    outer loop
      vertex 2.05648 114.272 33.6308
      vertex 4.8 4.8 20.1894
      vertex 2.32589 114.218 33.6242
    endloop
  endfacet
  facet normal -1.91799e-05 -0.121869 0.992546
    outer loop
      vertex 1.79636 114.36 33.6416
      vertex 4.8 4.8 20.1894
      vertex 2.05648 114.272 33.6308
    endloop
  endfacet
  facet normal 0.000176228 -0.121864 0.992547
    outer loop
      vertex 1.55 114.481 33.6565
      vertex 4.8 4.8 20.1894
      vertex 1.79636 114.36 33.6416
    endloop
  endfacet
  facet normal 6.21102e-05 -0.121867 0.992546
    outer loop
      vertex 1.3216 114.634 33.6753
      vertex 4.8 4.8 20.1894
      vertex 1.55 114.481 33.6565
    endloop
  endfacet
  facet normal -0.000118507 -0.121873 0.992546
    outer loop
      vertex 1.11508 114.815 33.6975
      vertex 4.8 4.8 20.1894
      vertex 1.3216 114.634 33.6753
    endloop
  endfacet
  facet normal -8.88155e-05 -0.121868 0.992546
    outer loop
      vertex 0 0 19.6
      vertex 1.11508 114.815 33.6975
      vertex 0.933957 115.022 33.7229
    endloop
  endfacet
  facet normal 3.32291e-05 -0.121869 0.992546
    outer loop
      vertex 0 0 19.6
      vertex 0.933957 115.022 33.7229
      vertex 0.781346 115.25 33.7509
    endloop
  endfacet
  facet normal 0.000765938 -0.121874 0.992545
    outer loop
      vertex 0 0 19.6
      vertex 0.781346 115.25 33.7509
      vertex 0.659853 115.496 33.7812
    endloop
  endfacet
  facet normal -0.000267011 -0.121868 0.992546
    outer loop
      vertex 0 0 19.6
      vertex 0.659853 115.496 33.7812
      vertex 0.571555 115.756 33.8131
    endloop
  endfacet
  facet normal -0.000938797 -0.121865 0.992546
    outer loop
      vertex 0 0 19.6
      vertex 0.571555 115.756 33.8131
      vertex 0.517965 116.026 33.8462
    endloop
  endfacet
  facet normal 0.00140931 -0.121625 0.992575
    outer loop
      vertex 0 118.9 34.1991
      vertex 0.517965 116.026 33.8462
      vertex 0.5 116.3 33.8798
    endloop
  endfacet
  facet normal 3.2178e-05 -0.121869 0.992546
    outer loop
      vertex 0.517965 116.026 33.8462
      vertex 0 118.9 34.1991
      vertex 0 0 19.6
    endloop
  endfacet
  facet normal 0 -0.121884 0.992544
    outer loop
      vertex 51.2 0.5 19.6614
      vertex 0 0 19.6
      vertex 102.4 0 19.6
    endloop
  endfacet
  facet normal -2.86544e-06 -0.121595 0.99258
    outer loop
      vertex 50.9259 0.517965 19.6636
      vertex 0 0 19.6
      vertex 51.2 0.5 19.6614
    endloop
  endfacet
  facet normal 3.54458e-06 -0.122216 0.992503
    outer loop
      vertex 50.6565 0.571555 19.6702
      vertex 0 0 19.6
      vertex 50.9259 0.517965 19.6636
    endloop
  endfacet
  facet normal -7.20368e-06 -0.121869 0.992546
    outer loop
      vertex 1.11508 114.815 33.6975
      vertex 0 0 19.6
      vertex 4.8 4.8 20.1894
    endloop
  endfacet
  facet normal 0 0.121867 -0.992546
    outer loop
      vertex 97.6 114.1 17.0097
      vertex 48.45 116.4 17.2921
      vertex 53.95 116.4 17.2921
    endloop
  endfacet
  facet normal 0 0.121867 -0.992546
    outer loop
      vertex 4.8 114.1 17.0097
      vertex 48.45 116.4 17.2921
      vertex 97.6 114.1 17.0097
    endloop
  endfacet
  facet normal -9.09548e-07 0.121884 -0.992544
    outer loop
      vertex 4.8 114.1 17.0097
      vertex 48.45 118.9 17.5991
      vertex 48.45 116.4 17.2921
    endloop
  endfacet
  facet normal 0 0.121876 -0.992545
    outer loop
      vertex 4.8 114.1 17.0097
      vertex 0 118.9 17.5991
      vertex 48.45 118.9 17.5991
    endloop
  endfacet
  facet normal -6.96929e-06 0.121869 -0.992546
    outer loop
      vertex 4.8 79.5965 12.7732
      vertex 0 118.9 17.5991
      vertex 4.8 114.1 17.0097
    endloop
  endfacet
  facet normal 0.0138615 0.112747 -0.993527
    outer loop
      vertex 97.2701 11.4606 4.40718
      vertex 97.6 11.9559 4.46799
      vertex 97.5971 11.95 4.46728
    endloop
  endfacet
  facet normal -2.1711e-05 0.121873 -0.992546
    outer loop
      vertex 97.6 11.9559 4.46799
      vertex 97.2701 11.4606 4.40718
      vertex 97.6 16.4441 5.01909
    endloop
  endfacet
  facet normal 1.77855e-05 0.121871 -0.992546
    outer loop
      vertex 97.2701 16.9394 5.0799
      vertex 97.6 16.4441 5.01909
      vertex 97.2701 11.4606 4.40718
    endloop
  endfacet
  facet normal -0.00421062 0.119095 -0.992874
    outer loop
      vertex 97.6 16.4441 5.01909
      vertex 97.2701 16.9394 5.0799
      vertex 97.5971 16.45 5.01981
    endloop
  endfacet
  facet normal -1.30141e-05 0.121871 -0.992546
    outer loop
      vertex 96.882 11.018 4.35284
      vertex 97.2701 16.9394 5.0799
      vertex 97.2701 11.4606 4.40718
    endloop
  endfacet
  facet normal 1.12039e-05 0.121869 -0.992546
    outer loop
      vertex 96.882 11.018 4.35284
      vertex 96.882 17.382 5.13424
      vertex 97.2701 16.9394 5.0799
    endloop
  endfacet
  facet normal -5.89881e-06 0.121869 -0.992546
    outer loop
      vertex 96.4394 10.6299 4.30519
      vertex 96.882 17.382 5.13424
      vertex 96.882 11.018 4.35284
    endloop
  endfacet
  facet normal 5.25756e-06 0.121868 -0.992546
    outer loop
      vertex 96.4394 10.6299 4.30519
      vertex 96.4394 17.7701 5.18189
      vertex 96.882 17.382 5.13424
    endloop
  endfacet
  facet normal -5.31151e-07 0.121868 -0.992546
    outer loop
      vertex 95.95 10.3029 4.26504
      vertex 96.4394 17.7701 5.18189
      vertex 96.4394 10.6299 4.30519
    endloop
  endfacet
  facet normal -1.89434e-05 0.12187 -0.992546
    outer loop
      vertex 95.95 10.3029 4.26504
      vertex 95.95 18.0971 5.22205
      vertex 96.4394 17.7701 5.18189
    endloop
  endfacet
  facet normal -5.98969e-06 0.12187 -0.992546
    outer loop
      vertex 95.4221 10.0425 4.23307
      vertex 95.95 18.0971 5.22205
      vertex 95.95 10.3029 4.26504
    endloop
  endfacet
  facet normal 2.38275e-05 0.121868 -0.992546
    outer loop
      vertex 95.4221 10.0425 4.23307
      vertex 95.4221 18.3575 5.25401
      vertex 95.95 18.0971 5.22205
    endloop
  endfacet
  facet normal 5.61724e-06 0.121868 -0.992546
    outer loop
      vertex 94.8647 9.85333 4.20984
      vertex 95.4221 18.3575 5.25401
      vertex 95.4221 10.0425 4.23307
    endloop
  endfacet
  facet normal 1.04359e-06 0.121868 -0.992546
    outer loop
      vertex 94.8647 9.85333 4.20984
      vertex 94.8647 18.5467 5.27724
      vertex 95.4221 18.3575 5.25401
    endloop
  endfacet
  facet normal 1.37945e-06 0.121868 -0.992546
    outer loop
      vertex 94.2874 9.7385 4.19574
      vertex 94.8647 18.5467 5.27724
      vertex 94.8647 9.85333 4.20984
    endloop
  endfacet
  facet normal -7.59547e-06 0.121869 -0.992546
    outer loop
      vertex 94.2874 9.7385 4.19574
      vertex 94.2874 18.6615 5.29134
      vertex 94.8647 18.5467 5.27724
    endloop
  endfacet
  facet normal 4.77017e-06 0.121869 -0.992546
    outer loop
      vertex 93.7 9.7 4.19101
      vertex 94.2874 18.6615 5.29134
      vertex 94.2874 9.7385 4.19574
    endloop
  endfacet
  facet normal -4.72936e-06 0.121869 -0.992546
    outer loop
      vertex 93.7 9.7 4.19101
      vertex 93.7 18.7 5.29607
      vertex 94.2874 18.6615 5.29134
    endloop
  endfacet
  facet normal -4.72936e-06 0.121869 -0.992546
    outer loop
      vertex 93.1126 9.7385 4.19574
      vertex 93.7 18.7 5.29607
      vertex 93.7 9.7 4.19101
    endloop
  endfacet
  facet normal 4.77017e-06 0.121869 -0.992546
    outer loop
      vertex 93.1126 9.7385 4.19574
      vertex 93.1126 18.6615 5.29134
      vertex 93.7 18.7 5.29607
    endloop
  endfacet
  facet normal -1.26244e-06 0.121869 -0.992546
    outer loop
      vertex 92.5353 9.85333 4.20984
      vertex 93.1126 18.6615 5.29134
      vertex 93.1126 9.7385 4.19574
    endloop
  endfacet
  facet normal 7.71245e-06 0.121868 -0.992546
    outer loop
      vertex 92.5353 9.85333 4.20984
      vertex 92.5353 18.5467 5.27724
      vertex 93.1126 18.6615 5.29134
    endloop
  endfacet
  facet normal -5.5155e-06 0.121868 -0.992546
    outer loop
      vertex 91.9779 10.0425 4.23307
      vertex 92.5353 18.5467 5.27724
      vertex 92.5353 9.85333 4.20984
    endloop
  endfacet
  facet normal -9.41839e-07 0.121868 -0.992546
    outer loop
      vertex 91.9779 10.0425 4.23307
      vertex 91.9779 18.3575 5.25401
      vertex 92.5353 18.5467 5.27724
    endloop
  endfacet
  facet normal 5.02572e-06 0.121868 -0.992546
    outer loop
      vertex 91.45 10.3029 4.26504
      vertex 91.9779 18.3575 5.25401
      vertex 91.9779 10.0425 4.23307
    endloop
  endfacet
  facet normal -2.47915e-05 0.12187 -0.992546
    outer loop
      vertex 91.45 10.3029 4.26504
      vertex 91.45 18.0971 5.22205
      vertex 91.9779 18.3575 5.25401
    endloop
  endfacet
  facet normal 1.33745e-06 0.12187 -0.992546
    outer loop
      vertex 90.9606 10.6299 4.30519
      vertex 91.45 18.0971 5.22205
      vertex 91.45 10.3029 4.26504
    endloop
  endfacet
  facet normal 1.97497e-05 0.121868 -0.992546
    outer loop
      vertex 90.9606 10.6299 4.30519
      vertex 90.9606 17.7701 5.18189
      vertex 91.45 18.0971 5.22205
    endloop
  endfacet
  facet normal 5.25756e-06 0.121868 -0.992546
    outer loop
      vertex 90.518 11.018 4.35284
      vertex 90.9606 17.7701 5.18189
      vertex 90.9606 10.6299 4.30519
    endloop
  endfacet
  facet normal -5.89881e-06 0.121869 -0.992546
    outer loop
      vertex 90.518 11.018 4.35284
      vertex 90.518 17.382 5.13424
      vertex 90.9606 17.7701 5.18189
    endloop
  endfacet
  facet normal 1.12039e-05 0.121869 -0.992546
    outer loop
      vertex 90.1299 11.4606 4.40718
      vertex 90.518 17.382 5.13424
      vertex 90.518 11.018 4.35284
    endloop
  endfacet
  facet normal -1.30141e-05 0.121871 -0.992546
    outer loop
      vertex 90.1299 11.4606 4.40718
      vertex 90.1299 16.9394 5.0799
      vertex 90.518 17.382 5.13424
    endloop
  endfacet
  facet normal -2.58789e-05 0.121871 -0.992546
    outer loop
      vertex 89.8029 11.95 4.46728
      vertex 90.1299 16.9394 5.0799
      vertex 90.1299 11.4606 4.40718
    endloop
  endfacet
  facet normal -2.1463e-06 0.121869 -0.992546
    outer loop
      vertex 89.8029 11.95 4.46728
      vertex 89.8029 16.45 5.01981
      vertex 90.1299 16.9394 5.0799
    endloop
  endfacet
  facet normal -7.97306e-06 0.121869 -0.992546
    outer loop
      vertex 89.5425 12.4779 4.5321
      vertex 89.8029 16.45 5.01981
      vertex 89.8029 11.95 4.46728
    endloop
  endfacet
  facet normal 1.04172e-05 0.121868 -0.992546
    outer loop
      vertex 89.5425 12.4779 4.5321
      vertex 89.5425 15.9221 4.95499
      vertex 89.8029 16.45 5.01981
    endloop
  endfacet
  facet normal -3.29304e-06 0.121868 -0.992546
    outer loop
      vertex 89.3533 13.0353 4.60054
      vertex 89.5425 15.9221 4.95499
      vertex 89.5425 12.4779 4.5321
    endloop
  endfacet
  facet normal 4.86902e-06 0.121868 -0.992546
    outer loop
      vertex 89.3533 13.0353 4.60054
      vertex 89.3533 15.3647 4.88655
      vertex 89.5425 15.9221 4.95499
    endloop
  endfacet
  facet normal 2.116e-05 0.121868 -0.992546
    outer loop
      vertex 89.2385 13.6126 4.67142
      vertex 89.3533 15.3647 4.88655
      vertex 89.3533 13.0353 4.60054
    endloop
  endfacet
  facet normal 8.69887e-05 0.121863 -0.992547
    outer loop
      vertex 89.2385 13.6126 4.67142
      vertex 89.2385 14.7874 4.81566
      vertex 89.3533 15.3647 4.88655
    endloop
  endfacet
  facet normal -2.74087e-15 0.121863 -0.992547
    outer loop
      vertex 89.2385 14.7874 4.81566
      vertex 89.2385 13.6126 4.67142
      vertex 89.2 14.2 4.74354
    endloop
  endfacet
  facet normal -2.79669e-06 0.121867 -0.992546
    outer loop
      vertex 97.6 11.9559 4.46799
      vertex 102.4 0 3
      vertex 97.6 4.8 3.58937
    endloop
  endfacet
  facet normal 0 0.12187 -0.992546
    outer loop
      vertex 102.4 0 3
      vertex 4.8 4.8 3.58937
      vertex 97.6 4.8 3.58937
    endloop
  endfacet
  facet normal 4.78107e-07 0.12187 -0.992546
    outer loop
      vertex 0 0 3
      vertex 4.8 77.8035 12.5531
      vertex 4.8 4.8 3.58937
    endloop
  endfacet
  facet normal 4.37065e-06 0.121869 -0.992546
    outer loop
      vertex 0 118.9 17.5991
      vertex 4.8 77.8035 12.5531
      vertex 0 0 3
    endloop
  endfacet
  facet normal -0.000246609 0.121841 -0.99255
    outer loop
      vertex 4.8 77.8035 12.5531
      vertex 0 118.9 17.5991
      vertex 4.8 79.5965 12.7732
    endloop
  endfacet
  facet normal 0 0.12187 -0.992546
    outer loop
      vertex 0 0 3
      vertex 4.8 4.8 3.58937
      vertex 102.4 0 3
    endloop
  endfacet
  facet normal 1.21525e-05 0.121873 -0.992546
    outer loop
      vertex 97.6 16.4441 5.01909
      vertex 102.4 0 3
      vertex 97.6 11.9559 4.46799
    endloop
  endfacet
  facet normal -1.28814e-06 0.121869 -0.992546
    outer loop
      vertex 102.4 0 3
      vertex 97.6 16.4441 5.01909
      vertex 102.4 118.9 17.5991
    endloop
  endfacet
  facet normal 7.3252e-06 0.121869 -0.992546
    outer loop
      vertex 97.6 114.1 17.0097
      vertex 102.4 118.9 17.5991
      vertex 97.6 16.4441 5.01909
    endloop
  endfacet
  facet normal 9.09548e-07 0.121884 -0.992544
    outer loop
      vertex 53.95 118.9 17.5991
      vertex 97.6 114.1 17.0097
      vertex 53.95 116.4 17.2921
    endloop
  endfacet
  facet normal 0 0.121876 -0.992545
    outer loop
      vertex 97.6 114.1 17.0097
      vertex 53.95 118.9 17.5991
      vertex 102.4 118.9 17.5991
    endloop
  endfacet
  facet normal -0.00128901 0.121913 -0.99254
    outer loop
      vertex 13.6615 78.1126 12.591
      vertex 13.6615 79.2874 12.7353
      vertex 13.7 78.7 12.6631
    endloop
  endfacet
  facet normal -8.14686e-05 0.121913 -0.992541
    outer loop
      vertex 13.5467 77.5353 12.5201
      vertex 13.6615 79.2874 12.7353
      vertex 13.6615 78.1126 12.591
    endloop
  endfacet
  facet normal 4.10876e-05 0.121905 -0.992542
    outer loop
      vertex 13.5467 77.5353 12.5201
      vertex 13.5467 79.8647 12.8062
      vertex 13.6615 79.2874 12.7353
    endloop
  endfacet
  facet normal -0.000317948 0.121905 -0.992542
    outer loop
      vertex 13.3575 76.9779 12.4517
      vertex 13.5467 79.8647 12.8062
      vertex 13.5467 77.5353 12.5201
    endloop
  endfacet
  facet normal 0.000215038 0.121871 -0.992546
    outer loop
      vertex 13.3575 76.9779 12.4517
      vertex 13.3575 80.4221 12.8746
      vertex 13.5467 79.8647 12.8062
    endloop
  endfacet
  facet normal -7.16574e-05 0.121871 -0.992546
    outer loop
      vertex 13.0971 76.45 12.3869
      vertex 13.3575 80.4221 12.8746
      vertex 13.3575 76.9779 12.4517
    endloop
  endfacet
  facet normal 5.4845e-05 0.121863 -0.992547
    outer loop
      vertex 13.0971 76.45 12.3869
      vertex 13.0971 80.95 12.9394
      vertex 13.3575 80.4221 12.8746
    endloop
  endfacet
  facet normal 3.811e-05 0.121863 -0.992547
    outer loop
      vertex 12.7701 75.9606 12.3268
      vertex 13.0971 80.95 12.9394
      vertex 13.0971 76.45 12.3869
    endloop
  endfacet
  facet normal -3.13016e-05 0.121867 -0.992546
    outer loop
      vertex 12.7701 75.9606 12.3268
      vertex 12.7701 81.4394 12.9995
      vertex 13.0971 80.95 12.9394
    endloop
  endfacet
  facet normal 0.000144565 0.121867 -0.992546
    outer loop
      vertex 12.382 75.518 12.2724
      vertex 12.7701 81.4394 12.9995
      vertex 12.7701 75.9606 12.3268
    endloop
  endfacet
  facet normal 0.000113502 0.121869 -0.992546
    outer loop
      vertex 12.382 75.518 12.2724
      vertex 12.382 81.882 13.0538
      vertex 12.7701 81.4394 12.9995
    endloop
  endfacet
  facet normal -0.000118026 0.121869 -0.992546
    outer loop
      vertex 11.9394 75.1299 12.2248
      vertex 12.382 81.882 13.0538
      vertex 12.382 75.518 12.2724
    endloop
  endfacet
  facet normal -0.000106869 0.121868 -0.992546
    outer loop
      vertex 11.9394 75.1299 12.2248
      vertex 11.9394 82.2701 13.1015
      vertex 12.382 81.882 13.0538
    endloop
  endfacet
  facet normal 0.000100873 0.121868 -0.992546
    outer loop
      vertex 11.45 74.8029 12.1846
      vertex 11.9394 82.2701 13.1015
      vertex 11.9394 75.1299 12.2248
    endloop
  endfacet
  facet normal -9.2409e-05 0.121881 -0.992545
    outer loop
      vertex 11.45 74.8029 12.1846
      vertex 11.45 82.5971 13.1417
      vertex 11.9394 82.2701 13.1015
    endloop
  endfacet
  facet normal -0.000143255 0.121881 -0.992545
    outer loop
      vertex 10.9221 74.5425 12.1527
      vertex 11.45 82.5971 13.1417
      vertex 11.45 74.8029 12.1846
    endloop
  endfacet
  facet normal 0.000134283 0.121863 -0.992547
    outer loop
      vertex 10.9221 74.5425 12.1527
      vertex 10.9221 82.8575 13.1736
      vertex 11.45 82.5971 13.1417
    endloop
  endfacet
  facet normal 0.000125326 0.121863 -0.992547
    outer loop
      vertex 10.3647 74.3533 12.1294
      vertex 10.9221 82.8575 13.1736
      vertex 10.9221 74.5425 12.1527
    endloop
  endfacet
  facet normal 5.4321e-05 0.121868 -0.992546
    outer loop
      vertex 10.3647 74.3533 12.1294
      vertex 10.3647 83.0467 13.1968
      vertex 10.9221 82.8575 13.1736
    endloop
  endfacet
  facet normal 7.79567e-06 0.121868 -0.992546
    outer loop
      vertex 9.78737 74.2385 12.1153
      vertex 10.3647 83.0467 13.1968
      vertex 10.3647 74.3533 12.1294
    endloop
  endfacet
  facet normal -7.59508e-06 0.121869 -0.992546
    outer loop
      vertex 9.78737 74.2385 12.1153
      vertex 9.78737 83.1615 13.2109
      vertex 10.3647 83.0467 13.1968
    endloop
  endfacet
  facet normal -4.5924e-05 0.121869 -0.992546
    outer loop
      vertex 9.2 74.2 12.1106
      vertex 9.78737 83.1615 13.2109
      vertex 9.78737 74.2385 12.1153
    endloop
  endfacet
  facet normal -0.000122727 0.121874 -0.992546
    outer loop
      vertex 9.2 74.2 12.1106
      vertex 9.2 83.2 13.2157
      vertex 9.78737 83.1615 13.2109
    endloop
  endfacet
  facet normal 4.62539e-05 0.121874 -0.992546
    outer loop
      vertex 8.61263 74.2385 12.1153
      vertex 9.2 83.2 13.2157
      vertex 9.2 74.2 12.1106
    endloop
  endfacet
  facet normal 0.000123057 0.121869 -0.992546
    outer loop
      vertex 8.61263 74.2385 12.1153
      vertex 8.61263 83.1615 13.2109
      vertex 9.2 83.2 13.2157
    endloop
  endfacet
  facet normal -7.59521e-06 0.121869 -0.992546
    outer loop
      vertex 8.03531 74.3533 12.1294
      vertex 8.61263 83.1615 13.2109
      vertex 8.61263 74.2385 12.1153
    endloop
  endfacet
  facet normal 7.79581e-06 0.121868 -0.992546
    outer loop
      vertex 8.03531 74.3533 12.1294
      vertex 8.03531 83.0467 13.1968
      vertex 8.61263 83.1615 13.2109
    endloop
  endfacet
  facet normal -0.000123751 0.121868 -0.992546
    outer loop
      vertex 7.47793 74.5425 12.1527
      vertex 8.03531 83.0467 13.1968
      vertex 8.03531 74.3533 12.1294
    endloop
  endfacet
  facet normal -5.27432e-05 0.121863 -0.992547
    outer loop
      vertex 7.47793 74.5425 12.1527
      vertex 7.47793 82.8575 13.1736
      vertex 8.03531 83.0467 13.1968
    endloop
  endfacet
  facet normal 0.000134275 0.121863 -0.992547
    outer loop
      vertex 6.95 74.8029 12.1846
      vertex 7.47793 82.8575 13.1736
      vertex 7.47793 74.5425 12.1527
    endloop
  endfacet
  facet normal -0.000143247 0.121881 -0.992545
    outer loop
      vertex 6.95 74.8029 12.1846
      vertex 6.95 82.5971 13.1417
      vertex 7.47793 82.8575 13.1736
    endloop
  endfacet
  facet normal -9.24033e-05 0.121881 -0.992545
    outer loop
      vertex 6.46057 75.1299 12.2248
      vertex 6.95 82.5971 13.1417
      vertex 6.95 74.8029 12.1846
    endloop
  endfacet
  facet normal 0.000100867 0.121868 -0.992546
    outer loop
      vertex 6.46057 75.1299 12.2248
      vertex 6.46057 82.2701 13.1015
      vertex 6.95 82.5971 13.1417
    endloop
  endfacet
  facet normal 0.000117398 0.121868 -0.992546
    outer loop
      vertex 6.01802 75.518 12.2724
      vertex 6.46057 82.2701 13.1015
      vertex 6.46057 75.1299 12.2248
    endloop
  endfacet
  facet normal 0.00010624 0.121869 -0.992546
    outer loop
      vertex 6.01802 75.518 12.2724
      vertex 6.01802 81.882 13.0538
      vertex 6.46057 82.2701 13.1015
    endloop
  endfacet
  facet normal -0.000142239 0.121869 -0.992546
    outer loop
      vertex 5.62991 75.9606 12.3268
      vertex 6.01802 81.882 13.0538
      vertex 6.01802 75.518 12.2724
    endloop
  endfacet
  facet normal -0.000111177 0.121867 -0.992546
    outer loop
      vertex 5.62991 75.9606 12.3268
      vertex 5.62991 81.4394 12.9995
      vertex 6.01802 81.882 13.0538
    endloop
  endfacet
  facet normal -3.12997e-05 0.121867 -0.992546
    outer loop
      vertex 5.30289 76.45 12.3869
      vertex 5.62991 81.4394 12.9995
      vertex 5.62991 75.9606 12.3268
    endloop
  endfacet
  facet normal 3.81077e-05 0.121863 -0.992547
    outer loop
      vertex 5.30289 76.45 12.3869
      vertex 5.30289 80.95 12.9394
      vertex 5.62991 81.4394 12.9995
    endloop
  endfacet
  facet normal 0.000344669 0.122004 -0.99253
    outer loop
      vertex 4.8 77.8035 12.5531
      vertex 5.30289 76.45 12.3869
      vertex 5.04254 76.9779 12.4517
    endloop
  endfacet
  facet normal -4.0022e-05 0.121863 -0.992547
    outer loop
      vertex 5.30289 76.45 12.3869
      vertex 4.8 77.8035 12.5531
      vertex 5.30289 80.95 12.9394
    endloop
  endfacet
  facet normal 0.00232864 0.122577 -0.992456
    outer loop
      vertex 4.8 77.8035 12.5531
      vertex 5.04254 76.9779 12.4517
      vertex 4.85333 77.5353 12.5201
    endloop
  endfacet
  facet normal 0.000100446 0.121841 -0.99255
    outer loop
      vertex 4.8 79.5965 12.7732
      vertex 5.30289 80.95 12.9394
      vertex 4.8 77.8035 12.5531
    endloop
  endfacet
  facet normal -0.000344669 0.122004 -0.99253
    outer loop
      vertex 5.30289 80.95 12.9394
      vertex 4.8 79.5965 12.7732
      vertex 5.04254 80.4221 12.8746
    endloop
  endfacet
  facet normal -0.00232864 0.122577 -0.992456
    outer loop
      vertex 5.04254 80.4221 12.8746
      vertex 4.8 79.5965 12.7732
      vertex 4.85333 79.8647 12.8062
    endloop
  endfacet
  facet normal -1 -0 0
    outer loop
      vertex 0 118.9 17.5991
      vertex 0 105.83 16.9943
      vertex 0 118.9 18.5991
    endloop
  endfacet
  facet normal -1 0 0
    outer loop
      vertex 0 12.83 16.6753
      vertex 0 105.83 16.9943
      vertex 0 12.83 5.57533
    endloop
  endfacet
  facet normal -1 0 0
    outer loop
      vertex 0 118.9 17.5991
      vertex 0 12.83 5.57533
      vertex 0 105.83 16.9943
    endloop
  endfacet
  facet normal -1 0 0
    outer loop
      vertex 0 0 3
      vertex 0 12.83 5.57533
      vertex 0 118.9 17.5991
    endloop
  endfacet
  facet normal -1 0 0
    outer loop
      vertex 0 12.83 5.57533
      vertex 0 0 3
      vertex 0 0 4
    endloop
  endfacet
  facet normal -1 0 0
    outer loop
      vertex 0 105.83 28.0943
      vertex 0 118.9 34.1991
      vertex 0 118.9 29.6991
    endloop
  endfacet
  facet normal -1 -0 0
    outer loop
      vertex 0 105.83 16.9943
      vertex 0 12.83 16.6753
      vertex 0 105.83 28.0943
    endloop
  endfacet
  facet normal -1 0 0
    outer loop
      vertex 0 0 19.6
      vertex 0 105.83 28.0943
      vertex 0 12.83 16.6753
    endloop
  endfacet
  facet normal -1 0 0
    outer loop
      vertex 0 0 19.6
      vertex 0 12.83 16.6753
      vertex 0 0 15.1
    endloop
  endfacet
  facet normal -1 -0 0
    outer loop
      vertex 0 105.83 28.0943
      vertex 0 0 19.6
      vertex 0 118.9 34.1991
    endloop
  endfacet
  facet normal 0 1 -0
    outer loop
      vertex 102.4 118.9 17.5991
      vertex 87.7 118.9 18.5991
      vertex 102.4 118.9 18.5991
    endloop
  endfacet
  facet normal -0 1 0
    outer loop
      vertex 54.6353 118.9 17.644
      vertex 87.7 118.9 18.5991
      vertex 102.4 118.9 17.5991
    endloop
  endfacet
  facet normal 0 1 0
    outer loop
      vertex 87.7 118.9 18.5991
      vertex 55.9591 118.9 17.9987
      vertex 56.575 118.9 18.3025
    endloop
  endfacet
  facet normal 0 1 0
    outer loop
      vertex 87.7 118.9 18.5991
      vertex 55.3088 118.9 17.778
      vertex 55.9591 118.9 17.9987
    endloop
  endfacet
  facet normal 0 1 0
    outer loop
      vertex 87.7 118.9 18.5991
      vertex 54.6353 118.9 17.644
      vertex 55.3088 118.9 17.778
    endloop
  endfacet
  facet normal 0 1 0
    outer loop
      vertex 54.6353 118.9 17.644
      vertex 102.4 118.9 17.5991
      vertex 53.95 118.9 17.5991
    endloop
  endfacet
  facet normal 0 1 -0
    outer loop
      vertex 48.45 118.9 28.0991
      vertex 0 118.9 34.1991
      vertex 53.95 118.9 28.0991
    endloop
  endfacet
  facet normal 0 1 0
    outer loop
      vertex 102.4 118.9 34.1991
      vertex 54.6353 118.9 28.0542
      vertex 53.95 118.9 28.0991
    endloop
  endfacet
  facet normal 0 1 0
    outer loop
      vertex 87.7 118.9 29.6991
      vertex 55.3088 118.9 27.9202
      vertex 54.6353 118.9 28.0542
    endloop
  endfacet
  facet normal 0 1 0
    outer loop
      vertex 87.7 118.9 29.6991
      vertex 55.9591 118.9 27.6995
      vertex 55.3088 118.9 27.9202
    endloop
  endfacet
  facet normal 0 1 0
    outer loop
      vertex 87.7 118.9 29.6991
      vertex 56.575 118.9 27.3957
      vertex 55.9591 118.9 27.6995
    endloop
  endfacet
  facet normal 0 1 0
    outer loop
      vertex 87.7 118.9 29.6991
      vertex 57.146 118.9 27.0142
      vertex 56.575 118.9 27.3957
    endloop
  endfacet
  facet normal 0 1 0
    outer loop
      vertex 87.7 118.9 29.6991
      vertex 57.6623 118.9 26.5614
      vertex 57.146 118.9 27.0142
    endloop
  endfacet
  facet normal 0 1 0
    outer loop
      vertex 87.7 118.9 29.6991
      vertex 58.1151 118.9 26.0451
      vertex 57.6623 118.9 26.5614
    endloop
  endfacet
  facet normal 0 1 0
    outer loop
      vertex 87.7 118.9 29.6991
      vertex 58.4966 118.9 25.4741
      vertex 58.1151 118.9 26.0451
    endloop
  endfacet
  facet normal 0 1 0
    outer loop
      vertex 87.7 118.9 29.6991
      vertex 58.8004 118.9 24.8582
      vertex 58.4966 118.9 25.4741
    endloop
  endfacet
  facet normal 0 1 0
    outer loop
      vertex 87.7 118.9 29.6991
      vertex 59.0211 118.9 24.2079
      vertex 58.8004 118.9 24.8582
    endloop
  endfacet
  facet normal 0 1 0
    outer loop
      vertex 87.7 118.9 29.6991
      vertex 59.1551 118.9 23.5343
      vertex 59.0211 118.9 24.2079
    endloop
  endfacet
  facet normal 0 1 0
    outer loop
      vertex 87.7 118.9 29.6991
      vertex 59.2 118.9 22.8491
      vertex 59.1551 118.9 23.5343
    endloop
  endfacet
  facet normal 0 1 -0
    outer loop
      vertex 87.7 118.9 18.5991
      vertex 59.2 118.9 22.8491
      vertex 87.7 118.9 29.6991
    endloop
  endfacet
  facet normal 0 1 0
    outer loop
      vertex 59.2 118.9 22.8491
      vertex 87.7 118.9 18.5991
      vertex 59.1551 118.9 22.1638
    endloop
  endfacet
  facet normal 0 1 0
    outer loop
      vertex 59.1551 118.9 22.1638
      vertex 87.7 118.9 18.5991
      vertex 59.0211 118.9 21.4903
    endloop
  endfacet
  facet normal 0 1 0
    outer loop
      vertex 59.0211 118.9 21.4903
      vertex 87.7 118.9 18.5991
      vertex 58.8004 118.9 20.84
    endloop
  endfacet
  facet normal 0 1 0
    outer loop
      vertex 58.8004 118.9 20.84
      vertex 87.7 118.9 18.5991
      vertex 58.4966 118.9 20.2241
    endloop
  endfacet
  facet normal 0 1 0
    outer loop
      vertex 58.4966 118.9 20.2241
      vertex 87.7 118.9 18.5991
      vertex 58.1151 118.9 19.6531
    endloop
  endfacet
  facet normal 0 1 0
    outer loop
      vertex 58.1151 118.9 19.6531
      vertex 87.7 118.9 18.5991
      vertex 57.6623 118.9 19.1368
    endloop
  endfacet
  facet normal 0 1 0
    outer loop
      vertex 57.6623 118.9 19.1368
      vertex 87.7 118.9 18.5991
      vertex 57.146 118.9 18.684
    endloop
  endfacet
  facet normal 0 1 0
    outer loop
      vertex 57.146 118.9 18.684
      vertex 87.7 118.9 18.5991
      vertex 56.575 118.9 18.3025
    endloop
  endfacet
  facet normal 0 1 0
    outer loop
      vertex 87.7 118.9 29.6991
      vertex 102.4 118.9 34.1991
      vertex 102.4 118.9 29.6991
    endloop
  endfacet
  facet normal 0 1 0
    outer loop
      vertex 54.6353 118.9 28.0542
      vertex 102.4 118.9 34.1991
      vertex 87.7 118.9 29.6991
    endloop
  endfacet
  facet normal 0 1 0
    outer loop
      vertex 102.4 118.9 34.1991
      vertex 53.95 118.9 28.0991
      vertex 0 118.9 34.1991
    endloop
  endfacet
  facet normal 0 1 0
    outer loop
      vertex 0 118.9 34.1991
      vertex 14.7 118.9 29.6991
      vertex 0 118.9 29.6991
    endloop
  endfacet
  facet normal 0 1 -0
    outer loop
      vertex 47.7647 118.9 28.0542
      vertex 0 118.9 34.1991
      vertex 48.45 118.9 28.0991
    endloop
  endfacet
  facet normal 0 1 0
    outer loop
      vertex 0 118.9 34.1991
      vertex 47.7647 118.9 28.0542
      vertex 14.7 118.9 29.6991
    endloop
  endfacet
  facet normal 0 1 -0
    outer loop
      vertex 47.0912 118.9 27.9202
      vertex 14.7 118.9 29.6991
      vertex 47.7647 118.9 28.0542
    endloop
  endfacet
  facet normal 0 1 -0
    outer loop
      vertex 46.4409 118.9 27.6995
      vertex 14.7 118.9 29.6991
      vertex 47.0912 118.9 27.9202
    endloop
  endfacet
  facet normal 0 1 -0
    outer loop
      vertex 45.825 118.9 27.3957
      vertex 14.7 118.9 29.6991
      vertex 46.4409 118.9 27.6995
    endloop
  endfacet
  facet normal 0 1 -0
    outer loop
      vertex 45.254 118.9 27.0142
      vertex 14.7 118.9 29.6991
      vertex 45.825 118.9 27.3957
    endloop
  endfacet
  facet normal 0 1 -0
    outer loop
      vertex 44.7377 118.9 26.5614
      vertex 14.7 118.9 29.6991
      vertex 45.254 118.9 27.0142
    endloop
  endfacet
  facet normal 0 1 -0
    outer loop
      vertex 44.2849 118.9 26.0451
      vertex 14.7 118.9 29.6991
      vertex 44.7377 118.9 26.5614
    endloop
  endfacet
  facet normal 0 1 -0
    outer loop
      vertex 43.9034 118.9 25.4741
      vertex 14.7 118.9 29.6991
      vertex 44.2849 118.9 26.0451
    endloop
  endfacet
  facet normal 0 1 -0
    outer loop
      vertex 43.5996 118.9 24.8582
      vertex 14.7 118.9 29.6991
      vertex 43.9034 118.9 25.4741
    endloop
  endfacet
  facet normal 0 1 -0
    outer loop
      vertex 43.3789 118.9 24.2079
      vertex 14.7 118.9 29.6991
      vertex 43.5996 118.9 24.8582
    endloop
  endfacet
  facet normal 0 1 -0
    outer loop
      vertex 43.2449 118.9 23.5343
      vertex 14.7 118.9 29.6991
      vertex 43.3789 118.9 24.2079
    endloop
  endfacet
  facet normal 0 1 -0
    outer loop
      vertex 43.2 118.9 22.8491
      vertex 14.7 118.9 29.6991
      vertex 43.2449 118.9 23.5343
    endloop
  endfacet
  facet normal 0 1 0
    outer loop
      vertex 14.7 118.9 18.5991
      vertex 43.2 118.9 22.8491
      vertex 43.2449 118.9 22.1638
    endloop
  endfacet
  facet normal 0 1 0
    outer loop
      vertex 14.7 118.9 18.5991
      vertex 43.2449 118.9 22.1638
      vertex 43.3789 118.9 21.4903
    endloop
  endfacet
  facet normal 0 1 0
    outer loop
      vertex 14.7 118.9 18.5991
      vertex 43.3789 118.9 21.4903
      vertex 43.5996 118.9 20.84
    endloop
  endfacet
  facet normal 0 1 0
    outer loop
      vertex 14.7 118.9 18.5991
      vertex 43.5996 118.9 20.84
      vertex 43.9034 118.9 20.2241
    endloop
  endfacet
  facet normal 0 1 0
    outer loop
      vertex 14.7 118.9 18.5991
      vertex 43.9034 118.9 20.2241
      vertex 44.2849 118.9 19.6531
    endloop
  endfacet
  facet normal 0 1 0
    outer loop
      vertex 14.7 118.9 18.5991
      vertex 44.2849 118.9 19.6531
      vertex 44.7377 118.9 19.1368
    endloop
  endfacet
  facet normal 0 1 0
    outer loop
      vertex 14.7 118.9 18.5991
      vertex 44.7377 118.9 19.1368
      vertex 45.254 118.9 18.684
    endloop
  endfacet
  facet normal 0 1 0
    outer loop
      vertex 43.2 118.9 22.8491
      vertex 14.7 118.9 18.5991
      vertex 14.7 118.9 29.6991
    endloop
  endfacet
  facet normal 0 1 0
    outer loop
      vertex 45.825 118.9 18.3025
      vertex 14.7 118.9 18.5991
      vertex 45.254 118.9 18.684
    endloop
  endfacet
  facet normal 0 1 0
    outer loop
      vertex 46.4409 118.9 17.9987
      vertex 14.7 118.9 18.5991
      vertex 45.825 118.9 18.3025
    endloop
  endfacet
  facet normal 0 1 0
    outer loop
      vertex 47.0912 118.9 17.778
      vertex 14.7 118.9 18.5991
      vertex 46.4409 118.9 17.9987
    endloop
  endfacet
  facet normal 0 1 0
    outer loop
      vertex 47.7647 118.9 17.644
      vertex 14.7 118.9 18.5991
      vertex 47.0912 118.9 17.778
    endloop
  endfacet
  facet normal 0 1 0
    outer loop
      vertex 14.7 118.9 18.5991
      vertex 47.7647 118.9 17.644
      vertex 0 118.9 17.5991
    endloop
  endfacet
  facet normal 0 1 0
    outer loop
      vertex 0 118.9 17.5991
      vertex 47.7647 118.9 17.644
      vertex 48.45 118.9 17.5991
    endloop
  endfacet
  facet normal 0 1 0
    outer loop
      vertex 14.7 118.9 18.5991
      vertex 0 118.9 17.5991
      vertex 0 118.9 18.5991
    endloop
  endfacet
  facet normal 0 -1 0
    outer loop
      vertex 0 0 3
      vertex 14.7 0 4
      vertex 0 0 4
    endloop
  endfacet
  facet normal 0 -1 -0
    outer loop
      vertex 14.7 0 4
      vertex 0 0 3
      vertex 87.7 0 4
    endloop
  endfacet
  facet normal 0 -1 0
    outer loop
      vertex 102.4 0 3
      vertex 87.7 0 4
      vertex 0 0 3
    endloop
  endfacet
  facet normal 0 -1 0
    outer loop
      vertex 87.7 0 4
      vertex 102.4 0 3
      vertex 102.4 0 4
    endloop
  endfacet
  facet normal 0 -1 0
    outer loop
      vertex 14.7 0 4
      vertex 87.7 0 15.1
      vertex 14.7 0 15.1
    endloop
  endfacet
  facet normal 0 -1 -0
    outer loop
      vertex 87.7 0 15.1
      vertex 14.7 0 4
      vertex 87.7 0 4
    endloop
  endfacet
  facet normal 0 -1 0
    outer loop
      vertex 14.7 0 15.1
      vertex 0 0 19.6
      vertex 0 0 15.1
    endloop
  endfacet
  facet normal 0 -1 0
    outer loop
      vertex 0 0 19.6
      vertex 14.7 0 15.1
      vertex 102.4 0 19.6
    endloop
  endfacet
  facet normal 0 -1 0
    outer loop
      vertex 87.7 0 15.1
      vertex 102.4 0 19.6
      vertex 14.7 0 15.1
    endloop
  endfacet
  facet normal 0 -1 -0
    outer loop
      vertex 102.4 0 19.6
      vertex 87.7 0 15.1
      vertex 102.4 0 15.1
    endloop
  endfacet
  facet normal -1 -0 0
    outer loop
      vertex 97.6 114.1 17.0097
      vertex 97.6 105.83 16.9943
      vertex 97.6 114.1 18.0097
    endloop
  endfacet
  facet normal -1 0 0
    outer loop
      vertex 97.6 16.4441 12.5191
      vertex 97.6 105.83 16.9943
      vertex 97.6 16.4441 5.01909
    endloop
  endfacet
  facet normal -1 0 0
    outer loop
      vertex 97.6 16.4441 5.01909
      vertex 97.6 105.83 16.9943
      vertex 97.6 114.1 17.0097
    endloop
  endfacet
  facet normal -1 0 0
    outer loop
      vertex 97.6 105.83 28.0943
      vertex 97.6 114.1 33.6097
      vertex 97.6 114.1 29.1097
    endloop
  endfacet
  facet normal -1 -0 0
    outer loop
      vertex 97.6 105.83 16.9943
      vertex 97.6 16.4441 12.5191
      vertex 97.6 105.83 28.0943
    endloop
  endfacet
  facet normal -1 0 0
    outer loop
      vertex 97.6 12.83 16.6753
      vertex 97.6 105.83 28.0943
      vertex 97.6 16.4441 12.5191
    endloop
  endfacet
  facet normal -1 0 0
    outer loop
      vertex 97.6 12.83 16.6753
      vertex 97.6 16.4441 12.5191
      vertex 97.6 12.83 12.0753
    endloop
  endfacet
  facet normal -1 0 0
    outer loop
      vertex 97.6 4.8 20.1894
      vertex 97.6 105.83 28.0943
      vertex 97.6 12.83 16.6753
    endloop
  endfacet
  facet normal -1 0 0
    outer loop
      vertex 97.6 4.8 20.1894
      vertex 97.6 12.83 16.6753
      vertex 97.6 4.8 15.6894
    endloop
  endfacet
  facet normal -1 -0 0
    outer loop
      vertex 97.6 105.83 28.0943
      vertex 97.6 4.8 20.1894
      vertex 97.6 114.1 33.6097
    endloop
  endfacet
  facet normal -1 0 0
    outer loop
      vertex 97.6 4.8 4.58937
      vertex 97.6 11.9559 4.46799
      vertex 97.6 4.8 3.58937
    endloop
  endfacet
  facet normal -1 0 0
    outer loop
      vertex 97.6 11.9559 4.46799
      vertex 97.6 4.8 4.58937
      vertex 97.6 11.9559 5.46799
    endloop
  endfacet
  facet normal 1 0 0
    outer loop
      vertex 4.8 114.1 33.6097
      vertex 4.8 105.83 28.0943
      vertex 4.8 114.1 29.1097
    endloop
  endfacet
  facet normal 1 0 0
    outer loop
      vertex 4.8 105.83 28.0943
      vertex 4.8 79.5965 20.2732
      vertex 4.8 105.83 16.9943
    endloop
  endfacet
  facet normal 1 0 0
    outer loop
      vertex 4.8 114.1 33.6097
      vertex 4.8 79.5965 20.2732
      vertex 4.8 105.83 28.0943
    endloop
  endfacet
  facet normal 1 0 0
    outer loop
      vertex 4.8 114.1 33.6097
      vertex 4.8 77.8035 20.0531
      vertex 4.8 79.5965 20.2732
    endloop
  endfacet
  facet normal 1 0 0
    outer loop
      vertex 4.8 77.8035 20.0531
      vertex 4.8 12.83 16.6753
      vertex 4.8 77.8035 12.5531
    endloop
  endfacet
  facet normal 1 -0 0
    outer loop
      vertex 4.8 4.8 20.1894
      vertex 4.8 77.8035 20.0531
      vertex 4.8 114.1 33.6097
    endloop
  endfacet
  facet normal 1 0 0
    outer loop
      vertex 4.8 77.8035 20.0531
      vertex 4.8 4.8 20.1894
      vertex 4.8 12.83 16.6753
    endloop
  endfacet
  facet normal 1 0 0
    outer loop
      vertex 4.8 12.83 16.6753
      vertex 4.8 4.8 20.1894
      vertex 4.8 4.8 15.6894
    endloop
  endfacet
  facet normal 1 0 0
    outer loop
      vertex 4.8 105.83 16.9943
      vertex 4.8 114.1 17.0097
      vertex 4.8 114.1 18.0097
    endloop
  endfacet
  facet normal 1 -0 0
    outer loop
      vertex 4.8 105.83 16.9943
      vertex 4.8 79.5965 12.7732
      vertex 4.8 114.1 17.0097
    endloop
  endfacet
  facet normal 1 0 0
    outer loop
      vertex 4.8 79.5965 12.7732
      vertex 4.8 105.83 16.9943
      vertex 4.8 79.5965 20.2732
    endloop
  endfacet
  facet normal 1 0 0
    outer loop
      vertex 4.8 12.83 5.57533
      vertex 4.8 77.8035 12.5531
      vertex 4.8 12.83 16.6753
    endloop
  endfacet
  facet normal 1 0 0
    outer loop
      vertex 4.8 4.8 3.58937
      vertex 4.8 12.83 5.57533
      vertex 4.8 4.8 4.58937
    endloop
  endfacet
  facet normal 1 -0 0
    outer loop
      vertex 4.8 12.83 5.57533
      vertex 4.8 4.8 3.58937
      vertex 4.8 77.8035 12.5531
    endloop
  endfacet
  facet normal 0 -1 0
    outer loop
      vertex 4.8 114.1 17.0097
      vertex 14.7 114.1 18.0097
      vertex 4.8 114.1 18.0097
    endloop
  endfacet
  facet normal 0 -1 -0
    outer loop
      vertex 14.7 114.1 18.0097
      vertex 4.8 114.1 17.0097
      vertex 87.7 114.1 18.0097
    endloop
  endfacet
  facet normal 0 -1 0
    outer loop
      vertex 97.6 114.1 17.0097
      vertex 87.7 114.1 18.0097
      vertex 4.8 114.1 17.0097
    endloop
  endfacet
  facet normal 0 -1 0
    outer loop
      vertex 87.7 114.1 18.0097
      vertex 97.6 114.1 17.0097
      vertex 97.6 114.1 18.0097
    endloop
  endfacet
  facet normal 0 -1 0
    outer loop
      vertex 53.95 114.1 24.5097
      vertex 97.6 114.1 33.6097
      vertex 48.45 114.1 24.5097
    endloop
  endfacet
  facet normal 0 -1 0
    outer loop
      vertex 4.8 114.1 33.6097
      vertex 48.1563 114.1 24.4905
      vertex 48.45 114.1 24.5097
    endloop
  endfacet
  facet normal 0 -1 0
    outer loop
      vertex 14.7 114.1 29.1097
      vertex 47.8677 114.1 24.4331
      vertex 48.1563 114.1 24.4905
    endloop
  endfacet
  facet normal 0 -1 0
    outer loop
      vertex 14.7 114.1 29.1097
      vertex 47.589 114.1 24.3384
      vertex 47.8677 114.1 24.4331
    endloop
  endfacet
  facet normal 0 -1 0
    outer loop
      vertex 14.7 114.1 29.1097
      vertex 47.325 114.1 24.2083
      vertex 47.589 114.1 24.3384
    endloop
  endfacet
  facet normal 0 -1 0
    outer loop
      vertex 14.7 114.1 29.1097
      vertex 47.0803 114.1 24.0448
      vertex 47.325 114.1 24.2083
    endloop
  endfacet
  facet normal 0 -1 0
    outer loop
      vertex 14.7 114.1 29.1097
      vertex 46.859 114.1 23.8507
      vertex 47.0803 114.1 24.0448
    endloop
  endfacet
  facet normal 0 -1 0
    outer loop
      vertex 14.7 114.1 29.1097
      vertex 46.665 114.1 23.6294
      vertex 46.859 114.1 23.8507
    endloop
  endfacet
  facet normal 0 -1 0
    outer loop
      vertex 14.7 114.1 29.1097
      vertex 46.5014 114.1 23.3847
      vertex 46.665 114.1 23.6294
    endloop
  endfacet
  facet normal 0 -1 0
    outer loop
      vertex 14.7 114.1 29.1097
      vertex 46.3713 114.1 23.1208
      vertex 46.5014 114.1 23.3847
    endloop
  endfacet
  facet normal 0 -1 0
    outer loop
      vertex 14.7 114.1 29.1097
      vertex 46.2767 114.1 22.8421
      vertex 46.3713 114.1 23.1208
    endloop
  endfacet
  facet normal 0 -1 0
    outer loop
      vertex 14.7 114.1 29.1097
      vertex 46.2192 114.1 22.5534
      vertex 46.2767 114.1 22.8421
    endloop
  endfacet
  facet normal 0 -1 0
    outer loop
      vertex 14.7 114.1 29.1097
      vertex 46.2 114.1 22.2597
      vertex 46.2192 114.1 22.5534
    endloop
  endfacet
  facet normal 0 -1 0
    outer loop
      vertex 14.7 114.1 18.0097
      vertex 46.2 114.1 22.2597
      vertex 14.7 114.1 29.1097
    endloop
  endfacet
  facet normal 0 -1 -0
    outer loop
      vertex 46.2 114.1 22.2597
      vertex 14.7 114.1 18.0097
      vertex 46.2192 114.1 21.966
    endloop
  endfacet
  facet normal 0 -1 -0
    outer loop
      vertex 46.2192 114.1 21.966
      vertex 14.7 114.1 18.0097
      vertex 46.2767 114.1 21.6774
    endloop
  endfacet
  facet normal 0 -1 -0
    outer loop
      vertex 46.2767 114.1 21.6774
      vertex 14.7 114.1 18.0097
      vertex 46.3713 114.1 21.3987
    endloop
  endfacet
  facet normal 0 -1 -0
    outer loop
      vertex 46.3713 114.1 21.3987
      vertex 14.7 114.1 18.0097
      vertex 46.5014 114.1 21.1347
    endloop
  endfacet
  facet normal 0 -1 -0
    outer loop
      vertex 46.5014 114.1 21.1347
      vertex 14.7 114.1 18.0097
      vertex 46.665 114.1 20.89
    endloop
  endfacet
  facet normal 0 -1 -0
    outer loop
      vertex 46.665 114.1 20.89
      vertex 14.7 114.1 18.0097
      vertex 46.859 114.1 20.6687
    endloop
  endfacet
  facet normal 0 -1 -0
    outer loop
      vertex 46.859 114.1 20.6687
      vertex 14.7 114.1 18.0097
      vertex 47.0803 114.1 20.4747
    endloop
  endfacet
  facet normal 0 -1 -0
    outer loop
      vertex 47.0803 114.1 20.4747
      vertex 14.7 114.1 18.0097
      vertex 47.325 114.1 20.3112
    endloop
  endfacet
  facet normal 0 -1 -0
    outer loop
      vertex 47.325 114.1 20.3112
      vertex 14.7 114.1 18.0097
      vertex 47.589 114.1 20.181
    endloop
  endfacet
  facet normal 0 -1 -0
    outer loop
      vertex 48.45 114.1 20.0097
      vertex 14.7 114.1 18.0097
      vertex 53.95 114.1 20.0097
    endloop
  endfacet
  facet normal 0 -1 -0
    outer loop
      vertex 48.1563 114.1 20.029
      vertex 14.7 114.1 18.0097
      vertex 48.45 114.1 20.0097
    endloop
  endfacet
  facet normal 0 -1 -0
    outer loop
      vertex 47.8677 114.1 20.0864
      vertex 14.7 114.1 18.0097
      vertex 48.1563 114.1 20.029
    endloop
  endfacet
  facet normal 0 -1 -0
    outer loop
      vertex 47.589 114.1 20.181
      vertex 14.7 114.1 18.0097
      vertex 47.8677 114.1 20.0864
    endloop
  endfacet
  facet normal 0 -1 0
    outer loop
      vertex 14.7 114.1 29.1097
      vertex 4.8 114.1 33.6097
      vertex 4.8 114.1 29.1097
    endloop
  endfacet
  facet normal 0 -1 0
    outer loop
      vertex 48.1563 114.1 24.4905
      vertex 4.8 114.1 33.6097
      vertex 14.7 114.1 29.1097
    endloop
  endfacet
  facet normal 0 -1 0
    outer loop
      vertex 4.8 114.1 33.6097
      vertex 48.45 114.1 24.5097
      vertex 97.6 114.1 33.6097
    endloop
  endfacet
  facet normal 0 -1 -0
    outer loop
      vertex 97.6 114.1 33.6097
      vertex 87.7 114.1 29.1097
      vertex 97.6 114.1 29.1097
    endloop
  endfacet
  facet normal 0 -1 0
    outer loop
      vertex 54.2437 114.1 24.4905
      vertex 97.6 114.1 33.6097
      vertex 53.95 114.1 24.5097
    endloop
  endfacet
  facet normal 0 -1 0
    outer loop
      vertex 97.6 114.1 33.6097
      vertex 54.2437 114.1 24.4905
      vertex 87.7 114.1 29.1097
    endloop
  endfacet
  facet normal 0 -1 0
    outer loop
      vertex 54.5323 114.1 24.4331
      vertex 87.7 114.1 29.1097
      vertex 54.2437 114.1 24.4905
    endloop
  endfacet
  facet normal 0 -1 0
    outer loop
      vertex 54.811 114.1 24.3384
      vertex 87.7 114.1 29.1097
      vertex 54.5323 114.1 24.4331
    endloop
  endfacet
  facet normal 0 -1 0
    outer loop
      vertex 55.075 114.1 24.2083
      vertex 87.7 114.1 29.1097
      vertex 54.811 114.1 24.3384
    endloop
  endfacet
  facet normal 0 -1 0
    outer loop
      vertex 55.3197 114.1 24.0448
      vertex 87.7 114.1 29.1097
      vertex 55.075 114.1 24.2083
    endloop
  endfacet
  facet normal 0 -1 0
    outer loop
      vertex 55.541 114.1 23.8507
      vertex 87.7 114.1 29.1097
      vertex 55.3197 114.1 24.0448
    endloop
  endfacet
  facet normal 0 -1 0
    outer loop
      vertex 55.735 114.1 23.6294
      vertex 87.7 114.1 29.1097
      vertex 55.541 114.1 23.8507
    endloop
  endfacet
  facet normal 0 -1 0
    outer loop
      vertex 55.8986 114.1 23.3847
      vertex 87.7 114.1 29.1097
      vertex 55.735 114.1 23.6294
    endloop
  endfacet
  facet normal 0 -1 0
    outer loop
      vertex 56.0287 114.1 23.1208
      vertex 87.7 114.1 29.1097
      vertex 55.8986 114.1 23.3847
    endloop
  endfacet
  facet normal 0 -1 0
    outer loop
      vertex 56.1233 114.1 22.8421
      vertex 87.7 114.1 29.1097
      vertex 56.0287 114.1 23.1208
    endloop
  endfacet
  facet normal 0 -1 0
    outer loop
      vertex 56.1808 114.1 22.5534
      vertex 87.7 114.1 29.1097
      vertex 56.1233 114.1 22.8421
    endloop
  endfacet
  facet normal 0 -1 0
    outer loop
      vertex 56.2 114.1 22.2597
      vertex 87.7 114.1 29.1097
      vertex 56.1808 114.1 22.5534
    endloop
  endfacet
  facet normal 0 -1 0
    outer loop
      vertex 87.7 114.1 18.0097
      vertex 56.2 114.1 22.2597
      vertex 56.1808 114.1 21.966
    endloop
  endfacet
  facet normal 0 -1 0
    outer loop
      vertex 87.7 114.1 18.0097
      vertex 56.1808 114.1 21.966
      vertex 56.1233 114.1 21.6774
    endloop
  endfacet
  facet normal 0 -1 0
    outer loop
      vertex 87.7 114.1 18.0097
      vertex 56.1233 114.1 21.6774
      vertex 56.0287 114.1 21.3987
    endloop
  endfacet
  facet normal 0 -1 0
    outer loop
      vertex 87.7 114.1 18.0097
      vertex 56.0287 114.1 21.3987
      vertex 55.8986 114.1 21.1347
    endloop
  endfacet
  facet normal 0 -1 0
    outer loop
      vertex 87.7 114.1 18.0097
      vertex 55.8986 114.1 21.1347
      vertex 55.735 114.1 20.89
    endloop
  endfacet
  facet normal 0 -1 0
    outer loop
      vertex 87.7 114.1 18.0097
      vertex 55.735 114.1 20.89
      vertex 55.541 114.1 20.6687
    endloop
  endfacet
  facet normal 0 -1 0
    outer loop
      vertex 87.7 114.1 18.0097
      vertex 55.541 114.1 20.6687
      vertex 55.3197 114.1 20.4747
    endloop
  endfacet
  facet normal 0 -1 0
    outer loop
      vertex 87.7 114.1 18.0097
      vertex 55.3197 114.1 20.4747
      vertex 55.075 114.1 20.3112
    endloop
  endfacet
  facet normal 0 -1 0
    outer loop
      vertex 87.7 114.1 18.0097
      vertex 55.075 114.1 20.3112
      vertex 54.811 114.1 20.181
    endloop
  endfacet
  facet normal 0 -1 0
    outer loop
      vertex 87.7 114.1 18.0097
      vertex 54.811 114.1 20.181
      vertex 54.5323 114.1 20.0864
    endloop
  endfacet
  facet normal 0 -1 0
    outer loop
      vertex 56.2 114.1 22.2597
      vertex 87.7 114.1 18.0097
      vertex 87.7 114.1 29.1097
    endloop
  endfacet
  facet normal 0 -1 0
    outer loop
      vertex 54.2437 114.1 20.029
      vertex 87.7 114.1 18.0097
      vertex 54.5323 114.1 20.0864
    endloop
  endfacet
  facet normal 0 -1 0
    outer loop
      vertex 53.95 114.1 20.0097
      vertex 87.7 114.1 18.0097
      vertex 54.2437 114.1 20.029
    endloop
  endfacet
  facet normal 0 -1 0
    outer loop
      vertex 87.7 114.1 18.0097
      vertex 53.95 114.1 20.0097
      vertex 14.7 114.1 18.0097
    endloop
  endfacet
  facet normal 0 1 -0
    outer loop
      vertex 97.6 4.8 3.58937
      vertex 87.7 4.8 4.58937
      vertex 97.6 4.8 4.58937
    endloop
  endfacet
  facet normal 0 1 0
    outer loop
      vertex 87.7 4.8 4.58937
      vertex 97.6 4.8 3.58937
      vertex 14.7 4.8 4.58937
    endloop
  endfacet
  facet normal 0 1 0
    outer loop
      vertex 4.8 4.8 3.58937
      vertex 14.7 4.8 4.58937
      vertex 97.6 4.8 3.58937
    endloop
  endfacet
  facet normal 0 1 0
    outer loop
      vertex 14.7 4.8 4.58937
      vertex 4.8 4.8 3.58937
      vertex 4.8 4.8 4.58937
    endloop
  endfacet
  facet normal 0 1 -0
    outer loop
      vertex 87.7 4.8 4.58937
      vertex 14.7 4.8 15.6894
      vertex 87.7 4.8 15.6894
    endloop
  endfacet
  facet normal 0 1 0
    outer loop
      vertex 14.7 4.8 15.6894
      vertex 87.7 4.8 4.58937
      vertex 14.7 4.8 4.58937
    endloop
  endfacet
  facet normal 0 1 0
    outer loop
      vertex 87.7 4.8 15.6894
      vertex 97.6 4.8 20.1894
      vertex 97.6 4.8 15.6894
    endloop
  endfacet
  facet normal 0 1 0
    outer loop
      vertex 97.6 4.8 20.1894
      vertex 87.7 4.8 15.6894
      vertex 4.8 4.8 20.1894
    endloop
  endfacet
  facet normal 0 1 -0
    outer loop
      vertex 14.7 4.8 15.6894
      vertex 4.8 4.8 20.1894
      vertex 87.7 4.8 15.6894
    endloop
  endfacet
  facet normal 0 1 0
    outer loop
      vertex 4.8 4.8 20.1894
      vertex 14.7 4.8 15.6894
      vertex 4.8 4.8 15.6894
    endloop
  endfacet
  facet normal 0.193671 0.11956 -0.973754
    outer loop
      vertex 47.8677 114.1 24.4331
      vertex 48.1563 116.4 24.7729
      vertex 48.1563 114.1 24.4905
    endloop
  endfacet
  facet normal 0.193671 0.11956 -0.973754
    outer loop
      vertex 48.1563 116.4 24.7729
      vertex 47.8677 114.1 24.4331
      vertex 47.8677 116.4 24.7155
    endloop
  endfacet
  facet normal 0.55269 -0.101563 0.827175
    outer loop
      vertex 47.0803 116.4 20.7571
      vertex 47.325 114.1 20.3112
      vertex 47.325 116.4 20.5936
    endloop
  endfacet
  facet normal 0.55269 -0.101563 0.827175
    outer loop
      vertex 47.325 114.1 20.3112
      vertex 47.0803 116.4 20.7571
      vertex 47.0803 114.1 20.4747
    endloop
  endfacet
  facet normal -0.980455 0.0239765 -0.195276
    outer loop
      vertex 56.1233 114.1 22.8421
      vertex 56.1808 116.4 22.8358
      vertex 56.1808 114.1 22.5534
    endloop
  endfacet
  facet normal -0.980455 0.0239765 -0.195276
    outer loop
      vertex 56.1808 116.4 22.8358
      vertex 56.1233 114.1 22.8421
      vertex 56.1233 116.4 23.1245
    endloop
  endfacet
  facet normal 0.319574 0.115477 -0.940499
    outer loop
      vertex 47.589 114.1 24.3384
      vertex 47.8677 116.4 24.7155
      vertex 47.8677 114.1 24.4331
    endloop
  endfacet
  facet normal 0.319269 0.11553 -0.940596
    outer loop
      vertex 47.8677 116.4 24.7155
      vertex 47.589 114.1 24.3384
      vertex 47.589 116.4 24.6209
    endloop
  endfacet
  facet normal 0.656603 0.0919169 -0.748615
    outer loop
      vertex 46.859 114.1 23.8507
      vertex 47.0803 116.4 24.3272
      vertex 47.0803 114.1 24.0448
    endloop
  endfacet
  facet normal 0.656603 0.0919169 -0.748615
    outer loop
      vertex 47.0803 116.4 24.3272
      vertex 46.859 114.1 23.8507
      vertex 46.859 116.4 24.1331
    endloop
  endfacet
  facet normal -0.997838 0.00800929 -0.0652315
    outer loop
      vertex 56.1808 114.1 22.5534
      vertex 56.2 116.4 22.5421
      vertex 56.2 114.1 22.2597
    endloop
  endfacet
  facet normal -0.997838 0.00800929 -0.0652315
    outer loop
      vertex 56.2 116.4 22.5421
      vertex 56.1808 114.1 22.5534
      vertex 56.1808 116.4 22.8358
    endloop
  endfacet
  facet normal -0.65641 -0.0919373 0.748781
    outer loop
      vertex 55.3197 116.4 20.7571
      vertex 55.541 114.1 20.6687
      vertex 55.541 116.4 20.9511
    endloop
  endfacet
  facet normal -0.65641 -0.0919373 0.748781
    outer loop
      vertex 55.541 114.1 20.6687
      vertex 55.3197 116.4 20.7571
      vertex 55.3197 114.1 20.4747
    endloop
  endfacet
  facet normal -0.193671 0.11956 -0.973754
    outer loop
      vertex 54.2437 114.1 24.4905
      vertex 54.5323 116.4 24.7155
      vertex 54.5323 114.1 24.4331
    endloop
  endfacet
  facet normal -0.193671 0.11956 -0.973754
    outer loop
      vertex 54.5323 116.4 24.7155
      vertex 54.2437 114.1 24.4905
      vertex 54.2437 116.4 24.7729
    endloop
  endfacet
  facet normal 0.749515 0.0806747 -0.657053
    outer loop
      vertex 46.859 114.1 23.8507
      vertex 46.665 116.4 23.9118
      vertex 46.859 116.4 24.1331
    endloop
  endfacet
  facet normal 0.749515 0.0806747 -0.657053
    outer loop
      vertex 46.665 116.4 23.9118
      vertex 46.859 114.1 23.8507
      vertex 46.665 114.1 23.6294
    endloop
  endfacet
  facet normal 0.829389 -0.0680839 0.554508
    outer loop
      vertex 46.5014 114.1 21.1347
      vertex 46.665 116.4 21.1724
      vertex 46.5014 116.4 21.4171
    endloop
  endfacet
  facet normal 0.829389 -0.0680839 0.554508
    outer loop
      vertex 46.665 116.4 21.1724
      vertex 46.5014 114.1 21.1347
      vertex 46.665 114.1 20.89
    endloop
  endfacet
  facet normal 0.980455 0.0239765 -0.195276
    outer loop
      vertex 46.2767 114.1 22.8421
      vertex 46.2192 116.4 22.8358
      vertex 46.2767 116.4 23.1245
    endloop
  endfacet
  facet normal 0.980455 0.0239765 -0.195276
    outer loop
      vertex 46.2192 116.4 22.8358
      vertex 46.2767 114.1 22.8421
      vertex 46.2192 114.1 22.5534
    endloop
  endfacet
  facet normal 0.55269 0.101563 -0.827175
    outer loop
      vertex 47.0803 114.1 24.0448
      vertex 47.325 116.4 24.4907
      vertex 47.325 114.1 24.2083
    endloop
  endfacet
  facet normal 0.55269 0.101563 -0.827175
    outer loop
      vertex 47.325 116.4 24.4907
      vertex 47.0803 114.1 24.0448
      vertex 47.0803 116.4 24.3272
    endloop
  endfacet
  facet normal -0.319572 0.115517 -0.940494
    outer loop
      vertex 54.5323 114.1 24.4331
      vertex 54.811 116.4 24.6209
      vertex 54.811 114.1 24.3384
    endloop
  endfacet
  facet normal -0.319271 0.115489 -0.9406
    outer loop
      vertex 54.811 116.4 24.6209
      vertex 54.5323 114.1 24.4331
      vertex 54.5323 116.4 24.7155
    endloop
  endfacet
  facet normal -0.749515 -0.0806747 0.657053
    outer loop
      vertex 55.735 114.1 20.89
      vertex 55.541 116.4 20.9511
      vertex 55.541 114.1 20.6687
    endloop
  endfacet
  facet normal -0.749515 -0.0806747 0.657053
    outer loop
      vertex 55.541 116.4 20.9511
      vertex 55.735 114.1 20.89
      vertex 55.735 116.4 21.1724
    endloop
  endfacet
  facet normal -0.829389 -0.0680839 0.554508
    outer loop
      vertex 55.8986 114.1 21.1347
      vertex 55.735 116.4 21.1724
      vertex 55.735 114.1 20.89
    endloop
  endfacet
  facet normal -0.829389 -0.0680839 0.554508
    outer loop
      vertex 55.735 116.4 21.1724
      vertex 55.8986 114.1 21.1347
      vertex 55.8986 116.4 21.4171
    endloop
  endfacet
  facet normal 0.0647494 0.121612 -0.990464
    outer loop
      vertex 48.1563 114.1 24.4905
      vertex 48.45 116.4 24.7921
      vertex 48.45 114.1 24.5097
    endloop
  endfacet
  facet normal 0.0647494 0.121612 -0.990464
    outer loop
      vertex 48.45 116.4 24.7921
      vertex 48.1563 114.1 24.4905
      vertex 48.1563 116.4 24.7729
    endloop
  endfacet
  facet normal 0.9462 0.0394343 -0.321171
    outer loop
      vertex 46.3713 114.1 23.1208
      vertex 46.2767 116.4 23.1245
      vertex 46.3713 116.4 23.4032
    endloop
  endfacet
  facet normal 0.9462 0.0394343 -0.321171
    outer loop
      vertex 46.2767 116.4 23.1245
      vertex 46.3713 114.1 23.1208
      vertex 46.2767 114.1 22.8421
    endloop
  endfacet
  facet normal 0.319271 -0.115489 0.9406
    outer loop
      vertex 47.589 116.4 20.4634
      vertex 47.8677 114.1 20.0864
      vertex 47.8677 116.4 20.3688
    endloop
  endfacet
  facet normal 0.319271 -0.115489 0.9406
    outer loop
      vertex 47.8677 114.1 20.0864
      vertex 47.589 116.4 20.4634
      vertex 47.589 114.1 20.181
    endloop
  endfacet
  facet normal 0 0.121867 -0.992546
    outer loop
      vertex 48.45 114.1 24.5097
      vertex 53.95 116.4 24.7921
      vertex 53.95 114.1 24.5097
    endloop
  endfacet
  facet normal 0 0.121867 -0.992546
    outer loop
      vertex 53.95 116.4 24.7921
      vertex 48.45 114.1 24.5097
      vertex 48.45 116.4 24.7921
    endloop
  endfacet
  facet normal -0.9462 -0.0394343 0.321171
    outer loop
      vertex 56.1233 114.1 21.6774
      vertex 56.0287 116.4 21.6811
      vertex 56.0287 114.1 21.3987
    endloop
  endfacet
  facet normal -0.9462 -0.0394343 0.321171
    outer loop
      vertex 56.0287 116.4 21.6811
      vertex 56.1233 114.1 21.6774
      vertex 56.1233 116.4 21.9598
    endloop
  endfacet
  facet normal 0 -0.121867 0.992546
    outer loop
      vertex 48.45 116.4 20.2921
      vertex 53.95 114.1 20.0097
      vertex 53.95 116.4 20.2921
    endloop
  endfacet
  facet normal 0 -0.121867 0.992546
    outer loop
      vertex 53.95 114.1 20.0097
      vertex 48.45 116.4 20.2921
      vertex 48.45 114.1 20.0097
    endloop
  endfacet
  facet normal -0.0647494 0.121612 -0.990464
    outer loop
      vertex 53.95 114.1 24.5097
      vertex 54.2437 116.4 24.7729
      vertex 54.2437 114.1 24.4905
    endloop
  endfacet
  facet normal -0.0647494 0.121612 -0.990464
    outer loop
      vertex 54.2437 116.4 24.7729
      vertex 53.95 114.1 24.5097
      vertex 53.95 116.4 24.7921
    endloop
  endfacet
  facet normal 0.749515 -0.0806747 0.657053
    outer loop
      vertex 46.665 114.1 20.89
      vertex 46.859 116.4 20.9511
      vertex 46.665 116.4 21.1724
    endloop
  endfacet
  facet normal 0.749515 -0.0806747 0.657053
    outer loop
      vertex 46.859 116.4 20.9511
      vertex 46.665 114.1 20.89
      vertex 46.859 114.1 20.6687
    endloop
  endfacet
  facet normal 0.829389 0.0680839 -0.554508
    outer loop
      vertex 46.665 114.1 23.6294
      vertex 46.5014 116.4 23.6671
      vertex 46.665 116.4 23.9118
    endloop
  endfacet
  facet normal 0.829389 0.0680839 -0.554508
    outer loop
      vertex 46.5014 116.4 23.6671
      vertex 46.665 114.1 23.6294
      vertex 46.5014 114.1 23.3847
    endloop
  endfacet
  facet normal 0.997838 -0.00800929 0.0652315
    outer loop
      vertex 46.2 114.1 22.2597
      vertex 46.2192 116.4 22.2484
      vertex 46.2 116.4 22.5421
    endloop
  endfacet
  facet normal 0.997838 -0.00800929 0.0652315
    outer loop
      vertex 46.2192 116.4 22.2484
      vertex 46.2 114.1 22.2597
      vertex 46.2192 114.1 21.966
    endloop
  endfacet
  facet normal 0.997838 0.00800929 -0.0652315
    outer loop
      vertex 46.2192 114.1 22.5534
      vertex 46.2 116.4 22.5421
      vertex 46.2192 116.4 22.8358
    endloop
  endfacet
  facet normal 0.997838 0.00800929 -0.0652315
    outer loop
      vertex 46.2 116.4 22.5421
      vertex 46.2192 114.1 22.5534
      vertex 46.2 114.1 22.2597
    endloop
  endfacet
  facet normal -0.439657 -0.109457 0.891471
    outer loop
      vertex 54.811 116.4 20.4634
      vertex 55.075 114.1 20.3112
      vertex 55.075 116.4 20.5936
    endloop
  endfacet
  facet normal -0.439657 -0.109457 0.891471
    outer loop
      vertex 55.075 114.1 20.3112
      vertex 54.811 116.4 20.4634
      vertex 54.811 114.1 20.181
    endloop
  endfacet
  facet normal 0.439657 -0.109457 0.891471
    outer loop
      vertex 47.325 116.4 20.5936
      vertex 47.589 114.1 20.181
      vertex 47.589 116.4 20.4634
    endloop
  endfacet
  facet normal 0.439657 -0.109457 0.891471
    outer loop
      vertex 47.589 114.1 20.181
      vertex 47.325 116.4 20.5936
      vertex 47.325 114.1 20.3112
    endloop
  endfacet
  facet normal 0.980442 -0.0239845 0.195341
    outer loop
      vertex 46.2192 114.1 21.966
      vertex 46.2767 116.4 21.9598
      vertex 46.2192 116.4 22.2484
    endloop
  endfacet
  facet normal 0.980442 -0.0239845 0.195341
    outer loop
      vertex 46.2767 116.4 21.9598
      vertex 46.2192 114.1 21.966
      vertex 46.2767 114.1 21.6774
    endloop
  endfacet
  facet normal -0.0650852 -0.121609 0.990442
    outer loop
      vertex 53.95 116.4 20.2921
      vertex 54.2437 114.1 20.029
      vertex 54.2437 116.4 20.3114
    endloop
  endfacet
  facet normal -0.0650852 -0.121609 0.990442
    outer loop
      vertex 54.2437 114.1 20.029
      vertex 53.95 116.4 20.2921
      vertex 53.95 114.1 20.0097
    endloop
  endfacet
  facet normal 0.0650852 -0.121609 0.990442
    outer loop
      vertex 48.1563 116.4 20.3114
      vertex 48.45 114.1 20.0097
      vertex 48.45 116.4 20.2921
    endloop
  endfacet
  facet normal 0.0650852 -0.121609 0.990442
    outer loop
      vertex 48.45 114.1 20.0097
      vertex 48.1563 116.4 20.3114
      vertex 48.1563 114.1 20.029
    endloop
  endfacet
  facet normal 0.65641 -0.0919373 0.748781
    outer loop
      vertex 46.859 116.4 20.9511
      vertex 47.0803 114.1 20.4747
      vertex 47.0803 116.4 20.7571
    endloop
  endfacet
  facet normal 0.65641 -0.0919373 0.748781
    outer loop
      vertex 47.0803 114.1 20.4747
      vertex 46.859 116.4 20.9511
      vertex 46.859 114.1 20.6687
    endloop
  endfacet
  facet normal 0.895609 0.0542117 -0.441526
    outer loop
      vertex 46.5014 114.1 23.3847
      vertex 46.3713 116.4 23.4032
      vertex 46.5014 116.4 23.6671
    endloop
  endfacet
  facet normal 0.895609 0.0542117 -0.441526
    outer loop
      vertex 46.3713 116.4 23.4032
      vertex 46.5014 114.1 23.3847
      vertex 46.3713 114.1 23.1208
    endloop
  endfacet
  facet normal -0.749515 0.0806747 -0.657053
    outer loop
      vertex 55.541 114.1 23.8507
      vertex 55.735 116.4 23.9118
      vertex 55.735 114.1 23.6294
    endloop
  endfacet
  facet normal -0.749515 0.0806747 -0.657053
    outer loop
      vertex 55.735 116.4 23.9118
      vertex 55.541 114.1 23.8507
      vertex 55.541 116.4 24.1331
    endloop
  endfacet
  facet normal -0.9462 0.0394343 -0.321171
    outer loop
      vertex 56.0287 114.1 23.1208
      vertex 56.1233 116.4 23.1245
      vertex 56.1233 114.1 22.8421
    endloop
  endfacet
  facet normal -0.9462 0.0394343 -0.321171
    outer loop
      vertex 56.1233 116.4 23.1245
      vertex 56.0287 114.1 23.1208
      vertex 56.0287 116.4 23.4032
    endloop
  endfacet
  facet normal -0.895609 0.0542117 -0.441526
    outer loop
      vertex 55.8986 114.1 23.3847
      vertex 56.0287 116.4 23.4032
      vertex 56.0287 114.1 23.1208
    endloop
  endfacet
  facet normal -0.895609 0.0542117 -0.441526
    outer loop
      vertex 56.0287 116.4 23.4032
      vertex 55.8986 114.1 23.3847
      vertex 55.8986 116.4 23.6671
    endloop
  endfacet
  facet normal -0.439385 0.109473 -0.891603
    outer loop
      vertex 54.811 114.1 24.3384
      vertex 55.075 116.4 24.4907
      vertex 55.075 114.1 24.2083
    endloop
  endfacet
  facet normal -0.439655 0.109495 -0.891467
    outer loop
      vertex 55.075 116.4 24.4907
      vertex 54.811 114.1 24.3384
      vertex 54.811 116.4 24.6209
    endloop
  endfacet
  facet normal 0.9462 -0.0394343 0.321171
    outer loop
      vertex 46.2767 114.1 21.6774
      vertex 46.3713 116.4 21.6811
      vertex 46.2767 116.4 21.9598
    endloop
  endfacet
  facet normal 0.9462 -0.0394343 0.321171
    outer loop
      vertex 46.3713 116.4 21.6811
      vertex 46.2767 114.1 21.6774
      vertex 46.3713 114.1 21.3987
    endloop
  endfacet
  facet normal 0.193671 -0.11956 0.973754
    outer loop
      vertex 47.8677 116.4 20.3688
      vertex 48.1563 114.1 20.029
      vertex 48.1563 116.4 20.3114
    endloop
  endfacet
  facet normal 0.193671 -0.11956 0.973754
    outer loop
      vertex 48.1563 114.1 20.029
      vertex 47.8677 116.4 20.3688
      vertex 47.8677 114.1 20.0864
    endloop
  endfacet
  facet normal -0.997838 -0.00800929 0.0652315
    outer loop
      vertex 56.2 114.1 22.2597
      vertex 56.1808 116.4 22.2484
      vertex 56.1808 114.1 21.966
    endloop
  endfacet
  facet normal -0.997838 -0.00800929 0.0652315
    outer loop
      vertex 56.1808 116.4 22.2484
      vertex 56.2 114.1 22.2597
      vertex 56.2 116.4 22.5421
    endloop
  endfacet
  facet normal -0.980442 -0.0239845 0.195341
    outer loop
      vertex 56.1808 114.1 21.966
      vertex 56.1233 116.4 21.9598
      vertex 56.1233 114.1 21.6774
    endloop
  endfacet
  facet normal -0.980442 -0.0239845 0.195341
    outer loop
      vertex 56.1233 116.4 21.9598
      vertex 56.1808 114.1 21.966
      vertex 56.1808 116.4 22.2484
    endloop
  endfacet
  facet normal 0.439383 0.109512 -0.8916
    outer loop
      vertex 47.325 114.1 24.2083
      vertex 47.589 116.4 24.6209
      vertex 47.589 114.1 24.3384
    endloop
  endfacet
  facet normal 0.439657 0.109457 -0.891471
    outer loop
      vertex 47.589 116.4 24.6209
      vertex 47.325 114.1 24.2083
      vertex 47.325 116.4 24.4907
    endloop
  endfacet
  facet normal -0.55269 -0.101563 0.827175
    outer loop
      vertex 55.075 116.4 20.5936
      vertex 55.3197 114.1 20.4747
      vertex 55.3197 116.4 20.7571
    endloop
  endfacet
  facet normal -0.55269 -0.101563 0.827175
    outer loop
      vertex 55.3197 114.1 20.4747
      vertex 55.075 116.4 20.5936
      vertex 55.075 114.1 20.3112
    endloop
  endfacet
  facet normal -0.193671 -0.11956 0.973754
    outer loop
      vertex 54.2437 116.4 20.3114
      vertex 54.5323 114.1 20.0864
      vertex 54.5323 116.4 20.3688
    endloop
  endfacet
  facet normal -0.193671 -0.11956 0.973754
    outer loop
      vertex 54.5323 114.1 20.0864
      vertex 54.2437 116.4 20.3114
      vertex 54.2437 114.1 20.029
    endloop
  endfacet
  facet normal -0.319271 -0.115489 0.9406
    outer loop
      vertex 54.5323 116.4 20.3688
      vertex 54.811 114.1 20.181
      vertex 54.811 116.4 20.4634
    endloop
  endfacet
  facet normal -0.319271 -0.115489 0.9406
    outer loop
      vertex 54.811 114.1 20.181
      vertex 54.5323 116.4 20.3688
      vertex 54.5323 114.1 20.0864
    endloop
  endfacet
  facet normal -0.829389 0.0680839 -0.554508
    outer loop
      vertex 55.735 114.1 23.6294
      vertex 55.8986 116.4 23.6671
      vertex 55.8986 114.1 23.3847
    endloop
  endfacet
  facet normal -0.829389 0.0680839 -0.554508
    outer loop
      vertex 55.8986 116.4 23.6671
      vertex 55.735 114.1 23.6294
      vertex 55.735 116.4 23.9118
    endloop
  endfacet
  facet normal -0.656603 0.0919169 -0.748615
    outer loop
      vertex 55.3197 114.1 24.0448
      vertex 55.541 116.4 24.1331
      vertex 55.541 114.1 23.8507
    endloop
  endfacet
  facet normal -0.656603 0.0919169 -0.748615
    outer loop
      vertex 55.541 116.4 24.1331
      vertex 55.3197 114.1 24.0448
      vertex 55.3197 116.4 24.3272
    endloop
  endfacet
  facet normal -0.55269 0.101563 -0.827175
    outer loop
      vertex 55.075 114.1 24.2083
      vertex 55.3197 116.4 24.3272
      vertex 55.3197 114.1 24.0448
    endloop
  endfacet
  facet normal -0.55269 0.101563 -0.827175
    outer loop
      vertex 55.3197 116.4 24.3272
      vertex 55.075 114.1 24.2083
      vertex 55.075 116.4 24.4907
    endloop
  endfacet
  facet normal 0.895676 -0.0541953 0.441392
    outer loop
      vertex 46.3713 114.1 21.3987
      vertex 46.5014 116.4 21.4171
      vertex 46.3713 116.4 21.6811
    endloop
  endfacet
  facet normal 0.895676 -0.0541953 0.441392
    outer loop
      vertex 46.5014 116.4 21.4171
      vertex 46.3713 114.1 21.3987
      vertex 46.5014 114.1 21.1347
    endloop
  endfacet
  facet normal -0.895676 -0.0541953 0.441392
    outer loop
      vertex 56.0287 114.1 21.3987
      vertex 55.8986 116.4 21.4171
      vertex 55.8986 114.1 21.1347
    endloop
  endfacet
  facet normal -0.895676 -0.0541953 0.441392
    outer loop
      vertex 55.8986 116.4 21.4171
      vertex 56.0287 114.1 21.3987
      vertex 56.0287 116.4 21.6811
    endloop
  endfacet
  facet normal 0.829562 0.0680621 -0.554252
    outer loop
      vertex 44.2849 116.4 25.7381
      vertex 43.9034 118.9 25.4741
      vertex 44.2849 118.9 26.0451
    endloop
  endfacet
  facet normal 0.829562 0.0680621 -0.554252
    outer loop
      vertex 43.9034 118.9 25.4741
      vertex 44.2849 116.4 25.7381
      vertex 43.9034 116.4 25.1671
    endloop
  endfacet
  facet normal -0.193736 0.119575 -0.973739
    outer loop
      vertex 54.6353 116.4 27.7472
      vertex 55.3088 118.9 27.9202
      vertex 55.3088 116.4 27.6132
    endloop
  endfacet
  facet normal -0.193736 0.119575 -0.973739
    outer loop
      vertex 55.3088 118.9 27.9202
      vertex 54.6353 116.4 27.7472
      vertex 54.6353 118.9 28.0542
    endloop
  endfacet
  facet normal 0.193736 -0.119575 0.973739
    outer loop
      vertex 47.0912 118.9 17.778
      vertex 47.7647 116.4 17.337
      vertex 47.7647 118.9 17.644
    endloop
  endfacet
  facet normal 0.193736 -0.119575 0.973739
    outer loop
      vertex 47.7647 116.4 17.337
      vertex 47.0912 118.9 17.778
      vertex 47.0912 116.4 17.471
    endloop
  endfacet
  facet normal -0.319227 0.115507 -0.940613
    outer loop
      vertex 55.3088 116.4 27.6132
      vertex 55.9591 118.9 27.6995
      vertex 55.9591 116.4 27.3925
    endloop
  endfacet
  facet normal -0.319227 0.115507 -0.940613
    outer loop
      vertex 55.9591 118.9 27.6995
      vertex 55.3088 116.4 27.6132
      vertex 55.3088 118.9 27.9202
    endloop
  endfacet
  facet normal -0.439599 0.109441 -0.891502
    outer loop
      vertex 55.9591 116.4 27.3925
      vertex 56.575 118.9 27.3957
      vertex 56.575 116.4 27.0888
    endloop
  endfacet
  facet normal -0.439714 0.109469 -0.891442
    outer loop
      vertex 56.575 118.9 27.3957
      vertex 55.9591 116.4 27.3925
      vertex 55.9591 118.9 27.6995
    endloop
  endfacet
  facet normal 0.980495 -0.023948 0.19508
    outer loop
      vertex 43.2449 116.4 21.8569
      vertex 43.3789 118.9 21.4903
      vertex 43.2449 118.9 22.1638
    endloop
  endfacet
  facet normal 0.9805 -0.0239524 0.195052
    outer loop
      vertex 43.3789 118.9 21.4903
      vertex 43.2449 116.4 21.8569
      vertex 43.3789 116.4 21.1833
    endloop
  endfacet
  facet normal -0.552767 0.101571 -0.827123
    outer loop
      vertex 56.575 116.4 27.0888
      vertex 57.146 118.9 27.0142
      vertex 57.146 116.4 26.7072
    endloop
  endfacet
  facet normal -0.552668 0.101546 -0.827192
    outer loop
      vertex 57.146 118.9 27.0142
      vertex 56.575 116.4 27.0888
      vertex 56.575 118.9 27.3957
    endloop
  endfacet
  facet normal 0.0648932 0.121628 -0.990452
    outer loop
      vertex 47.7647 116.4 27.7472
      vertex 48.45 118.9 28.0991
      vertex 48.45 116.4 27.7921
    endloop
  endfacet
  facet normal 0.0648932 0.121628 -0.990452
    outer loop
      vertex 48.45 118.9 28.0991
      vertex 47.7647 116.4 27.7472
      vertex 47.7647 118.9 28.0542
    endloop
  endfacet
  facet normal 0.656568 0.0919334 -0.748644
    outer loop
      vertex 44.7377 116.4 26.2544
      vertex 45.254 118.9 27.0142
      vertex 45.254 116.4 26.7072
    endloop
  endfacet
  facet normal 0.656568 0.0919334 -0.748644
    outer loop
      vertex 45.254 118.9 27.0142
      vertex 44.7377 116.4 26.2544
      vertex 44.7377 118.9 26.5614
    endloop
  endfacet
  facet normal 0.997828 0.00802678 -0.065386
    outer loop
      vertex 43.2449 116.4 23.2274
      vertex 43.2 118.9 22.8491
      vertex 43.2449 118.9 23.5343
    endloop
  endfacet
  facet normal 0.997828 0.00802823 -0.0653765
    outer loop
      vertex 43.2 118.9 22.8491
      vertex 43.2449 116.4 23.2274
      vertex 43.2 116.4 22.5421
    endloop
  endfacet
  facet normal -0.0648932 0.121628 -0.990452
    outer loop
      vertex 53.95 116.4 27.7921
      vertex 54.6353 118.9 28.0542
      vertex 54.6353 116.4 27.7472
    endloop
  endfacet
  facet normal -0.0648932 0.121628 -0.990452
    outer loop
      vertex 54.6353 118.9 28.0542
      vertex 53.95 116.4 27.7921
      vertex 53.95 118.9 28.0991
    endloop
  endfacet
  facet normal 0 0.121884 -0.992544
    outer loop
      vertex 48.45 116.4 27.7921
      vertex 53.95 118.9 28.0991
      vertex 53.95 116.4 27.7921
    endloop
  endfacet
  facet normal 0 0.121884 -0.992544
    outer loop
      vertex 53.95 118.9 28.0991
      vertex 48.45 116.4 27.7921
      vertex 48.45 118.9 28.0991
    endloop
  endfacet
  facet normal 0.9805 0.0239524 -0.195052
    outer loop
      vertex 43.3789 116.4 23.9009
      vertex 43.2449 118.9 23.5343
      vertex 43.3789 118.9 24.2079
    endloop
  endfacet
  facet normal 0.980495 0.023948 -0.19508
    outer loop
      vertex 43.2449 118.9 23.5343
      vertex 43.3789 116.4 23.9009
      vertex 43.2449 116.4 23.2274
    endloop
  endfacet
  facet normal -0.946214 0.0394345 -0.321128
    outer loop
      vertex 58.8004 116.4 24.5512
      vertex 59.0211 118.9 24.2079
      vertex 59.0211 116.4 23.9009
    endloop
  endfacet
  facet normal -0.946214 0.0394345 -0.321128
    outer loop
      vertex 59.0211 118.9 24.2079
      vertex 58.8004 116.4 24.5512
      vertex 58.8004 118.9 24.8582
    endloop
  endfacet
  facet normal 0.439597 0.109476 -0.891498
    outer loop
      vertex 45.825 116.4 27.0888
      vertex 46.4409 118.9 27.6995
      vertex 46.4409 116.4 27.3925
    endloop
  endfacet
  facet normal 0.439716 0.109434 -0.891445
    outer loop
      vertex 46.4409 118.9 27.6995
      vertex 45.825 116.4 27.0888
      vertex 45.825 118.9 27.3957
    endloop
  endfacet
  facet normal -0.656568 -0.0919334 0.748644
    outer loop
      vertex 57.146 118.9 18.684
      vertex 57.6623 116.4 18.8298
      vertex 57.6623 118.9 19.1368
    endloop
  endfacet
  facet normal -0.656568 -0.0919334 0.748644
    outer loop
      vertex 57.6623 116.4 18.8298
      vertex 57.146 118.9 18.684
      vertex 57.146 116.4 18.377
    endloop
  endfacet
  facet normal 0.552666 -0.101579 0.827189
    outer loop
      vertex 45.254 118.9 18.684
      vertex 45.825 116.4 17.9955
      vertex 45.825 118.9 18.3025
    endloop
  endfacet
  facet normal 0.552666 -0.101579 0.827189
    outer loop
      vertex 45.825 116.4 17.9955
      vertex 45.254 118.9 18.684
      vertex 45.254 116.4 18.377
    endloop
  endfacet
  facet normal 0.749375 -0.0807053 0.657209
    outer loop
      vertex 44.2849 116.4 19.3461
      vertex 44.7377 118.9 19.1368
      vertex 44.2849 118.9 19.6531
    endloop
  endfacet
  facet normal 0.749375 -0.0807053 0.657209
    outer loop
      vertex 44.7377 118.9 19.1368
      vertex 44.2849 116.4 19.3461
      vertex 44.7377 116.4 18.8298
    endloop
  endfacet
  facet normal 0.946214 0.0394345 -0.321128
    outer loop
      vertex 43.5996 116.4 24.5512
      vertex 43.3789 118.9 24.2079
      vertex 43.5996 118.9 24.8582
    endloop
  endfacet
  facet normal 0.946214 0.0394345 -0.321128
    outer loop
      vertex 43.3789 118.9 24.2079
      vertex 43.5996 116.4 24.5512
      vertex 43.3789 116.4 23.9009
    endloop
  endfacet
  facet normal 0.656568 -0.0919334 0.748644
    outer loop
      vertex 44.7377 118.9 19.1368
      vertex 45.254 116.4 18.377
      vertex 45.254 118.9 18.684
    endloop
  endfacet
  facet normal 0.656568 -0.0919334 0.748644
    outer loop
      vertex 45.254 116.4 18.377
      vertex 44.7377 118.9 19.1368
      vertex 44.7377 116.4 18.8298
    endloop
  endfacet
  facet normal 0.895511 -0.0542434 0.441721
    outer loop
      vertex 43.5996 116.4 20.533
      vertex 43.9034 118.9 20.2241
      vertex 43.5996 118.9 20.84
    endloop
  endfacet
  facet normal 0.895511 -0.0542434 0.441721
    outer loop
      vertex 43.9034 118.9 20.2241
      vertex 43.5996 116.4 20.533
      vertex 43.9034 116.4 19.9171
    endloop
  endfacet
  facet normal 0.319227 -0.115507 0.940613
    outer loop
      vertex 46.4409 118.9 17.9987
      vertex 47.0912 116.4 17.471
      vertex 47.0912 118.9 17.778
    endloop
  endfacet
  facet normal 0.319358 -0.115465 0.940573
    outer loop
      vertex 47.0912 116.4 17.471
      vertex 46.4409 118.9 17.9987
      vertex 46.4409 116.4 17.6918
    endloop
  endfacet
  facet normal -0.895511 -0.0542434 0.441721
    outer loop
      vertex 58.8004 116.4 20.533
      vertex 58.4966 118.9 20.2241
      vertex 58.4966 116.4 19.9171
    endloop
  endfacet
  facet normal -0.895511 -0.0542434 0.441721
    outer loop
      vertex 58.4966 118.9 20.2241
      vertex 58.8004 116.4 20.533
      vertex 58.8004 118.9 20.84
    endloop
  endfacet
  facet normal -0.0648932 -0.121628 0.990452
    outer loop
      vertex 53.95 118.9 17.5991
      vertex 54.6353 116.4 17.337
      vertex 54.6353 118.9 17.644
    endloop
  endfacet
  facet normal -0.0648932 -0.121628 0.990452
    outer loop
      vertex 54.6353 116.4 17.337
      vertex 53.95 118.9 17.5991
      vertex 53.95 116.4 17.2921
    endloop
  endfacet
  facet normal 0.829562 -0.0680621 0.554252
    outer loop
      vertex 43.9034 116.4 19.9171
      vertex 44.2849 118.9 19.6531
      vertex 43.9034 118.9 20.2241
    endloop
  endfacet
  facet normal 0.829562 -0.0680621 0.554252
    outer loop
      vertex 44.2849 118.9 19.6531
      vertex 43.9034 116.4 19.9171
      vertex 44.2849 116.4 19.3461
    endloop
  endfacet
  facet normal -0.656568 0.0919334 -0.748644
    outer loop
      vertex 57.146 116.4 26.7072
      vertex 57.6623 118.9 26.5614
      vertex 57.6623 116.4 26.2544
    endloop
  endfacet
  facet normal -0.656568 0.0919334 -0.748644
    outer loop
      vertex 57.6623 118.9 26.5614
      vertex 57.146 116.4 26.7072
      vertex 57.146 118.9 27.0142
    endloop
  endfacet
  facet normal 0.946214 -0.0394345 0.321128
    outer loop
      vertex 43.3789 116.4 21.1833
      vertex 43.5996 118.9 20.84
      vertex 43.3789 118.9 21.4903
    endloop
  endfacet
  facet normal 0.946214 -0.0394345 0.321128
    outer loop
      vertex 43.5996 118.9 20.84
      vertex 43.3789 116.4 21.1833
      vertex 43.5996 116.4 20.533
    endloop
  endfacet
  facet normal 0.997828 -0.00802823 0.0653765
    outer loop
      vertex 43.2 116.4 22.5421
      vertex 43.2449 118.9 22.1638
      vertex 43.2 118.9 22.8491
    endloop
  endfacet
  facet normal 0.997828 -0.00802678 0.065386
    outer loop
      vertex 43.2449 118.9 22.1638
      vertex 43.2 116.4 22.5421
      vertex 43.2449 116.4 21.8569
    endloop
  endfacet
  facet normal 0.552769 0.101538 -0.827125
    outer loop
      vertex 45.254 116.4 26.7072
      vertex 45.825 118.9 27.3957
      vertex 45.825 116.4 27.0888
    endloop
  endfacet
  facet normal 0.552666 0.101579 -0.827189
    outer loop
      vertex 45.825 118.9 27.3957
      vertex 45.254 116.4 26.7072
      vertex 45.254 118.9 27.0142
    endloop
  endfacet
  facet normal -0.829562 -0.0680621 0.554252
    outer loop
      vertex 58.4966 116.4 19.9171
      vertex 58.1151 118.9 19.6531
      vertex 58.1151 116.4 19.3461
    endloop
  endfacet
  facet normal -0.829562 -0.0680621 0.554252
    outer loop
      vertex 58.1151 118.9 19.6531
      vertex 58.4966 116.4 19.9171
      vertex 58.4966 118.9 20.2241
    endloop
  endfacet
  facet normal 0.439716 -0.109434 0.891445
    outer loop
      vertex 45.825 118.9 18.3025
      vertex 46.4409 116.4 17.6918
      vertex 46.4409 118.9 17.9987
    endloop
  endfacet
  facet normal 0.439597 -0.109476 0.891498
    outer loop
      vertex 46.4409 116.4 17.6918
      vertex 45.825 118.9 18.3025
      vertex 45.825 116.4 17.9955
    endloop
  endfacet
  facet normal 0.0648932 -0.121628 0.990452
    outer loop
      vertex 47.7647 118.9 17.644
      vertex 48.45 116.4 17.2921
      vertex 48.45 118.9 17.5991
    endloop
  endfacet
  facet normal 0.0648932 -0.121628 0.990452
    outer loop
      vertex 48.45 116.4 17.2921
      vertex 47.7647 118.9 17.644
      vertex 47.7647 116.4 17.337
    endloop
  endfacet
  facet normal 0.895511 0.0542434 -0.441721
    outer loop
      vertex 43.9034 116.4 25.1671
      vertex 43.5996 118.9 24.8582
      vertex 43.9034 118.9 25.4741
    endloop
  endfacet
  facet normal 0.895511 0.0542434 -0.441721
    outer loop
      vertex 43.5996 118.9 24.8582
      vertex 43.9034 116.4 25.1671
      vertex 43.5996 116.4 24.5512
    endloop
  endfacet
  facet normal -0.749375 -0.0807053 0.657209
    outer loop
      vertex 58.1151 116.4 19.3461
      vertex 57.6623 118.9 19.1368
      vertex 57.6623 116.4 18.8298
    endloop
  endfacet
  facet normal -0.749375 -0.0807053 0.657209
    outer loop
      vertex 57.6623 118.9 19.1368
      vertex 58.1151 116.4 19.3461
      vertex 58.1151 118.9 19.6531
    endloop
  endfacet
  facet normal 0.193736 0.119575 -0.973739
    outer loop
      vertex 47.0912 116.4 27.6132
      vertex 47.7647 118.9 28.0542
      vertex 47.7647 116.4 27.7472
    endloop
  endfacet
  facet normal 0.193736 0.119575 -0.973739
    outer loop
      vertex 47.7647 118.9 28.0542
      vertex 47.0912 116.4 27.6132
      vertex 47.0912 118.9 27.9202
    endloop
  endfacet
  facet normal -0.552666 -0.101579 0.827189
    outer loop
      vertex 56.575 118.9 18.3025
      vertex 57.146 116.4 18.377
      vertex 57.146 118.9 18.684
    endloop
  endfacet
  facet normal -0.552666 -0.101579 0.827189
    outer loop
      vertex 57.146 116.4 18.377
      vertex 56.575 118.9 18.3025
      vertex 56.575 116.4 17.9955
    endloop
  endfacet
  facet normal -0.749375 0.0807053 -0.657209
    outer loop
      vertex 57.6623 116.4 26.2544
      vertex 58.1151 118.9 26.0451
      vertex 58.1151 116.4 25.7381
    endloop
  endfacet
  facet normal -0.749375 0.0807053 -0.657209
    outer loop
      vertex 58.1151 118.9 26.0451
      vertex 57.6623 116.4 26.2544
      vertex 57.6623 118.9 26.5614
    endloop
  endfacet
  facet normal -0.829562 0.0680621 -0.554252
    outer loop
      vertex 58.1151 116.4 25.7381
      vertex 58.4966 118.9 25.4741
      vertex 58.4966 116.4 25.1671
    endloop
  endfacet
  facet normal -0.829562 0.0680621 -0.554252
    outer loop
      vertex 58.4966 118.9 25.4741
      vertex 58.1151 116.4 25.7381
      vertex 58.1151 118.9 26.0451
    endloop
  endfacet
  facet normal 0.749375 0.0807053 -0.657209
    outer loop
      vertex 44.7377 116.4 26.2544
      vertex 44.2849 118.9 26.0451
      vertex 44.7377 118.9 26.5614
    endloop
  endfacet
  facet normal 0.749375 0.0807053 -0.657209
    outer loop
      vertex 44.2849 118.9 26.0451
      vertex 44.7377 116.4 26.2544
      vertex 44.2849 116.4 25.7381
    endloop
  endfacet
  facet normal -0.997828 -0.00802678 0.065386
    outer loop
      vertex 59.2 116.4 22.5421
      vertex 59.1551 118.9 22.1638
      vertex 59.1551 116.4 21.8569
    endloop
  endfacet
  facet normal -0.997828 -0.00802823 0.0653765
    outer loop
      vertex 59.1551 118.9 22.1638
      vertex 59.2 116.4 22.5421
      vertex 59.2 118.9 22.8491
    endloop
  endfacet
  facet normal 0.319227 0.115507 -0.940613
    outer loop
      vertex 46.4409 116.4 27.3925
      vertex 47.0912 118.9 27.9202
      vertex 47.0912 116.4 27.6132
    endloop
  endfacet
  facet normal 0.319227 0.115507 -0.940613
    outer loop
      vertex 47.0912 118.9 27.9202
      vertex 46.4409 116.4 27.3925
      vertex 46.4409 118.9 27.6995
    endloop
  endfacet
  facet normal -0.319228 -0.11547 0.940617
    outer loop
      vertex 55.3088 118.9 17.778
      vertex 55.9591 116.4 17.6918
      vertex 55.9591 118.9 17.9987
    endloop
  endfacet
  facet normal -0.319357 -0.115502 0.940569
    outer loop
      vertex 55.9591 116.4 17.6918
      vertex 55.3088 118.9 17.778
      vertex 55.3088 116.4 17.471
    endloop
  endfacet
  facet normal -0.439714 -0.109469 0.891442
    outer loop
      vertex 55.9591 118.9 17.9987
      vertex 56.575 116.4 17.9955
      vertex 56.575 118.9 18.3025
    endloop
  endfacet
  facet normal -0.439599 -0.109441 0.891502
    outer loop
      vertex 56.575 116.4 17.9955
      vertex 55.9591 118.9 17.9987
      vertex 55.9591 116.4 17.6918
    endloop
  endfacet
  facet normal -0.946214 -0.0394345 0.321128
    outer loop
      vertex 59.0211 116.4 21.1833
      vertex 58.8004 118.9 20.84
      vertex 58.8004 116.4 20.533
    endloop
  endfacet
  facet normal -0.946214 -0.0394345 0.321128
    outer loop
      vertex 58.8004 118.9 20.84
      vertex 59.0211 116.4 21.1833
      vertex 59.0211 118.9 21.4903
    endloop
  endfacet
  facet normal -0.193736 -0.119575 0.973739
    outer loop
      vertex 54.6353 118.9 17.644
      vertex 55.3088 116.4 17.471
      vertex 55.3088 118.9 17.778
    endloop
  endfacet
  facet normal -0.193736 -0.119575 0.973739
    outer loop
      vertex 55.3088 116.4 17.471
      vertex 54.6353 118.9 17.644
      vertex 54.6353 116.4 17.337
    endloop
  endfacet
  facet normal -0.980495 0.023948 -0.19508
    outer loop
      vertex 59.0211 116.4 23.9009
      vertex 59.1551 118.9 23.5343
      vertex 59.1551 116.4 23.2274
    endloop
  endfacet
  facet normal -0.9805 0.0239524 -0.195052
    outer loop
      vertex 59.1551 118.9 23.5343
      vertex 59.0211 116.4 23.9009
      vertex 59.0211 118.9 24.2079
    endloop
  endfacet
  facet normal -0.9805 -0.0239524 0.195052
    outer loop
      vertex 59.1551 116.4 21.8569
      vertex 59.0211 118.9 21.4903
      vertex 59.0211 116.4 21.1833
    endloop
  endfacet
  facet normal -0.980495 -0.023948 0.19508
    outer loop
      vertex 59.0211 118.9 21.4903
      vertex 59.1551 116.4 21.8569
      vertex 59.1551 118.9 22.1638
    endloop
  endfacet
  facet normal -0.997828 0.00802823 -0.0653765
    outer loop
      vertex 59.1551 116.4 23.2274
      vertex 59.2 118.9 22.8491
      vertex 59.2 116.4 22.5421
    endloop
  endfacet
  facet normal -0.997828 0.00802678 -0.065386
    outer loop
      vertex 59.2 118.9 22.8491
      vertex 59.1551 116.4 23.2274
      vertex 59.1551 118.9 23.5343
    endloop
  endfacet
  facet normal -0.895511 0.0542434 -0.441721
    outer loop
      vertex 58.4966 116.4 25.1671
      vertex 58.8004 118.9 24.8582
      vertex 58.8004 116.4 24.5512
    endloop
  endfacet
  facet normal -0.895511 0.0542434 -0.441721
    outer loop
      vertex 58.8004 118.9 24.8582
      vertex 58.4966 116.4 25.1671
      vertex 58.4966 118.9 25.4741
    endloop
  endfacet
  facet normal 0 1 0
    outer loop
      vertex 53.95 116.4 24.7921
      vertex 53.95 116.4 27.7921
      vertex 54.6353 116.4 27.7472
    endloop
  endfacet
  facet normal 0 1 0
    outer loop
      vertex 53.95 116.4 27.7921
      vertex 53.95 116.4 24.7921
      vertex 48.45 116.4 27.7921
    endloop
  endfacet
  facet normal 0 1 0
    outer loop
      vertex 54.2437 116.4 24.7729
      vertex 54.6353 116.4 27.7472
      vertex 55.3088 116.4 27.6132
    endloop
  endfacet
  facet normal 0 1 0
    outer loop
      vertex 48.45 116.4 24.7921
      vertex 48.45 116.4 27.7921
      vertex 53.95 116.4 24.7921
    endloop
  endfacet
  facet normal 0 1 0
    outer loop
      vertex 54.5323 116.4 24.7155
      vertex 55.3088 116.4 27.6132
      vertex 55.9591 116.4 27.3925
    endloop
  endfacet
  facet normal 0 1 0
    outer loop
      vertex 48.45 116.4 27.7921
      vertex 48.45 116.4 24.7921
      vertex 47.7647 116.4 27.7472
    endloop
  endfacet
  facet normal 0 1 0
    outer loop
      vertex 54.811 116.4 24.6209
      vertex 55.9591 116.4 27.3925
      vertex 56.575 116.4 27.0888
    endloop
  endfacet
  facet normal 0 1 -0
    outer loop
      vertex 48.1563 116.4 24.7729
      vertex 47.7647 116.4 27.7472
      vertex 48.45 116.4 24.7921
    endloop
  endfacet
  facet normal 0 1 0
    outer loop
      vertex 55.075 116.4 24.4907
      vertex 56.575 116.4 27.0888
      vertex 57.146 116.4 26.7072
    endloop
  endfacet
  facet normal 0 1 0
    outer loop
      vertex 47.7647 116.4 27.7472
      vertex 48.1563 116.4 24.7729
      vertex 47.0912 116.4 27.6132
    endloop
  endfacet
  facet normal 0 1 0
    outer loop
      vertex 55.3197 116.4 24.3272
      vertex 57.146 116.4 26.7072
      vertex 57.6623 116.4 26.2544
    endloop
  endfacet
  facet normal 0 1 -0
    outer loop
      vertex 47.8677 116.4 24.7155
      vertex 47.0912 116.4 27.6132
      vertex 48.1563 116.4 24.7729
    endloop
  endfacet
  facet normal 0 1 0
    outer loop
      vertex 55.541 116.4 24.1331
      vertex 57.6623 116.4 26.2544
      vertex 58.1151 116.4 25.7381
    endloop
  endfacet
  facet normal 0 1 0
    outer loop
      vertex 47.0912 116.4 27.6132
      vertex 47.8677 116.4 24.7155
      vertex 46.4409 116.4 27.3925
    endloop
  endfacet
  facet normal 0 1 0
    outer loop
      vertex 55.735 116.4 23.9118
      vertex 58.1151 116.4 25.7381
      vertex 58.4966 116.4 25.1671
    endloop
  endfacet
  facet normal 0 1 -0
    outer loop
      vertex 47.589 116.4 24.6209
      vertex 46.4409 116.4 27.3925
      vertex 47.8677 116.4 24.7155
    endloop
  endfacet
  facet normal 0 1 0
    outer loop
      vertex 46.4409 116.4 27.3925
      vertex 47.589 116.4 24.6209
      vertex 45.825 116.4 27.0888
    endloop
  endfacet
  facet normal 0 1 0
    outer loop
      vertex 54.6353 116.4 27.7472
      vertex 54.2437 116.4 24.7729
      vertex 53.95 116.4 24.7921
    endloop
  endfacet
  facet normal 0 1 0
    outer loop
      vertex 55.3088 116.4 27.6132
      vertex 54.5323 116.4 24.7155
      vertex 54.2437 116.4 24.7729
    endloop
  endfacet
  facet normal 0 1 0
    outer loop
      vertex 55.9591 116.4 27.3925
      vertex 54.811 116.4 24.6209
      vertex 54.5323 116.4 24.7155
    endloop
  endfacet
  facet normal 0 1 0
    outer loop
      vertex 55.8986 116.4 23.6671
      vertex 58.4966 116.4 25.1671
      vertex 58.8004 116.4 24.5512
    endloop
  endfacet
  facet normal 0 1 0
    outer loop
      vertex 56.575 116.4 27.0888
      vertex 55.075 116.4 24.4907
      vertex 54.811 116.4 24.6209
    endloop
  endfacet
  facet normal 0 1 0
    outer loop
      vertex 57.146 116.4 26.7072
      vertex 55.3197 116.4 24.3272
      vertex 55.075 116.4 24.4907
    endloop
  endfacet
  facet normal 0 1 0
    outer loop
      vertex 57.6623 116.4 26.2544
      vertex 55.541 116.4 24.1331
      vertex 55.3197 116.4 24.3272
    endloop
  endfacet
  facet normal 0 1 0
    outer loop
      vertex 58.1151 116.4 25.7381
      vertex 55.735 116.4 23.9118
      vertex 55.541 116.4 24.1331
    endloop
  endfacet
  facet normal 0 1 0
    outer loop
      vertex 56.0287 116.4 23.4032
      vertex 58.8004 116.4 24.5512
      vertex 59.0211 116.4 23.9009
    endloop
  endfacet
  facet normal 0 1 0
    outer loop
      vertex 58.4966 116.4 25.1671
      vertex 55.8986 116.4 23.6671
      vertex 55.735 116.4 23.9118
    endloop
  endfacet
  facet normal 0 1 0
    outer loop
      vertex 58.8004 116.4 24.5512
      vertex 56.0287 116.4 23.4032
      vertex 55.8986 116.4 23.6671
    endloop
  endfacet
  facet normal 0 1 0
    outer loop
      vertex 56.1233 116.4 23.1245
      vertex 59.0211 116.4 23.9009
      vertex 59.1551 116.4 23.2274
    endloop
  endfacet
  facet normal 0 1 0
    outer loop
      vertex 59.0211 116.4 23.9009
      vertex 56.1233 116.4 23.1245
      vertex 56.0287 116.4 23.4032
    endloop
  endfacet
  facet normal 0 1 0
    outer loop
      vertex 59.1551 116.4 23.2274
      vertex 56.1808 116.4 22.8358
      vertex 56.1233 116.4 23.1245
    endloop
  endfacet
  facet normal 0 1 0
    outer loop
      vertex 59.2 116.4 22.5421
      vertex 56.1808 116.4 22.8358
      vertex 59.1551 116.4 23.2274
    endloop
  endfacet
  facet normal 0 1 0
    outer loop
      vertex 59.2 116.4 22.5421
      vertex 56.2 116.4 22.5421
      vertex 56.1808 116.4 22.8358
    endloop
  endfacet
  facet normal 0 1 0
    outer loop
      vertex 59.2 116.4 22.5421
      vertex 56.1808 116.4 22.2484
      vertex 56.2 116.4 22.5421
    endloop
  endfacet
  facet normal 0 1 -0
    outer loop
      vertex 59.1551 116.4 21.8569
      vertex 56.1808 116.4 22.2484
      vertex 59.2 116.4 22.5421
    endloop
  endfacet
  facet normal 0 1 0
    outer loop
      vertex 56.1808 116.4 22.2484
      vertex 59.1551 116.4 21.8569
      vertex 56.1233 116.4 21.9598
    endloop
  endfacet
  facet normal 0 1 -0
    outer loop
      vertex 59.0211 116.4 21.1833
      vertex 56.1233 116.4 21.9598
      vertex 59.1551 116.4 21.8569
    endloop
  endfacet
  facet normal 0 1 0
    outer loop
      vertex 56.1233 116.4 21.9598
      vertex 59.0211 116.4 21.1833
      vertex 56.0287 116.4 21.6811
    endloop
  endfacet
  facet normal 0 1 -0
    outer loop
      vertex 58.8004 116.4 20.533
      vertex 56.0287 116.4 21.6811
      vertex 59.0211 116.4 21.1833
    endloop
  endfacet
  facet normal 0 1 0
    outer loop
      vertex 56.0287 116.4 21.6811
      vertex 58.8004 116.4 20.533
      vertex 55.8986 116.4 21.4171
    endloop
  endfacet
  facet normal 0 1 -0
    outer loop
      vertex 58.4966 116.4 19.9171
      vertex 55.8986 116.4 21.4171
      vertex 58.8004 116.4 20.533
    endloop
  endfacet
  facet normal 0 1 0
    outer loop
      vertex 55.8986 116.4 21.4171
      vertex 58.4966 116.4 19.9171
      vertex 55.735 116.4 21.1724
    endloop
  endfacet
  facet normal 0 1 -0
    outer loop
      vertex 58.1151 116.4 19.3461
      vertex 55.735 116.4 21.1724
      vertex 58.4966 116.4 19.9171
    endloop
  endfacet
  facet normal 0 1 0
    outer loop
      vertex 55.735 116.4 21.1724
      vertex 58.1151 116.4 19.3461
      vertex 55.541 116.4 20.9511
    endloop
  endfacet
  facet normal 0 1 -0
    outer loop
      vertex 57.6623 116.4 18.8298
      vertex 55.541 116.4 20.9511
      vertex 58.1151 116.4 19.3461
    endloop
  endfacet
  facet normal 0 1 0
    outer loop
      vertex 55.541 116.4 20.9511
      vertex 57.6623 116.4 18.8298
      vertex 55.3197 116.4 20.7571
    endloop
  endfacet
  facet normal 0 1 -0
    outer loop
      vertex 57.146 116.4 18.377
      vertex 55.3197 116.4 20.7571
      vertex 57.6623 116.4 18.8298
    endloop
  endfacet
  facet normal 0 1 0
    outer loop
      vertex 55.3197 116.4 20.7571
      vertex 57.146 116.4 18.377
      vertex 55.075 116.4 20.5936
    endloop
  endfacet
  facet normal 0 1 0
    outer loop
      vertex 55.075 116.4 20.5936
      vertex 56.575 116.4 17.9955
      vertex 54.811 116.4 20.4634
    endloop
  endfacet
  facet normal 0 1 -0
    outer loop
      vertex 56.575 116.4 17.9955
      vertex 55.075 116.4 20.5936
      vertex 57.146 116.4 18.377
    endloop
  endfacet
  facet normal 0 1 -0
    outer loop
      vertex 47.325 116.4 24.4907
      vertex 45.825 116.4 27.0888
      vertex 47.589 116.4 24.6209
    endloop
  endfacet
  facet normal 0 1 0
    outer loop
      vertex 45.825 116.4 27.0888
      vertex 47.325 116.4 24.4907
      vertex 45.254 116.4 26.7072
    endloop
  endfacet
  facet normal 0 1 -0
    outer loop
      vertex 47.0803 116.4 24.3272
      vertex 45.254 116.4 26.7072
      vertex 47.325 116.4 24.4907
    endloop
  endfacet
  facet normal 0 1 0
    outer loop
      vertex 45.254 116.4 26.7072
      vertex 47.0803 116.4 24.3272
      vertex 44.7377 116.4 26.2544
    endloop
  endfacet
  facet normal 0 1 -0
    outer loop
      vertex 46.859 116.4 24.1331
      vertex 44.7377 116.4 26.2544
      vertex 47.0803 116.4 24.3272
    endloop
  endfacet
  facet normal 0 1 0
    outer loop
      vertex 44.7377 116.4 26.2544
      vertex 46.859 116.4 24.1331
      vertex 44.2849 116.4 25.7381
    endloop
  endfacet
  facet normal 0 1 -0
    outer loop
      vertex 46.665 116.4 23.9118
      vertex 44.2849 116.4 25.7381
      vertex 46.859 116.4 24.1331
    endloop
  endfacet
  facet normal 0 1 0
    outer loop
      vertex 44.2849 116.4 25.7381
      vertex 46.665 116.4 23.9118
      vertex 43.9034 116.4 25.1671
    endloop
  endfacet
  facet normal 0 1 -0
    outer loop
      vertex 46.5014 116.4 23.6671
      vertex 43.9034 116.4 25.1671
      vertex 46.665 116.4 23.9118
    endloop
  endfacet
  facet normal 0 1 0
    outer loop
      vertex 43.9034 116.4 25.1671
      vertex 46.5014 116.4 23.6671
      vertex 43.5996 116.4 24.5512
    endloop
  endfacet
  facet normal 0 1 -0
    outer loop
      vertex 46.3713 116.4 23.4032
      vertex 43.5996 116.4 24.5512
      vertex 46.5014 116.4 23.6671
    endloop
  endfacet
  facet normal 0 1 0
    outer loop
      vertex 43.5996 116.4 24.5512
      vertex 46.3713 116.4 23.4032
      vertex 43.3789 116.4 23.9009
    endloop
  endfacet
  facet normal 0 1 -0
    outer loop
      vertex 46.2767 116.4 23.1245
      vertex 43.3789 116.4 23.9009
      vertex 46.3713 116.4 23.4032
    endloop
  endfacet
  facet normal 0 1 0
    outer loop
      vertex 43.3789 116.4 23.9009
      vertex 46.2767 116.4 23.1245
      vertex 43.2449 116.4 23.2274
    endloop
  endfacet
  facet normal 0 1 -0
    outer loop
      vertex 46.2192 116.4 22.8358
      vertex 43.2449 116.4 23.2274
      vertex 46.2767 116.4 23.1245
    endloop
  endfacet
  facet normal 0 1 -0
    outer loop
      vertex 46.2 116.4 22.5421
      vertex 43.2449 116.4 23.2274
      vertex 46.2192 116.4 22.8358
    endloop
  endfacet
  facet normal 0 1 0
    outer loop
      vertex 46.2 116.4 22.5421
      vertex 43.2 116.4 22.5421
      vertex 43.2449 116.4 23.2274
    endloop
  endfacet
  facet normal 0 1 0
    outer loop
      vertex 46.2192 116.4 22.2484
      vertex 43.2 116.4 22.5421
      vertex 46.2 116.4 22.5421
    endloop
  endfacet
  facet normal 0 1 0
    outer loop
      vertex 43.2449 116.4 21.8569
      vertex 46.2192 116.4 22.2484
      vertex 46.2767 116.4 21.9598
    endloop
  endfacet
  facet normal 0 1 0
    outer loop
      vertex 46.2192 116.4 22.2484
      vertex 43.2449 116.4 21.8569
      vertex 43.2 116.4 22.5421
    endloop
  endfacet
  facet normal 0 1 0
    outer loop
      vertex 43.3789 116.4 21.1833
      vertex 46.2767 116.4 21.9598
      vertex 46.3713 116.4 21.6811
    endloop
  endfacet
  facet normal 0 1 0
    outer loop
      vertex 43.5996 116.4 20.533
      vertex 46.3713 116.4 21.6811
      vertex 46.5014 116.4 21.4171
    endloop
  endfacet
  facet normal 0 1 0
    outer loop
      vertex 46.2767 116.4 21.9598
      vertex 43.3789 116.4 21.1833
      vertex 43.2449 116.4 21.8569
    endloop
  endfacet
  facet normal 0 1 0
    outer loop
      vertex 43.9034 116.4 19.9171
      vertex 46.5014 116.4 21.4171
      vertex 46.665 116.4 21.1724
    endloop
  endfacet
  facet normal 0 1 0
    outer loop
      vertex 44.2849 116.4 19.3461
      vertex 46.665 116.4 21.1724
      vertex 46.859 116.4 20.9511
    endloop
  endfacet
  facet normal 0 1 0
    outer loop
      vertex 44.7377 116.4 18.8298
      vertex 46.859 116.4 20.9511
      vertex 47.0803 116.4 20.7571
    endloop
  endfacet
  facet normal 0 1 0
    outer loop
      vertex 45.254 116.4 18.377
      vertex 47.0803 116.4 20.7571
      vertex 47.325 116.4 20.5936
    endloop
  endfacet
  facet normal 0 1 0
    outer loop
      vertex 46.3713 116.4 21.6811
      vertex 43.5996 116.4 20.533
      vertex 43.3789 116.4 21.1833
    endloop
  endfacet
  facet normal 0 1 0
    outer loop
      vertex 45.825 116.4 17.9955
      vertex 47.325 116.4 20.5936
      vertex 47.589 116.4 20.4634
    endloop
  endfacet
  facet normal 0 1 0
    outer loop
      vertex 46.4409 116.4 17.6918
      vertex 47.589 116.4 20.4634
      vertex 47.8677 116.4 20.3688
    endloop
  endfacet
  facet normal 0 1 0
    outer loop
      vertex 47.0912 116.4 17.471
      vertex 47.8677 116.4 20.3688
      vertex 48.1563 116.4 20.3114
    endloop
  endfacet
  facet normal 0 1 0
    outer loop
      vertex 47.7647 116.4 17.337
      vertex 48.1563 116.4 20.3114
      vertex 48.45 116.4 20.2921
    endloop
  endfacet
  facet normal 0 1 0
    outer loop
      vertex 46.5014 116.4 21.4171
      vertex 43.9034 116.4 19.9171
      vertex 43.5996 116.4 20.533
    endloop
  endfacet
  facet normal 0 1 0
    outer loop
      vertex 53.95 116.4 20.2921
      vertex 53.95 116.4 17.2921
      vertex 48.45 116.4 20.2921
    endloop
  endfacet
  facet normal 0 1 -0
    outer loop
      vertex 55.9591 116.4 17.6918
      vertex 54.811 116.4 20.4634
      vertex 56.575 116.4 17.9955
    endloop
  endfacet
  facet normal 0 1 0
    outer loop
      vertex 48.45 116.4 17.2921
      vertex 48.45 116.4 20.2921
      vertex 53.95 116.4 17.2921
    endloop
  endfacet
  facet normal 0 1 0
    outer loop
      vertex 54.811 116.4 20.4634
      vertex 55.9591 116.4 17.6918
      vertex 54.5323 116.4 20.3688
    endloop
  endfacet
  facet normal -0 1 0
    outer loop
      vertex 47.7647 116.4 17.337
      vertex 48.45 116.4 20.2921
      vertex 48.45 116.4 17.2921
    endloop
  endfacet
  facet normal 0 1 -0
    outer loop
      vertex 55.3088 116.4 17.471
      vertex 54.5323 116.4 20.3688
      vertex 55.9591 116.4 17.6918
    endloop
  endfacet
  facet normal 0 1 0
    outer loop
      vertex 46.665 116.4 21.1724
      vertex 44.2849 116.4 19.3461
      vertex 43.9034 116.4 19.9171
    endloop
  endfacet
  facet normal 0 1 0
    outer loop
      vertex 54.5323 116.4 20.3688
      vertex 55.3088 116.4 17.471
      vertex 54.2437 116.4 20.3114
    endloop
  endfacet
  facet normal 0 1 0
    outer loop
      vertex 46.859 116.4 20.9511
      vertex 44.7377 116.4 18.8298
      vertex 44.2849 116.4 19.3461
    endloop
  endfacet
  facet normal 0 1 -0
    outer loop
      vertex 54.6353 116.4 17.337
      vertex 54.2437 116.4 20.3114
      vertex 55.3088 116.4 17.471
    endloop
  endfacet
  facet normal 0 1 0
    outer loop
      vertex 47.0803 116.4 20.7571
      vertex 45.254 116.4 18.377
      vertex 44.7377 116.4 18.8298
    endloop
  endfacet
  facet normal 0 1 0
    outer loop
      vertex 54.2437 116.4 20.3114
      vertex 54.6353 116.4 17.337
      vertex 53.95 116.4 20.2921
    endloop
  endfacet
  facet normal 0 1 0
    outer loop
      vertex 47.325 116.4 20.5936
      vertex 45.825 116.4 17.9955
      vertex 45.254 116.4 18.377
    endloop
  endfacet
  facet normal 0 1 0
    outer loop
      vertex 53.95 116.4 20.2921
      vertex 54.6353 116.4 17.337
      vertex 53.95 116.4 17.2921
    endloop
  endfacet
  facet normal 0 1 0
    outer loop
      vertex 47.589 116.4 20.4634
      vertex 46.4409 116.4 17.6918
      vertex 45.825 116.4 17.9955
    endloop
  endfacet
  facet normal 0 1 0
    outer loop
      vertex 47.8677 116.4 20.3688
      vertex 47.0912 116.4 17.471
      vertex 46.4409 116.4 17.6918
    endloop
  endfacet
  facet normal 0 1 0
    outer loop
      vertex 48.1563 116.4 20.3114
      vertex 47.7647 116.4 17.337
      vertex 47.0912 116.4 17.471
    endloop
  endfacet
  facet normal 0.980796 0.195038 0
    outer loop
      vertex 13.6615 79.2874 20.2353
      vertex 13.5467 79.8647 12.8062
      vertex 13.5467 79.8647 20.3062
    endloop
  endfacet
  facet normal 0.980796 0.195038 0
    outer loop
      vertex 13.5467 79.8647 12.8062
      vertex 13.6615 79.2874 20.2353
      vertex 13.6615 79.2874 12.7353
    endloop
  endfacet
  facet normal 0.997859 0.0654027 0
    outer loop
      vertex 13.7 78.7 20.1631
      vertex 13.6615 79.2874 12.7353
      vertex 13.6615 79.2874 20.2353
    endloop
  endfacet
  facet normal 0.997859 0.0654027 0
    outer loop
      vertex 13.6615 79.2874 12.7353
      vertex 13.7 78.7 20.1631
      vertex 13.7 78.7 12.6631
    endloop
  endfacet
  facet normal 0.980796 -0.195038 0
    outer loop
      vertex 13.5467 77.5353 20.0201
      vertex 13.6615 78.1126 12.591
      vertex 13.6615 78.1126 20.091
    endloop
  endfacet
  facet normal 0.980796 -0.195038 0
    outer loop
      vertex 13.6615 78.1126 12.591
      vertex 13.5467 77.5353 20.0201
      vertex 13.5467 77.5353 12.5201
    endloop
  endfacet
  facet normal 0 -0.121996 0.992531
    outer loop
      vertex 11.55 78.7 20.1631
      vertex 13.7 78.7 20.1631
      vertex 13.6615 79.2874 20.2353
    endloop
  endfacet
  facet normal -1.19627e-05 -0.1219 0.992542
    outer loop
      vertex 11.5299 79.0067 20.2008
      vertex 13.6615 79.2874 20.2353
      vertex 13.5467 79.8647 20.3062
    endloop
  endfacet
  facet normal 0 -0.12183 0.992551
    outer loop
      vertex 13.7 78.7 20.1631
      vertex 11.55 78.7 20.1631
      vertex 13.6615 78.1126 20.091
    endloop
  endfacet
  facet normal -4.8382e-05 -0.121815 0.992553
    outer loop
      vertex 11.4699 79.3082 20.2378
      vertex 13.5467 79.8647 20.3062
      vertex 13.3575 80.4221 20.3746
    endloop
  endfacet
  facet normal 4.03859e-05 -0.121687 0.992569
    outer loop
      vertex 11.5299 78.3933 20.1255
      vertex 13.6615 78.1126 20.091
      vertex 11.55 78.7 20.1631
    endloop
  endfacet
  facet normal -3.61534e-07 -0.121836 0.99255
    outer loop
      vertex 11.3711 79.5993 20.2736
      vertex 13.3575 80.4221 20.3746
      vertex 13.0971 80.95 20.4394
    endloop
  endfacet
  facet normal 1.19627e-05 -0.1219 0.992542
    outer loop
      vertex 13.6615 78.1126 20.091
      vertex 11.5299 78.3933 20.1255
      vertex 13.5467 77.5353 20.0201
    endloop
  endfacet
  facet normal 5.26637e-06 -0.121884 0.992544
    outer loop
      vertex 11.2352 79.875 20.3074
      vertex 13.0971 80.95 20.4394
      vertex 12.7701 81.4394 20.4995
    endloop
  endfacet
  facet normal 4.83074e-05 -0.121815 0.992553
    outer loop
      vertex 11.4699 78.0918 20.0885
      vertex 13.5467 77.5353 20.0201
      vertex 11.5299 78.3933 20.1255
    endloop
  endfacet
  facet normal -4.55688e-05 -0.121811 0.992553
    outer loop
      vertex 11.0644 80.1306 20.3388
      vertex 12.7701 81.4394 20.4995
      vertex 12.382 81.882 20.5538
    endloop
  endfacet
  facet normal 4.8382e-05 -0.121815 0.992553
    outer loop
      vertex 13.5467 77.5353 20.0201
      vertex 11.4699 78.0918 20.0885
      vertex 13.3575 76.9779 19.9517
    endloop
  endfacet
  facet normal 7.76877e-05 -0.121901 0.992542
    outer loop
      vertex 10.8617 80.3617 20.3672
      vertex 12.382 81.882 20.5538
      vertex 11.9394 82.2701 20.6015
    endloop
  endfacet
  facet normal -8.29797e-05 -0.122034 0.992526
    outer loop
      vertex 11.3711 77.8007 20.0527
      vertex 13.3575 76.9779 19.9517
      vertex 11.4699 78.0918 20.0885
    endloop
  endfacet
  facet normal 3.61534e-07 -0.121836 0.99255
    outer loop
      vertex 13.3575 76.9779 19.9517
      vertex 11.3711 77.8007 20.0527
      vertex 13.0971 76.45 19.8869
    endloop
  endfacet
  facet normal 1.86644e-06 -0.122003 0.99253
    outer loop
      vertex 13.6615 79.2874 20.2353
      vertex 11.5299 79.0067 20.2008
      vertex 11.55 78.7 20.1631
    endloop
  endfacet
  facet normal -4.83074e-05 -0.121815 0.992553
    outer loop
      vertex 13.5467 79.8647 20.3062
      vertex 11.4699 79.3082 20.2378
      vertex 11.5299 79.0067 20.2008
    endloop
  endfacet
  facet normal 7.49389e-05 -0.121907 0.992542
    outer loop
      vertex 10.6306 80.5644 20.3921
      vertex 11.9394 82.2701 20.6015
      vertex 11.45 82.5971 20.6417
    endloop
  endfacet
  facet normal 8.29797e-05 -0.122034 0.992526
    outer loop
      vertex 13.3575 80.4221 20.3746
      vertex 11.3711 79.5993 20.2736
      vertex 11.4699 79.3082 20.2378
    endloop
  endfacet
  facet normal -8.63991e-05 -0.121728 0.992564
    outer loop
      vertex 13.0971 80.95 20.4394
      vertex 11.2352 79.875 20.3074
      vertex 11.3711 79.5993 20.2736
    endloop
  endfacet
  facet normal 3.22058e-05 -0.12191 0.992541
    outer loop
      vertex 12.7701 81.4394 20.4995
      vertex 11.0644 80.1306 20.3388
      vertex 11.2352 79.875 20.3074
    endloop
  endfacet
  facet normal -0.000124868 -0.121844 0.992549
    outer loop
      vertex 10.375 80.7352 20.413
      vertex 11.45 82.5971 20.6417
      vertex 10.9221 82.8575 20.6736
    endloop
  endfacet
  facet normal 8.01551e-05 -0.121904 0.992542
    outer loop
      vertex 12.382 81.882 20.5538
      vertex 10.8617 80.3617 20.3672
      vertex 11.0644 80.1306 20.3388
    endloop
  endfacet
  facet normal 3.99588e-05 -0.12188 0.992545
    outer loop
      vertex 11.9394 82.2701 20.6015
      vertex 10.6306 80.5644 20.3921
      vertex 10.8617 80.3617 20.3672
    endloop
  endfacet
  facet normal -0.000223114 -0.121788 0.992556
    outer loop
      vertex 11.45 82.5971 20.6417
      vertex 10.375 80.7352 20.413
      vertex 10.6306 80.5644 20.3921
    endloop
  endfacet
  facet normal -4.82562e-05 -0.12185 0.992549
    outer loop
      vertex 10.0993 80.8711 20.4297
      vertex 10.9221 82.8575 20.6736
      vertex 10.3647 83.0467 20.6968
    endloop
  endfacet
  facet normal 4.04411e-05 -0.121886 0.992544
    outer loop
      vertex 10.9221 82.8575 20.6736
      vertex 10.0993 80.8711 20.4297
      vertex 10.375 80.7352 20.413
    endloop
  endfacet
  facet normal 0.000230025 -0.121883 0.992544
    outer loop
      vertex 10.3647 83.0467 20.6968
      vertex 9.80822 80.9699 20.4419
      vertex 10.0993 80.8711 20.4297
    endloop
  endfacet
  facet normal 1.60018e-05 -0.121827 0.992551
    outer loop
      vertex 9.78737 83.1615 20.7109
      vertex 9.80822 80.9699 20.4419
      vertex 10.3647 83.0467 20.6968
    endloop
  endfacet
  facet normal -0.000212696 -0.121829 0.992551
    outer loop
      vertex 9.78737 83.1615 20.7109
      vertex 9.50674 81.0299 20.4492
      vertex 9.80822 80.9699 20.4419
    endloop
  endfacet
  facet normal 0.000122791 -0.121873 0.992546
    outer loop
      vertex 9.2 83.2 20.7157
      vertex 9.50674 81.0299 20.4492
      vertex 9.78737 83.1615 20.7109
    endloop
  endfacet
  facet normal 0.000103244 -0.121875 0.992545
    outer loop
      vertex 9.2 83.2 20.7157
      vertex 9.2 81.05 20.4517
      vertex 9.50674 81.0299 20.4492
    endloop
  endfacet
  facet normal -0.000103244 -0.121875 0.992545
    outer loop
      vertex 9.2 83.2 20.7157
      vertex 8.89326 81.0299 20.4492
      vertex 9.2 81.05 20.4517
    endloop
  endfacet
  facet normal -0.000122791 -0.121873 0.992546
    outer loop
      vertex 8.61263 83.1615 20.7109
      vertex 8.89326 81.0299 20.4492
      vertex 9.2 83.2 20.7157
    endloop
  endfacet
  facet normal 0.000212696 -0.121829 0.992551
    outer loop
      vertex 8.61263 83.1615 20.7109
      vertex 8.59178 80.9699 20.4419
      vertex 8.89326 81.0299 20.4492
    endloop
  endfacet
  facet normal -1.6002e-05 -0.121827 0.992551
    outer loop
      vertex 8.03531 83.0467 20.6968
      vertex 8.59178 80.9699 20.4419
      vertex 8.61263 83.1615 20.7109
    endloop
  endfacet
  facet normal -0.000230018 -0.121883 0.992544
    outer loop
      vertex 8.59178 80.9699 20.4419
      vertex 8.03531 83.0467 20.6968
      vertex 8.30069 80.8711 20.4297
    endloop
  endfacet
  facet normal 4.82581e-05 -0.12185 0.992549
    outer loop
      vertex 7.47793 82.8575 20.6736
      vertex 8.30069 80.8711 20.4297
      vertex 8.03531 83.0467 20.6968
    endloop
  endfacet
  facet normal -4.04427e-05 -0.121886 0.992544
    outer loop
      vertex 8.30069 80.8711 20.4297
      vertex 7.47793 82.8575 20.6736
      vertex 8.025 80.7352 20.413
    endloop
  endfacet
  facet normal 0.000124862 -0.121844 0.992549
    outer loop
      vertex 6.95 82.5971 20.6417
      vertex 8.025 80.7352 20.413
      vertex 7.47793 82.8575 20.6736
    endloop
  endfacet
  facet normal 0.000223121 -0.121788 0.992556
    outer loop
      vertex 8.025 80.7352 20.413
      vertex 6.95 82.5971 20.6417
      vertex 7.76941 80.5644 20.3921
    endloop
  endfacet
  facet normal -7.49351e-05 -0.121907 0.992542
    outer loop
      vertex 6.46057 82.2701 20.6015
      vertex 7.76941 80.5644 20.3921
      vertex 6.95 82.5971 20.6417
    endloop
  endfacet
  facet normal -3.99573e-05 -0.12188 0.992545
    outer loop
      vertex 7.76941 80.5644 20.3921
      vertex 6.46057 82.2701 20.6015
      vertex 7.5383 80.3617 20.3672
    endloop
  endfacet
  facet normal -7.76928e-05 -0.121901 0.992542
    outer loop
      vertex 6.01802 81.882 20.5538
      vertex 7.5383 80.3617 20.3672
      vertex 6.46057 82.2701 20.6015
    endloop
  endfacet
  facet normal -8.01594e-05 -0.121904 0.992542
    outer loop
      vertex 7.5383 80.3617 20.3672
      vertex 6.01802 81.882 20.5538
      vertex 7.33562 80.1306 20.3388
    endloop
  endfacet
  facet normal 4.55681e-05 -0.121811 0.992553
    outer loop
      vertex 5.62991 81.4394 20.4995
      vertex 7.33562 80.1306 20.3388
      vertex 6.01802 81.882 20.5538
    endloop
  endfacet
  facet normal -3.2207e-05 -0.12191 0.992541
    outer loop
      vertex 7.33562 80.1306 20.3388
      vertex 5.62991 81.4394 20.4995
      vertex 7.16484 79.875 20.3074
    endloop
  endfacet
  facet normal -5.26618e-06 -0.121884 0.992544
    outer loop
      vertex 5.30289 80.95 20.4394
      vertex 7.16484 79.875 20.3074
      vertex 5.62991 81.4394 20.4995
    endloop
  endfacet
  facet normal 8.63888e-05 -0.121728 0.992564
    outer loop
      vertex 7.16484 79.875 20.3074
      vertex 5.30289 80.95 20.4394
      vertex 7.02888 79.5993 20.2736
    endloop
  endfacet
  facet normal 8.63991e-05 -0.121728 0.992564
    outer loop
      vertex 11.2352 77.525 20.0189
      vertex 13.0971 76.45 19.8869
      vertex 11.3711 77.8007 20.0527
    endloop
  endfacet
  facet normal -5.26637e-06 -0.121884 0.992544
    outer loop
      vertex 13.0971 76.45 19.8869
      vertex 11.2352 77.525 20.0189
      vertex 12.7701 75.9606 19.8268
    endloop
  endfacet
  facet normal -3.22058e-05 -0.12191 0.992541
    outer loop
      vertex 11.0644 77.2694 19.9875
      vertex 12.7701 75.9606 19.8268
      vertex 11.2352 77.525 20.0189
    endloop
  endfacet
  facet normal -5.7294e-05 -0.121943 0.992537
    outer loop
      vertex 12.7701 75.9606 19.8268
      vertex 11.0644 77.2694 19.9875
      vertex 12.382 75.518 19.7724
    endloop
  endfacet
  facet normal -4.53749e-05 -0.121934 0.992538
    outer loop
      vertex 10.8617 77.0383 19.9591
      vertex 12.382 75.518 19.7724
      vertex 11.0644 77.2694 19.9875
    endloop
  endfacet
  facet normal 7.22971e-05 -0.121818 0.992552
    outer loop
      vertex 12.382 75.518 19.7724
      vertex 10.8617 77.0383 19.9591
      vertex 11.9394 75.1299 19.7248
    endloop
  endfacet
  facet normal -3.99588e-05 -0.12188 0.992545
    outer loop
      vertex 10.6306 76.8356 19.9342
      vertex 11.9394 75.1299 19.7248
      vertex 10.8617 77.0383 19.9591
    endloop
  endfacet
  facet normal -7.49389e-05 -0.121907 0.992542
    outer loop
      vertex 11.9394 75.1299 19.7248
      vertex 10.6306 76.8356 19.9342
      vertex 11.45 74.8029 19.6846
    endloop
  endfacet
  facet normal 0.000223114 -0.121788 0.992556
    outer loop
      vertex 10.375 76.6648 19.9133
      vertex 11.45 74.8029 19.6846
      vertex 10.6306 76.8356 19.9342
    endloop
  endfacet
  facet normal 0.000124868 -0.121844 0.992549
    outer loop
      vertex 11.45 74.8029 19.6846
      vertex 10.375 76.6648 19.9133
      vertex 10.9221 74.5425 19.6527
    endloop
  endfacet
  facet normal -4.04411e-05 -0.121886 0.992544
    outer loop
      vertex 10.0993 76.5289 19.8966
      vertex 10.9221 74.5425 19.6527
      vertex 10.375 76.6648 19.9133
    endloop
  endfacet
  facet normal -0.000107861 -0.121914 0.992541
    outer loop
      vertex 10.9221 74.5425 19.6527
      vertex 10.0993 76.5289 19.8966
      vertex 10.3647 74.3533 19.6294
    endloop
  endfacet
  facet normal -0.000215155 -0.121927 0.992539
    outer loop
      vertex 9.80822 76.4301 19.8844
      vertex 10.3647 74.3533 19.6294
      vertex 10.0993 76.5289 19.8966
    endloop
  endfacet
  facet normal -6.97912e-06 -0.121872 0.992546
    outer loop
      vertex 9.80822 76.4301 19.8844
      vertex 9.78737 74.2385 19.6153
      vertex 10.3647 74.3533 19.6294
    endloop
  endfacet
  facet normal 0.000221725 -0.121874 0.992546
    outer loop
      vertex 9.50674 76.3701 19.8771
      vertex 9.78737 74.2385 19.6153
      vertex 9.80822 76.4301 19.8844
    endloop
  endfacet
  facet normal -0.000100565 -0.121916 0.99254
    outer loop
      vertex 9.2 76.35 19.8746
      vertex 9.78737 74.2385 19.6153
      vertex 9.50674 76.3701 19.8771
    endloop
  endfacet
  facet normal 4.63716e-05 -0.121875 0.992545
    outer loop
      vertex 9.2 76.35 19.8746
      vertex 9.2 74.2 19.6106
      vertex 9.78737 74.2385 19.6153
    endloop
  endfacet
  facet normal 0.000103244 -0.121875 0.992545
    outer loop
      vertex 8.89326 76.3701 19.8771
      vertex 9.2 74.2 19.6106
      vertex 9.2 76.35 19.8746
    endloop
  endfacet
  facet normal -4.77706e-05 -0.121896 0.992543
    outer loop
      vertex 8.89326 76.3701 19.8771
      vertex 8.61263 74.2385 19.6153
      vertex 9.2 74.2 19.6106
    endloop
  endfacet
  facet normal -0.000221725 -0.121874 0.992546
    outer loop
      vertex 8.59178 76.4301 19.8844
      vertex 8.61263 74.2385 19.6153
      vertex 8.89326 76.3701 19.8771
    endloop
  endfacet
  facet normal 0.000215148 -0.121927 0.992539
    outer loop
      vertex 8.03531 74.3533 19.6294
      vertex 8.59178 76.4301 19.8844
      vertex 8.30069 76.5289 19.8966
    endloop
  endfacet
  facet normal 6.97924e-06 -0.121872 0.992546
    outer loop
      vertex 8.59178 76.4301 19.8844
      vertex 8.03531 74.3533 19.6294
      vertex 8.61263 74.2385 19.6153
    endloop
  endfacet
  facet normal 4.04427e-05 -0.121886 0.992544
    outer loop
      vertex 7.47793 74.5425 19.6527
      vertex 8.30069 76.5289 19.8966
      vertex 8.025 76.6648 19.9133
    endloop
  endfacet
  facet normal -0.000223121 -0.121788 0.992556
    outer loop
      vertex 6.95 74.8029 19.6846
      vertex 8.025 76.6648 19.9133
      vertex 7.76941 76.8356 19.9342
    endloop
  endfacet
  facet normal 3.99573e-05 -0.12188 0.992545
    outer loop
      vertex 6.46057 75.1299 19.7248
      vertex 7.76941 76.8356 19.9342
      vertex 7.5383 77.0383 19.9591
    endloop
  endfacet
  facet normal 0.000107865 -0.121914 0.992541
    outer loop
      vertex 8.30069 76.5289 19.8966
      vertex 7.47793 74.5425 19.6527
      vertex 8.03531 74.3533 19.6294
    endloop
  endfacet
  facet normal 4.53773e-05 -0.121934 0.992538
    outer loop
      vertex 6.01802 75.518 19.7724
      vertex 7.5383 77.0383 19.9591
      vertex 7.33562 77.2694 19.9875
    endloop
  endfacet
  facet normal 3.2207e-05 -0.12191 0.992541
    outer loop
      vertex 5.62991 75.9606 19.8268
      vertex 7.33562 77.2694 19.9875
      vertex 7.16484 77.525 20.0189
    endloop
  endfacet
  facet normal -8.63888e-05 -0.121728 0.992564
    outer loop
      vertex 5.30289 76.45 19.8869
      vertex 7.16484 77.525 20.0189
      vertex 7.02888 77.8007 20.0527
    endloop
  endfacet
  facet normal -0.000124862 -0.121844 0.992549
    outer loop
      vertex 8.025 76.6648 19.9133
      vertex 6.95 74.8029 19.6846
      vertex 7.47793 74.5425 19.6527
    endloop
  endfacet
  facet normal 8.29808e-05 -0.122034 0.992526
    outer loop
      vertex 5.04254 76.9779 19.9517
      vertex 7.02888 77.8007 20.0527
      vertex 6.93007 78.0918 20.0885
    endloop
  endfacet
  facet normal -9.02998e-06 -0.121808 0.992554
    outer loop
      vertex 4.8 77.8035 20.0531
      vertex 6.93007 78.0918 20.0885
      vertex 6.8701 78.3933 20.1255
    endloop
  endfacet
  facet normal -4.38922e-05 -0.121687 0.992569
    outer loop
      vertex 4.8 77.8035 20.0531
      vertex 6.8701 78.3933 20.1255
      vertex 6.85 78.7 20.1631
    endloop
  endfacet
  facet normal 3.61555e-07 -0.121836 0.99255
    outer loop
      vertex 5.04254 80.4221 20.3746
      vertex 7.02888 79.5993 20.2736
      vertex 5.30289 80.95 20.4394
    endloop
  endfacet
  facet normal 7.49351e-05 -0.121907 0.992542
    outer loop
      vertex 7.76941 76.8356 19.9342
      vertex 6.46057 75.1299 19.7248
      vertex 6.95 74.8029 19.6846
    endloop
  endfacet
  facet normal -8.29808e-05 -0.122034 0.992526
    outer loop
      vertex 7.02888 79.5993 20.2736
      vertex 5.04254 80.4221 20.3746
      vertex 6.93007 79.3082 20.2378
    endloop
  endfacet
  facet normal -7.23018e-05 -0.121818 0.992552
    outer loop
      vertex 7.5383 77.0383 19.9591
      vertex 6.01802 75.518 19.7724
      vertex 6.46057 75.1299 19.7248
    endloop
  endfacet
  facet normal 4.83831e-05 -0.121815 0.992553
    outer loop
      vertex 4.85333 79.8647 20.3062
      vertex 6.93007 79.3082 20.2378
      vertex 5.04254 80.4221 20.3746
    endloop
  endfacet
  facet normal 5.72932e-05 -0.121943 0.992537
    outer loop
      vertex 7.33562 77.2694 19.9875
      vertex 5.62991 75.9606 19.8268
      vertex 6.01802 75.518 19.7724
    endloop
  endfacet
  facet normal -3.31933e-05 -0.122115 0.992516
    outer loop
      vertex 4.8 79.5965 20.2732
      vertex 6.93007 79.3082 20.2378
      vertex 4.85333 79.8647 20.3062
    endloop
  endfacet
  facet normal 5.26618e-06 -0.121884 0.992544
    outer loop
      vertex 7.16484 77.525 20.0189
      vertex 5.30289 76.45 19.8869
      vertex 5.62991 75.9606 19.8268
    endloop
  endfacet
  facet normal 9.02998e-06 -0.121808 0.992554
    outer loop
      vertex 6.93007 79.3082 20.2378
      vertex 4.8 79.5965 20.2732
      vertex 6.8701 79.0067 20.2008
    endloop
  endfacet
  facet normal 2.42085e-05 -0.121841 0.99255
    outer loop
      vertex 4.8 77.8035 20.0531
      vertex 6.85 78.7 20.1631
      vertex 4.8 79.5965 20.2732
    endloop
  endfacet
  facet normal -4.66221e-05 -0.122 0.99253
    outer loop
      vertex 6.8701 79.0067 20.2008
      vertex 4.8 79.5965 20.2732
      vertex 6.85 78.7 20.1631
    endloop
  endfacet
  facet normal 3.31933e-05 -0.122115 0.992516
    outer loop
      vertex 6.93007 78.0918 20.0885
      vertex 4.8 77.8035 20.0531
      vertex 4.85333 77.5353 20.0201
    endloop
  endfacet
  facet normal -3.61555e-07 -0.121836 0.99255
    outer loop
      vertex 7.02888 77.8007 20.0527
      vertex 5.04254 76.9779 19.9517
      vertex 5.30289 76.45 19.8869
    endloop
  endfacet
  facet normal -4.83831e-05 -0.121815 0.992553
    outer loop
      vertex 6.93007 78.0918 20.0885
      vertex 4.85333 77.5353 20.0201
      vertex 5.04254 76.9779 19.9517
    endloop
  endfacet
  facet normal 0.831475 0.555562 0
    outer loop
      vertex 13.0971 80.95 20.4394
      vertex 12.7701 81.4394 12.9995
      vertex 12.7701 81.4394 20.4995
    endloop
  endfacet
  facet normal 0.831475 0.555562 0
    outer loop
      vertex 12.7701 81.4394 12.9995
      vertex 13.0971 80.95 20.4394
      vertex 13.0971 80.95 12.9394
    endloop
  endfacet
  facet normal 0.555562 0.831475 0
    outer loop
      vertex 11.9394 82.2701 20.6015
      vertex 11.45 82.5971 13.1417
      vertex 11.45 82.5971 20.6417
    endloop
  endfacet
  facet normal 0.555562 0.831475 0
    outer loop
      vertex 11.45 82.5971 13.1417
      vertex 11.9394 82.2701 20.6015
      vertex 11.9394 82.2701 13.1015
    endloop
  endfacet
  facet normal 0.896827 -0.442382 0
    outer loop
      vertex 13.0971 76.45 19.8869
      vertex 13.3575 76.9779 12.4517
      vertex 13.3575 76.9779 19.9517
    endloop
  endfacet
  facet normal 0.896827 -0.442382 0
    outer loop
      vertex 13.3575 76.9779 12.4517
      vertex 13.0971 76.45 19.8869
      vertex 13.0971 76.45 12.3869
    endloop
  endfacet
  facet normal 0.997859 -0.0654027 0
    outer loop
      vertex 13.6615 78.1126 20.091
      vertex 13.7 78.7 12.6631
      vertex 13.7 78.7 20.1631
    endloop
  endfacet
  facet normal 0.997859 -0.0654027 0
    outer loop
      vertex 13.7 78.7 12.6631
      vertex 13.6615 78.1126 20.091
      vertex 13.6615 78.1126 12.591
    endloop
  endfacet
  facet normal 0.321421 0.946936 0
    outer loop
      vertex 10.9221 82.8575 20.6736
      vertex 10.3647 83.0467 13.1968
      vertex 10.3647 83.0467 20.6968
    endloop
  endfacet
  facet normal 0.321421 0.946936 0
    outer loop
      vertex 10.3647 83.0467 13.1968
      vertex 10.9221 82.8575 20.6736
      vertex 10.9221 82.8575 13.1736
    endloop
  endfacet
  facet normal -0.89686 0.442314 0
    outer loop
      vertex 5.04254 80.4221 20.3746
      vertex 5.30289 80.95 12.9394
      vertex 5.04254 80.4221 12.8746
    endloop
  endfacet
  facet normal -0.89686 0.442314 0
    outer loop
      vertex 5.30289 80.95 12.9394
      vertex 5.04254 80.4221 20.3746
      vertex 5.30289 80.95 20.4394
    endloop
  endfacet
  facet normal -0.65934 0.751845 0
    outer loop
      vertex 6.46057 82.2701 13.1015
      vertex 6.01802 81.882 20.5538
      vertex 6.46057 82.2701 20.6015
    endloop
  endfacet
  facet normal -0.65934 0.751845 0
    outer loop
      vertex 6.01802 81.882 20.5538
      vertex 6.46057 82.2701 13.1015
      vertex 6.01802 81.882 13.0538
    endloop
  endfacet
  facet normal 0.321421 -0.946936 0
    outer loop
      vertex 10.3647 74.3533 19.6294
      vertex 10.9221 74.5425 12.1527
      vertex 10.9221 74.5425 19.6527
    endloop
  endfacet
  facet normal 0.321421 -0.946936 0
    outer loop
      vertex 10.9221 74.5425 12.1527
      vertex 10.3647 74.3533 19.6294
      vertex 10.3647 74.3533 12.1294
    endloop
  endfacet
  facet normal -0.65934 -0.751845 0
    outer loop
      vertex 6.01802 75.518 12.2724
      vertex 6.46057 75.1299 19.7248
      vertex 6.01802 75.518 19.7724
    endloop
  endfacet
  facet normal -0.65934 -0.751845 -0
    outer loop
      vertex 6.46057 75.1299 19.7248
      vertex 6.01802 75.518 12.2724
      vertex 6.46057 75.1299 12.2248
    endloop
  endfacet
  facet normal -0.321432 0.946933 0
    outer loop
      vertex 8.03531 83.0467 13.1968
      vertex 7.47793 82.8575 20.6736
      vertex 8.03531 83.0467 20.6968
    endloop
  endfacet
  facet normal -0.321432 0.946933 0
    outer loop
      vertex 7.47793 82.8575 20.6736
      vertex 8.03531 83.0467 13.1968
      vertex 7.47793 82.8575 13.1736
    endloop
  endfacet
  facet normal -0.831459 -0.555586 -0
    outer loop
      vertex 5.62991 75.9606 19.8268
      vertex 5.30289 76.45 12.3869
      vertex 5.62991 75.9606 12.3268
    endloop
  endfacet
  facet normal -0.831459 -0.555586 0
    outer loop
      vertex 5.30289 76.45 12.3869
      vertex 5.62991 75.9606 19.8268
      vertex 5.30289 76.45 19.8869
    endloop
  endfacet
  facet normal -0.555539 0.831491 0
    outer loop
      vertex 6.95 82.5971 13.1417
      vertex 6.46057 82.2701 20.6015
      vertex 6.95 82.5971 20.6417
    endloop
  endfacet
  facet normal -0.555539 0.831491 0
    outer loop
      vertex 6.46057 82.2701 20.6015
      vertex 6.95 82.5971 13.1417
      vertex 6.46057 82.2701 13.1015
    endloop
  endfacet
  facet normal 0.195028 0.980798 0
    outer loop
      vertex 10.3647 83.0467 20.6968
      vertex 9.78737 83.1615 13.2109
      vertex 9.78737 83.1615 20.7109
    endloop
  endfacet
  facet normal 0.195028 0.980798 0
    outer loop
      vertex 9.78737 83.1615 13.2109
      vertex 10.3647 83.0467 20.6968
      vertex 10.3647 83.0467 13.1968
    endloop
  endfacet
  facet normal -0.442362 0.896837 0
    outer loop
      vertex 7.47793 82.8575 13.1736
      vertex 6.95 82.5971 20.6417
      vertex 7.47793 82.8575 20.6736
    endloop
  endfacet
  facet normal -0.442362 0.896837 0
    outer loop
      vertex 6.95 82.5971 20.6417
      vertex 7.47793 82.8575 13.1736
      vertex 6.95 82.5971 13.1417
    endloop
  endfacet
  facet normal 0.0654061 -0.997859 0
    outer loop
      vertex 9.2 74.2 19.6106
      vertex 9.78737 74.2385 12.1153
      vertex 9.78737 74.2385 19.6153
    endloop
  endfacet
  facet normal 0.0654061 -0.997859 0
    outer loop
      vertex 9.78737 74.2385 12.1153
      vertex 9.2 74.2 19.6106
      vertex 9.2 74.2 12.1106
    endloop
  endfacet
  facet normal 0.659298 -0.751882 0
    outer loop
      vertex 11.9394 75.1299 19.7248
      vertex 12.382 75.518 12.2724
      vertex 12.382 75.518 19.7724
    endloop
  endfacet
  facet normal 0.659298 -0.751882 0
    outer loop
      vertex 12.382 75.518 12.2724
      vertex 11.9394 75.1299 19.7248
      vertex 11.9394 75.1299 12.2248
    endloop
  endfacet
  facet normal -0.946931 -0.321437 -0
    outer loop
      vertex 5.04254 76.9779 19.9517
      vertex 4.85333 77.5353 12.5201
      vertex 5.04254 76.9779 12.4517
    endloop
  endfacet
  facet normal -0.946931 -0.321437 0
    outer loop
      vertex 4.85333 77.5353 12.5201
      vertex 5.04254 76.9779 19.9517
      vertex 4.85333 77.5353 20.0201
    endloop
  endfacet
  facet normal 0.946936 -0.321421 0
    outer loop
      vertex 13.3575 76.9779 19.9517
      vertex 13.5467 77.5353 12.5201
      vertex 13.5467 77.5353 20.0201
    endloop
  endfacet
  facet normal 0.946936 -0.321421 0
    outer loop
      vertex 13.5467 77.5353 12.5201
      vertex 13.3575 76.9779 19.9517
      vertex 13.3575 76.9779 12.4517
    endloop
  endfacet
  facet normal 0.442382 0.896827 0
    outer loop
      vertex 11.45 82.5971 20.6417
      vertex 10.9221 82.8575 13.1736
      vertex 10.9221 82.8575 20.6736
    endloop
  endfacet
  facet normal 0.442382 0.896827 0
    outer loop
      vertex 10.9221 82.8575 13.1736
      vertex 11.45 82.5971 20.6417
      vertex 11.45 82.5971 13.1417
    endloop
  endfacet
  facet normal -0.195031 0.980797 0
    outer loop
      vertex 8.61263 83.1615 13.2109
      vertex 8.03531 83.0467 20.6968
      vertex 8.61263 83.1615 20.7109
    endloop
  endfacet
  facet normal -0.195031 0.980797 0
    outer loop
      vertex 8.03531 83.0467 20.6968
      vertex 8.61263 83.1615 13.2109
      vertex 8.03531 83.0467 13.1968
    endloop
  endfacet
  facet normal 0.751882 0.659298 0
    outer loop
      vertex 12.7701 81.4394 20.4995
      vertex 12.382 81.882 13.0538
      vertex 12.382 81.882 20.5538
    endloop
  endfacet
  facet normal 0.751882 0.659298 0
    outer loop
      vertex 12.382 81.882 13.0538
      vertex 12.7701 81.4394 20.4995
      vertex 12.7701 81.4394 12.9995
    endloop
  endfacet
  facet normal 0.751882 -0.659298 0
    outer loop
      vertex 12.382 75.518 19.7724
      vertex 12.7701 75.9606 12.3268
      vertex 12.7701 75.9606 19.8268
    endloop
  endfacet
  facet normal 0.751882 -0.659298 0
    outer loop
      vertex 12.7701 75.9606 12.3268
      vertex 12.382 75.518 19.7724
      vertex 12.382 75.518 12.2724
    endloop
  endfacet
  facet normal -0.442362 -0.896837 0
    outer loop
      vertex 6.95 74.8029 12.1846
      vertex 7.47793 74.5425 19.6527
      vertex 6.95 74.8029 19.6846
    endloop
  endfacet
  facet normal -0.442362 -0.896837 -0
    outer loop
      vertex 7.47793 74.5425 19.6527
      vertex 6.95 74.8029 12.1846
      vertex 7.47793 74.5425 12.1527
    endloop
  endfacet
  facet normal -0.946931 0.321437 0
    outer loop
      vertex 4.85333 79.8647 20.3062
      vertex 5.04254 80.4221 12.8746
      vertex 4.85333 79.8647 12.8062
    endloop
  endfacet
  facet normal -0.946931 0.321437 0
    outer loop
      vertex 5.04254 80.4221 12.8746
      vertex 4.85333 79.8647 20.3062
      vertex 5.04254 80.4221 20.3746
    endloop
  endfacet
  facet normal 0.195028 -0.980798 0
    outer loop
      vertex 9.78737 74.2385 19.6153
      vertex 10.3647 74.3533 12.1294
      vertex 10.3647 74.3533 19.6294
    endloop
  endfacet
  facet normal 0.195028 -0.980798 0
    outer loop
      vertex 10.3647 74.3533 12.1294
      vertex 9.78737 74.2385 19.6153
      vertex 9.78737 74.2385 12.1153
    endloop
  endfacet
  facet normal 0.442382 -0.896827 0
    outer loop
      vertex 10.9221 74.5425 19.6527
      vertex 11.45 74.8029 12.1846
      vertex 11.45 74.8029 19.6846
    endloop
  endfacet
  facet normal 0.442382 -0.896827 0
    outer loop
      vertex 11.45 74.8029 12.1846
      vertex 10.9221 74.5425 19.6527
      vertex 10.9221 74.5425 12.1527
    endloop
  endfacet
  facet normal -0.751873 0.659308 0
    outer loop
      vertex 5.62991 81.4394 20.4995
      vertex 6.01802 81.882 13.0538
      vertex 5.62991 81.4394 12.9995
    endloop
  endfacet
  facet normal -0.751873 0.659308 0
    outer loop
      vertex 6.01802 81.882 13.0538
      vertex 5.62991 81.4394 20.4995
      vertex 6.01802 81.882 20.5538
    endloop
  endfacet
  facet normal 0.659298 0.751882 0
    outer loop
      vertex 12.382 81.882 20.5538
      vertex 11.9394 82.2701 13.1015
      vertex 11.9394 82.2701 20.6015
    endloop
  endfacet
  facet normal 0.659298 0.751882 0
    outer loop
      vertex 11.9394 82.2701 13.1015
      vertex 12.382 81.882 20.5538
      vertex 12.382 81.882 13.0538
    endloop
  endfacet
  facet normal -0.89686 -0.442314 -0
    outer loop
      vertex 5.30289 76.45 19.8869
      vertex 5.04254 76.9779 12.4517
      vertex 5.30289 76.45 12.3869
    endloop
  endfacet
  facet normal -0.89686 -0.442314 0
    outer loop
      vertex 5.04254 76.9779 12.4517
      vertex 5.30289 76.45 19.8869
      vertex 5.04254 76.9779 19.9517
    endloop
  endfacet
  facet normal 0.831475 -0.555562 0
    outer loop
      vertex 12.7701 75.9606 19.8268
      vertex 13.0971 76.45 12.3869
      vertex 13.0971 76.45 19.8869
    endloop
  endfacet
  facet normal 0.831475 -0.555562 0
    outer loop
      vertex 13.0971 76.45 12.3869
      vertex 12.7701 75.9606 19.8268
      vertex 12.7701 75.9606 12.3268
    endloop
  endfacet
  facet normal 0.896827 0.442382 0
    outer loop
      vertex 13.3575 80.4221 20.3746
      vertex 13.0971 80.95 12.9394
      vertex 13.0971 80.95 20.4394
    endloop
  endfacet
  facet normal 0.896827 0.442382 0
    outer loop
      vertex 13.0971 80.95 12.9394
      vertex 13.3575 80.4221 20.3746
      vertex 13.3575 80.4221 12.8746
    endloop
  endfacet
  facet normal -0.0654061 -0.997859 0
    outer loop
      vertex 8.61263 74.2385 12.1153
      vertex 9.2 74.2 19.6106
      vertex 8.61263 74.2385 19.6153
    endloop
  endfacet
  facet normal -0.0654061 -0.997859 -0
    outer loop
      vertex 9.2 74.2 19.6106
      vertex 8.61263 74.2385 12.1153
      vertex 9.2 74.2 12.1106
    endloop
  endfacet
  facet normal -0.555539 -0.831491 0
    outer loop
      vertex 6.46057 75.1299 12.2248
      vertex 6.95 74.8029 19.6846
      vertex 6.46057 75.1299 19.7248
    endloop
  endfacet
  facet normal -0.555539 -0.831491 -0
    outer loop
      vertex 6.95 74.8029 19.6846
      vertex 6.46057 75.1299 12.2248
      vertex 6.95 74.8029 12.1846
    endloop
  endfacet
  facet normal 0.555562 -0.831475 0
    outer loop
      vertex 11.45 74.8029 19.6846
      vertex 11.9394 75.1299 12.2248
      vertex 11.9394 75.1299 19.7248
    endloop
  endfacet
  facet normal 0.555562 -0.831475 0
    outer loop
      vertex 11.9394 75.1299 12.2248
      vertex 11.45 74.8029 19.6846
      vertex 11.45 74.8029 12.1846
    endloop
  endfacet
  facet normal 0.946936 0.321421 0
    outer loop
      vertex 13.5467 79.8647 20.3062
      vertex 13.3575 80.4221 12.8746
      vertex 13.3575 80.4221 20.3746
    endloop
  endfacet
  facet normal 0.946936 0.321421 0
    outer loop
      vertex 13.3575 80.4221 12.8746
      vertex 13.5467 79.8647 20.3062
      vertex 13.5467 79.8647 12.8062
    endloop
  endfacet
  facet normal -0.980798 0.195026 0
    outer loop
      vertex 4.8 79.5965 20.2732
      vertex 4.85333 79.8647 12.8062
      vertex 4.8 79.5965 12.7732
    endloop
  endfacet
  facet normal -0.980798 0.195026 0
    outer loop
      vertex 4.85333 79.8647 12.8062
      vertex 4.8 79.5965 20.2732
      vertex 4.85333 79.8647 20.3062
    endloop
  endfacet
  facet normal -0.0654061 0.997859 0
    outer loop
      vertex 9.2 83.2 13.2157
      vertex 8.61263 83.1615 20.7109
      vertex 9.2 83.2 20.7157
    endloop
  endfacet
  facet normal -0.0654061 0.997859 0
    outer loop
      vertex 8.61263 83.1615 20.7109
      vertex 9.2 83.2 13.2157
      vertex 8.61263 83.1615 13.2109
    endloop
  endfacet
  facet normal -0.321432 -0.946933 0
    outer loop
      vertex 7.47793 74.5425 12.1527
      vertex 8.03531 74.3533 19.6294
      vertex 7.47793 74.5425 19.6527
    endloop
  endfacet
  facet normal -0.321432 -0.946933 -0
    outer loop
      vertex 8.03531 74.3533 19.6294
      vertex 7.47793 74.5425 12.1527
      vertex 8.03531 74.3533 12.1294
    endloop
  endfacet
  facet normal -0.980798 -0.195026 -0
    outer loop
      vertex 4.85333 77.5353 20.0201
      vertex 4.8 77.8035 12.5531
      vertex 4.85333 77.5353 12.5201
    endloop
  endfacet
  facet normal -0.980798 -0.195026 0
    outer loop
      vertex 4.8 77.8035 12.5531
      vertex 4.85333 77.5353 20.0201
      vertex 4.8 77.8035 20.0531
    endloop
  endfacet
  facet normal -0.751873 -0.659308 -0
    outer loop
      vertex 6.01802 75.518 19.7724
      vertex 5.62991 75.9606 12.3268
      vertex 6.01802 75.518 12.2724
    endloop
  endfacet
  facet normal -0.751873 -0.659308 0
    outer loop
      vertex 5.62991 75.9606 12.3268
      vertex 6.01802 75.518 19.7724
      vertex 5.62991 75.9606 19.8268
    endloop
  endfacet
  facet normal 0.0654061 0.997859 0
    outer loop
      vertex 9.78737 83.1615 20.7109
      vertex 9.2 83.2 13.2157
      vertex 9.2 83.2 20.7157
    endloop
  endfacet
  facet normal 0.0654061 0.997859 0
    outer loop
      vertex 9.2 83.2 13.2157
      vertex 9.78737 83.1615 20.7109
      vertex 9.78737 83.1615 13.2109
    endloop
  endfacet
  facet normal -0.195031 -0.980797 0
    outer loop
      vertex 8.03531 74.3533 12.1294
      vertex 8.61263 74.2385 19.6153
      vertex 8.03531 74.3533 19.6294
    endloop
  endfacet
  facet normal -0.195031 -0.980797 -0
    outer loop
      vertex 8.61263 74.2385 19.6153
      vertex 8.03531 74.3533 12.1294
      vertex 8.61263 74.2385 12.1153
    endloop
  endfacet
  facet normal -0.831459 0.555586 0
    outer loop
      vertex 5.30289 80.95 20.4394
      vertex 5.62991 81.4394 12.9995
      vertex 5.30289 80.95 12.9394
    endloop
  endfacet
  facet normal -0.831459 0.555586 0
    outer loop
      vertex 5.62991 81.4394 12.9995
      vertex 5.30289 80.95 20.4394
      vertex 5.62991 81.4394 20.4995
    endloop
  endfacet
  facet normal -0.19519 -0.980765 0
    outer loop
      vertex 9.50674 81.0299 16.4492
      vertex 9.80822 80.9699 20.4419
      vertex 9.50674 81.0299 20.4492
    endloop
  endfacet
  facet normal -0.19519 -0.980765 -0
    outer loop
      vertex 9.80822 80.9699 20.4419
      vertex 9.50674 81.0299 16.4492
      vertex 9.80822 80.9699 16.4419
    endloop
  endfacet
  facet normal -0.980768 -0.195178 -0
    outer loop
      vertex 11.5299 79.0067 20.2008
      vertex 11.4699 79.3082 16.2378
      vertex 11.5299 79.0067 16.2008
    endloop
  endfacet
  facet normal -0.980768 -0.195178 0
    outer loop
      vertex 11.4699 79.3082 16.2378
      vertex 11.5299 79.0067 20.2008
      vertex 11.4699 79.3082 20.2378
    endloop
  endfacet
  facet normal -0.997859 -0.0653961 -0
    outer loop
      vertex 11.55 78.7 20.1631
      vertex 11.5299 79.0067 16.2008
      vertex 11.55 78.7 16.1631
    endloop
  endfacet
  facet normal -0.997859 -0.0653961 0
    outer loop
      vertex 11.5299 79.0067 16.2008
      vertex 11.55 78.7 20.1631
      vertex 11.5299 79.0067 20.2008
    endloop
  endfacet
  facet normal -0.946945 -0.321395 -0
    outer loop
      vertex 11.4699 79.3082 20.2378
      vertex 11.3711 79.5993 16.2736
      vertex 11.4699 79.3082 16.2378
    endloop
  endfacet
  facet normal -0.946945 -0.321395 0
    outer loop
      vertex 11.3711 79.5993 16.2736
      vertex 11.4699 79.3082 20.2378
      vertex 11.3711 79.5993 20.2736
    endloop
  endfacet
  facet normal -0.831449 -0.555601 -0
    outer loop
      vertex 11.2352 79.875 20.3074
      vertex 11.0644 80.1306 16.3388
      vertex 11.2352 79.875 16.3074
    endloop
  endfacet
  facet normal -0.831449 -0.555601 0
    outer loop
      vertex 11.0644 80.1306 16.3388
      vertex 11.2352 79.875 20.3074
      vertex 11.0644 80.1306 20.3388
    endloop
  endfacet
  facet normal -0.321415 -0.946938 0
    outer loop
      vertex 9.80822 80.9699 16.4419
      vertex 10.0993 80.8711 20.4297
      vertex 9.80822 80.9699 20.4419
    endloop
  endfacet
  facet normal -0.321415 -0.946938 -0
    outer loop
      vertex 10.0993 80.8711 20.4297
      vertex 9.80822 80.9699 16.4419
      vertex 10.0993 80.8711 16.4297
    endloop
  endfacet
  facet normal 0.980787 0.195084 0
    outer loop
      vertex 6.93007 78.0918 20.0885
      vertex 6.8701 78.3933 16.1255
      vertex 6.8701 78.3933 20.1255
    endloop
  endfacet
  facet normal 0.980787 0.195084 0
    outer loop
      vertex 6.8701 78.3933 16.1255
      vertex 6.93007 78.0918 20.0885
      vertex 6.93007 78.0918 16.0885
    endloop
  endfacet
  facet normal -0.997859 0.0653961 0
    outer loop
      vertex 11.5299 78.3933 20.1255
      vertex 11.55 78.7 16.1631
      vertex 11.5299 78.3933 16.1255
    endloop
  endfacet
  facet normal -0.997859 0.0653961 0
    outer loop
      vertex 11.55 78.7 16.1631
      vertex 11.5299 78.3933 20.1255
      vertex 11.55 78.7 20.1631
    endloop
  endfacet
  facet normal 0.555616 0.831439 0
    outer loop
      vertex 8.025 76.6648 19.9133
      vertex 7.76941 76.8356 15.9342
      vertex 7.76941 76.8356 19.9342
    endloop
  endfacet
  facet normal 0.555616 0.831439 0
    outer loop
      vertex 7.76941 76.8356 15.9342
      vertex 8.025 76.6648 19.9133
      vertex 8.025 76.6648 15.9133
    endloop
  endfacet
  facet normal 0.997859 0.0653961 0
    outer loop
      vertex 6.8701 78.3933 20.1255
      vertex 6.85 78.7 16.1631
      vertex 6.85 78.7 20.1631
    endloop
  endfacet
  facet normal 0.997859 0.0653961 0
    outer loop
      vertex 6.85 78.7 16.1631
      vertex 6.8701 78.3933 20.1255
      vertex 6.8701 78.3933 16.1255
    endloop
  endfacet
  facet normal 0.321405 0.946942 0
    outer loop
      vertex 8.59178 76.4301 19.8844
      vertex 8.30069 76.5289 15.8966
      vertex 8.30069 76.5289 19.8966
    endloop
  endfacet
  facet normal 0.321405 0.946942 0
    outer loop
      vertex 8.30069 76.5289 15.8966
      vertex 8.59178 76.4301 19.8844
      vertex 8.59178 76.4301 15.8844
    endloop
  endfacet
  facet normal -0.89695 -0.442131 -0
    outer loop
      vertex 11.3711 79.5993 20.2736
      vertex 11.2352 79.875 16.3074
      vertex 11.3711 79.5993 16.2736
    endloop
  endfacet
  facet normal -0.89695 -0.442131 0
    outer loop
      vertex 11.2352 79.875 16.3074
      vertex 11.3711 79.5993 20.2736
      vertex 11.2352 79.875 20.3074
    endloop
  endfacet
  facet normal -0.75179 -0.659402 -0
    outer loop
      vertex 11.0644 80.1306 20.3388
      vertex 10.8617 80.3617 16.3672
      vertex 11.0644 80.1306 16.3388
    endloop
  endfacet
  facet normal -0.75179 -0.659402 0
    outer loop
      vertex 10.8617 80.3617 16.3672
      vertex 11.0644 80.1306 20.3388
      vertex 10.8617 80.3617 20.3672
    endloop
  endfacet
  facet normal -0.946945 0.321395 0
    outer loop
      vertex 11.3711 77.8007 20.0527
      vertex 11.4699 78.0918 16.0885
      vertex 11.3711 77.8007 16.0527
    endloop
  endfacet
  facet normal -0.946945 0.321395 0
    outer loop
      vertex 11.4699 78.0918 16.0885
      vertex 11.3711 77.8007 20.0527
      vertex 11.4699 78.0918 20.0885
    endloop
  endfacet
  facet normal 0.751822 0.659366 0
    outer loop
      vertex 7.5383 77.0383 19.9591
      vertex 7.33562 77.2694 15.9875
      vertex 7.33562 77.2694 19.9875
    endloop
  endfacet
  facet normal 0.751822 0.659366 0
    outer loop
      vertex 7.33562 77.2694 15.9875
      vertex 7.5383 77.0383 19.9591
      vertex 7.5383 77.0383 15.9591
    endloop
  endfacet
  facet normal -0.980768 0.195178 0
    outer loop
      vertex 11.4699 78.0918 20.0885
      vertex 11.5299 78.3933 16.1255
      vertex 11.4699 78.0918 16.0885
    endloop
  endfacet
  facet normal -0.980768 0.195178 0
    outer loop
      vertex 11.5299 78.3933 16.1255
      vertex 11.4699 78.0918 20.0885
      vertex 11.5299 78.3933 20.1255
    endloop
  endfacet
  facet normal -0.0653876 0.99786 0
    outer loop
      vertex 9.50674 76.3701 15.8771
      vertex 9.2 76.35 19.8746
      vertex 9.50674 76.3701 19.8771
    endloop
  endfacet
  facet normal -0.0653876 0.99786 0
    outer loop
      vertex 9.2 76.35 19.8746
      vertex 9.50674 76.3701 15.8771
      vertex 9.2 76.35 15.8746
    endloop
  endfacet
  facet normal 0.946935 0.321424 0
    outer loop
      vertex 7.02888 77.8007 20.0527
      vertex 6.93007 78.0918 16.0885
      vertex 6.93007 78.0918 20.0885
    endloop
  endfacet
  facet normal 0.946935 0.321424 0
    outer loop
      vertex 6.93007 78.0918 16.0885
      vertex 7.02888 77.8007 20.0527
      vertex 7.02888 77.8007 16.0527
    endloop
  endfacet
  facet normal -0.831449 0.555601 0
    outer loop
      vertex 11.0644 77.2694 19.9875
      vertex 11.2352 77.525 16.0189
      vertex 11.0644 77.2694 15.9875
    endloop
  endfacet
  facet normal -0.831449 0.555601 0
    outer loop
      vertex 11.2352 77.525 16.0189
      vertex 11.0644 77.2694 19.9875
      vertex 11.2352 77.525 20.0189
    endloop
  endfacet
  facet normal -0.442131 -0.89695 0
    outer loop
      vertex 10.0993 80.8711 16.4297
      vertex 10.375 80.7352 20.413
      vertex 10.0993 80.8711 20.4297
    endloop
  endfacet
  facet normal -0.442131 -0.89695 -0
    outer loop
      vertex 10.375 80.7352 20.413
      vertex 10.0993 80.8711 16.4297
      vertex 10.375 80.7352 16.413
    endloop
  endfacet
  facet normal 0.442144 -0.896944 0
    outer loop
      vertex 8.025 80.7352 20.413
      vertex 8.30069 80.8711 16.4297
      vertex 8.30069 80.8711 20.4297
    endloop
  endfacet
  facet normal 0.442144 -0.896944 0
    outer loop
      vertex 8.30069 80.8711 16.4297
      vertex 8.025 80.7352 20.413
      vertex 8.025 80.7352 16.413
    endloop
  endfacet
  facet normal -0.442131 0.89695 0
    outer loop
      vertex 10.375 76.6648 15.9133
      vertex 10.0993 76.5289 19.8966
      vertex 10.375 76.6648 19.9133
    endloop
  endfacet
  facet normal -0.442131 0.89695 0
    outer loop
      vertex 10.0993 76.5289 19.8966
      vertex 10.375 76.6648 15.9133
      vertex 10.0993 76.5289 15.8966
    endloop
  endfacet
  facet normal -0.321415 0.946938 0
    outer loop
      vertex 10.0993 76.5289 15.8966
      vertex 9.80822 76.4301 19.8844
      vertex 10.0993 76.5289 19.8966
    endloop
  endfacet
  facet normal -0.321415 0.946938 0
    outer loop
      vertex 9.80822 76.4301 19.8844
      vertex 10.0993 76.5289 15.8966
      vertex 9.80822 76.4301 15.8844
    endloop
  endfacet
  facet normal 0.19519 0.980765 0
    outer loop
      vertex 8.89326 76.3701 19.8771
      vertex 8.59178 76.4301 15.8844
      vertex 8.59178 76.4301 19.8844
    endloop
  endfacet
  facet normal 0.19519 0.980765 0
    outer loop
      vertex 8.59178 76.4301 15.8844
      vertex 8.89326 76.3701 19.8771
      vertex 8.89326 76.3701 15.8771
    endloop
  endfacet
  facet normal 0.946935 -0.321424 0
    outer loop
      vertex 6.93007 79.3082 20.2378
      vertex 7.02888 79.5993 16.2736
      vertex 7.02888 79.5993 20.2736
    endloop
  endfacet
  facet normal 0.946935 -0.321424 0
    outer loop
      vertex 7.02888 79.5993 16.2736
      vertex 6.93007 79.3082 20.2378
      vertex 6.93007 79.3082 16.2378
    endloop
  endfacet
  facet normal 0.19519 -0.980765 0
    outer loop
      vertex 8.59178 80.9699 20.4419
      vertex 8.89326 81.0299 16.4492
      vertex 8.89326 81.0299 20.4492
    endloop
  endfacet
  facet normal 0.19519 -0.980765 0
    outer loop
      vertex 8.89326 81.0299 16.4492
      vertex 8.59178 80.9699 20.4419
      vertex 8.59178 80.9699 16.4419
    endloop
  endfacet
  facet normal 0.555616 -0.831439 0
    outer loop
      vertex 7.76941 80.5644 20.3921
      vertex 8.025 80.7352 16.413
      vertex 8.025 80.7352 20.413
    endloop
  endfacet
  facet normal 0.555616 -0.831439 0
    outer loop
      vertex 8.025 80.7352 16.413
      vertex 7.76941 80.5644 20.3921
      vertex 7.76941 80.5644 16.3921
    endloop
  endfacet
  facet normal -0.555601 0.831449 0
    outer loop
      vertex 10.6306 76.8356 15.9342
      vertex 10.375 76.6648 19.9133
      vertex 10.6306 76.8356 19.9342
    endloop
  endfacet
  facet normal -0.555601 0.831449 0
    outer loop
      vertex 10.375 76.6648 19.9133
      vertex 10.6306 76.8356 15.9342
      vertex 10.375 76.6648 15.9133
    endloop
  endfacet
  facet normal -0.19519 0.980765 0
    outer loop
      vertex 9.80822 76.4301 15.8844
      vertex 9.50674 76.3701 19.8771
      vertex 9.80822 76.4301 19.8844
    endloop
  endfacet
  facet normal -0.19519 0.980765 0
    outer loop
      vertex 9.50674 76.3701 19.8771
      vertex 9.80822 76.4301 15.8844
      vertex 9.50674 76.3701 15.8771
    endloop
  endfacet
  facet normal 0.896873 -0.442288 0
    outer loop
      vertex 7.02888 79.5993 20.2736
      vertex 7.16484 79.875 16.3074
      vertex 7.16484 79.875 20.3074
    endloop
  endfacet
  facet normal 0.896873 -0.442288 0
    outer loop
      vertex 7.16484 79.875 16.3074
      vertex 7.02888 79.5993 20.2736
      vertex 7.02888 79.5993 16.2736
    endloop
  endfacet
  facet normal -0.659402 -0.75179 0
    outer loop
      vertex 10.6306 80.5644 16.3921
      vertex 10.8617 80.3617 20.3672
      vertex 10.6306 80.5644 20.3921
    endloop
  endfacet
  facet normal -0.659402 -0.75179 -0
    outer loop
      vertex 10.8617 80.3617 20.3672
      vertex 10.6306 80.5644 16.3921
      vertex 10.8617 80.3617 16.3672
    endloop
  endfacet
  facet normal 0.831479 -0.555556 0
    outer loop
      vertex 7.16484 79.875 20.3074
      vertex 7.33562 80.1306 16.3388
      vertex 7.33562 80.1306 20.3388
    endloop
  endfacet
  facet normal 0.831479 -0.555556 0
    outer loop
      vertex 7.33562 80.1306 16.3388
      vertex 7.16484 79.875 20.3074
      vertex 7.16484 79.875 16.3074
    endloop
  endfacet
  facet normal 0.0653876 0.99786 0
    outer loop
      vertex 9.2 76.35 19.8746
      vertex 8.89326 76.3701 15.8771
      vertex 8.89326 76.3701 19.8771
    endloop
  endfacet
  facet normal 0.0653876 0.99786 0
    outer loop
      vertex 8.89326 76.3701 15.8771
      vertex 9.2 76.35 19.8746
      vertex 9.2 76.35 15.8746
    endloop
  endfacet
  facet normal 0.659386 -0.751804 0
    outer loop
      vertex 7.5383 80.3617 20.3672
      vertex 7.76941 80.5644 16.3921
      vertex 7.76941 80.5644 20.3921
    endloop
  endfacet
  facet normal 0.659386 -0.751804 0
    outer loop
      vertex 7.76941 80.5644 16.3921
      vertex 7.5383 80.3617 20.3672
      vertex 7.5383 80.3617 16.3672
    endloop
  endfacet
  facet normal 0.659386 0.751804 0
    outer loop
      vertex 7.76941 76.8356 19.9342
      vertex 7.5383 77.0383 15.9591
      vertex 7.5383 77.0383 19.9591
    endloop
  endfacet
  facet normal 0.659386 0.751804 0
    outer loop
      vertex 7.5383 77.0383 15.9591
      vertex 7.76941 76.8356 19.9342
      vertex 7.76941 76.8356 15.9342
    endloop
  endfacet
  facet normal 0.00246902 -0.121843 0.992546
    outer loop
      vertex 11.5299 79.0067 16.2008
      vertex 11.5299 78.3933 16.1255
      vertex 11.55 78.7 16.1631
    endloop
  endfacet
  facet normal -0.000192825 -0.121844 0.992549
    outer loop
      vertex 11.4699 79.3082 16.2378
      vertex 11.5299 78.3933 16.1255
      vertex 11.5299 79.0067 16.2008
    endloop
  endfacet
  facet normal 9.7237e-05 -0.121825 0.992552
    outer loop
      vertex 11.4699 79.3082 16.2378
      vertex 11.4699 78.0918 16.0885
      vertex 11.5299 78.3933 16.1255
    endloop
  endfacet
  facet normal 0.000709353 -0.121825 0.992551
    outer loop
      vertex 11.3711 79.5993 16.2736
      vertex 11.4699 78.0918 16.0885
      vertex 11.4699 79.3082 16.2378
    endloop
  endfacet
  facet normal -0.000479733 -0.121902 0.992542
    outer loop
      vertex 11.3711 79.5993 16.2736
      vertex 11.3711 77.8007 16.0527
      vertex 11.4699 78.0918 16.0885
    endloop
  endfacet
  facet normal -0.000444437 -0.121902 0.992542
    outer loop
      vertex 11.2352 79.875 16.3074
      vertex 11.3711 77.8007 16.0527
      vertex 11.3711 79.5993 16.2736
    endloop
  endfacet
  facet normal 0.000340158 -0.121851 0.992548
    outer loop
      vertex 11.2352 79.875 16.3074
      vertex 11.2352 77.525 16.0189
      vertex 11.3711 77.8007 16.0527
    endloop
  endfacet
  facet normal 0.000122158 -0.121851 0.992548
    outer loop
      vertex 11.0644 80.1306 16.3388
      vertex 11.2352 77.525 16.0189
      vertex 11.2352 79.875 16.3074
    endloop
  endfacet
  facet normal -0.000100333 -0.121866 0.992547
    outer loop
      vertex 11.0644 80.1306 16.3388
      vertex 11.0644 77.2694 15.9875
      vertex 11.2352 77.525 16.0189
    endloop
  endfacet
  facet normal 0.000124332 -0.121866 0.992547
    outer loop
      vertex 10.8617 80.3617 16.3672
      vertex 11.0644 77.2694 15.9875
      vertex 11.0644 80.1306 16.3388
    endloop
  endfacet
  facet normal -0.000107041 -0.12188 0.992545
    outer loop
      vertex 10.8617 80.3617 16.3672
      vertex 10.8617 77.0383 15.9591
      vertex 11.0644 77.2694 15.9875
    endloop
  endfacet
  facet normal 3.97903e-05 -0.12188 0.992545
    outer loop
      vertex 10.6306 80.5644 16.3921
      vertex 10.8617 77.0383 15.9591
      vertex 10.8617 80.3617 16.3672
    endloop
  endfacet
  facet normal -3.54642e-05 -0.121885 0.992544
    outer loop
      vertex 10.6306 80.5644 16.3921
      vertex 10.6306 76.8356 15.9342
      vertex 10.8617 77.0383 15.9591
    endloop
  endfacet
  facet normal -0.000288886 -0.121885 0.992544
    outer loop
      vertex 10.375 80.7352 16.413
      vertex 10.6306 76.8356 15.9342
      vertex 10.6306 80.5644 16.3921
    endloop
  endfacet
  facet normal 0.000264643 -0.12185 0.992549
    outer loop
      vertex 10.375 80.7352 16.413
      vertex 10.375 76.6648 15.9133
      vertex 10.6306 76.8356 15.9342
    endloop
  endfacet
  facet normal 5.87723e-05 -0.12185 0.992549
    outer loop
      vertex 10.0993 80.8711 16.4297
      vertex 10.375 76.6648 15.9133
      vertex 10.375 80.7352 16.413
    endloop
  endfacet
  facet normal -5.50934e-05 -0.121857 0.992548
    outer loop
      vertex 10.0993 80.8711 16.4297
      vertex 10.0993 76.5289 15.8966
      vertex 10.375 76.6648 15.9133
    endloop
  endfacet
  facet normal 0.000239167 -0.121857 0.992548
    outer loop
      vertex 9.80822 80.9699 16.4419
      vertex 10.0993 76.5289 15.8966
      vertex 10.0993 80.8711 16.4297
    endloop
  endfacet
  facet normal -0.000228757 -0.121887 0.992544
    outer loop
      vertex 9.80822 80.9699 16.4419
      vertex 9.80822 76.4301 15.8844
      vertex 10.0993 76.5289 15.8966
    endloop
  endfacet
  facet normal -0.000224419 -0.121887 0.992544
    outer loop
      vertex 9.50674 81.0299 16.4492
      vertex 9.80822 76.4301 15.8844
      vertex 9.80822 80.9699 16.4419
    endloop
  endfacet
  facet normal 0.00021864 -0.121859 0.992547
    outer loop
      vertex 9.50674 81.0299 16.4492
      vertex 9.50674 76.3701 15.8771
      vertex 9.80822 76.4301 15.8844
    endloop
  endfacet
  facet normal 0.000104362 -0.121859 0.992547
    outer loop
      vertex 9.2 81.05 16.4517
      vertex 9.50674 76.3701 15.8771
      vertex 9.50674 81.0299 16.4492
    endloop
  endfacet
  facet normal -0.00010347 -0.121872 0.992546
    outer loop
      vertex 9.2 81.05 16.4517
      vertex 9.2 76.35 15.8746
      vertex 9.50674 76.3701 15.8771
    endloop
  endfacet
  facet normal -0.00010347 -0.121872 0.992546
    outer loop
      vertex 8.89326 81.0299 16.4492
      vertex 9.2 76.35 15.8746
      vertex 9.2 81.05 16.4517
    endloop
  endfacet
  facet normal 0.000104362 -0.121859 0.992547
    outer loop
      vertex 8.89326 81.0299 16.4492
      vertex 8.89326 76.3701 15.8771
      vertex 9.2 76.35 15.8746
    endloop
  endfacet
  facet normal 0.00021864 -0.121859 0.992547
    outer loop
      vertex 8.59178 80.9699 16.4419
      vertex 8.89326 76.3701 15.8771
      vertex 8.89326 81.0299 16.4492
    endloop
  endfacet
  facet normal -0.000224419 -0.121887 0.992544
    outer loop
      vertex 8.59178 80.9699 16.4419
      vertex 8.59178 76.4301 15.8844
      vertex 8.89326 76.3701 15.8771
    endloop
  endfacet
  facet normal -0.000228749 -0.121887 0.992544
    outer loop
      vertex 8.30069 80.8711 16.4297
      vertex 8.59178 76.4301 15.8844
      vertex 8.59178 80.9699 16.4419
    endloop
  endfacet
  facet normal 0.000239159 -0.121857 0.992548
    outer loop
      vertex 8.30069 80.8711 16.4297
      vertex 8.30069 76.5289 15.8966
      vertex 8.59178 76.4301 15.8844
    endloop
  endfacet
  facet normal -5.50954e-05 -0.121857 0.992548
    outer loop
      vertex 8.025 80.7352 16.413
      vertex 8.30069 76.5289 15.8966
      vertex 8.30069 80.8711 16.4297
    endloop
  endfacet
  facet normal 5.87745e-05 -0.12185 0.992549
    outer loop
      vertex 8.025 80.7352 16.413
      vertex 8.025 76.6648 15.9133
      vertex 8.30069 76.5289 15.8966
    endloop
  endfacet
  facet normal 0.000264653 -0.12185 0.992549
    outer loop
      vertex 7.76941 80.5644 16.3921
      vertex 8.025 76.6648 15.9133
      vertex 8.025 80.7352 16.413
    endloop
  endfacet
  facet normal -0.000288897 -0.121885 0.992544
    outer loop
      vertex 7.76941 80.5644 16.3921
      vertex 7.76941 76.8356 15.9342
      vertex 8.025 76.6648 15.9133
    endloop
  endfacet
  facet normal -3.54627e-05 -0.121885 0.992544
    outer loop
      vertex 7.5383 80.3617 16.3672
      vertex 7.76941 76.8356 15.9342
      vertex 7.76941 80.5644 16.3921
    endloop
  endfacet
  facet normal 3.97886e-05 -0.12188 0.992545
    outer loop
      vertex 7.5383 80.3617 16.3672
      vertex 7.5383 77.0383 15.9591
      vertex 7.76941 76.8356 15.9342
    endloop
  endfacet
  facet normal -0.000107051 -0.12188 0.992545
    outer loop
      vertex 7.33562 80.1306 16.3388
      vertex 7.5383 77.0383 15.9591
      vertex 7.5383 80.3617 16.3672
    endloop
  endfacet
  facet normal 0.000124345 -0.121866 0.992547
    outer loop
      vertex 7.33562 80.1306 16.3388
      vertex 7.33562 77.2694 15.9875
      vertex 7.5383 77.0383 15.9591
    endloop
  endfacet
  facet normal -0.000100344 -0.121866 0.992547
    outer loop
      vertex 7.16484 79.875 16.3074
      vertex 7.33562 77.2694 15.9875
      vertex 7.33562 80.1306 16.3388
    endloop
  endfacet
  facet normal 0.000122173 -0.121851 0.992548
    outer loop
      vertex 7.16484 79.875 16.3074
      vertex 7.16484 77.525 16.0189
      vertex 7.33562 77.2694 15.9875
    endloop
  endfacet
  facet normal 0.000340007 -0.121851 0.992548
    outer loop
      vertex 7.02888 79.5993 16.2736
      vertex 7.16484 77.525 16.0189
      vertex 7.16484 79.875 16.3074
    endloop
  endfacet
  facet normal -0.000444241 -0.121902 0.992542
    outer loop
      vertex 7.02888 79.5993 16.2736
      vertex 7.02888 77.8007 16.0527
      vertex 7.16484 77.525 16.0189
    endloop
  endfacet
  facet normal -0.000479685 -0.121902 0.992542
    outer loop
      vertex 6.93007 79.3082 16.2378
      vertex 7.02888 77.8007 16.0527
      vertex 7.02888 79.5993 16.2736
    endloop
  endfacet
  facet normal 0.000709281 -0.121825 0.992551
    outer loop
      vertex 6.93007 79.3082 16.2378
      vertex 6.93007 78.0918 16.0885
      vertex 7.02888 77.8007 16.0527
    endloop
  endfacet
  facet normal 9.72856e-05 -0.121825 0.992552
    outer loop
      vertex 6.8701 79.0067 16.2008
      vertex 6.93007 78.0918 16.0885
      vertex 6.93007 79.3082 16.2378
    endloop
  endfacet
  facet normal -0.000192921 -0.121844 0.992549
    outer loop
      vertex 6.8701 79.0067 16.2008
      vertex 6.8701 78.3933 16.1255
      vertex 6.93007 78.0918 16.0885
    endloop
  endfacet
  facet normal -0.00246902 -0.121843 0.992546
    outer loop
      vertex 6.8701 78.3933 16.1255
      vertex 6.8701 79.0067 16.2008
      vertex 6.85 78.7 16.1631
    endloop
  endfacet
  facet normal 0.751822 -0.659366 0
    outer loop
      vertex 7.33562 80.1306 20.3388
      vertex 7.5383 80.3617 16.3672
      vertex 7.5383 80.3617 20.3672
    endloop
  endfacet
  facet normal 0.751822 -0.659366 0
    outer loop
      vertex 7.5383 80.3617 16.3672
      vertex 7.33562 80.1306 20.3388
      vertex 7.33562 80.1306 16.3388
    endloop
  endfacet
  facet normal -0.75179 0.659402 0
    outer loop
      vertex 10.8617 77.0383 19.9591
      vertex 11.0644 77.2694 15.9875
      vertex 10.8617 77.0383 15.9591
    endloop
  endfacet
  facet normal -0.75179 0.659402 0
    outer loop
      vertex 11.0644 77.2694 15.9875
      vertex 10.8617 77.0383 19.9591
      vertex 11.0644 77.2694 19.9875
    endloop
  endfacet
  facet normal -0.89695 0.442131 0
    outer loop
      vertex 11.2352 77.525 20.0189
      vertex 11.3711 77.8007 16.0527
      vertex 11.2352 77.525 16.0189
    endloop
  endfacet
  facet normal -0.89695 0.442131 0
    outer loop
      vertex 11.3711 77.8007 16.0527
      vertex 11.2352 77.525 20.0189
      vertex 11.3711 77.8007 20.0527
    endloop
  endfacet
  facet normal 0.980787 -0.195084 0
    outer loop
      vertex 6.8701 79.0067 20.2008
      vertex 6.93007 79.3082 16.2378
      vertex 6.93007 79.3082 20.2378
    endloop
  endfacet
  facet normal 0.980787 -0.195084 0
    outer loop
      vertex 6.93007 79.3082 16.2378
      vertex 6.8701 79.0067 20.2008
      vertex 6.8701 79.0067 16.2008
    endloop
  endfacet
  facet normal -0.0653876 -0.99786 0
    outer loop
      vertex 9.2 81.05 16.4517
      vertex 9.50674 81.0299 20.4492
      vertex 9.2 81.05 20.4517
    endloop
  endfacet
  facet normal -0.0653876 -0.99786 -0
    outer loop
      vertex 9.50674 81.0299 20.4492
      vertex 9.2 81.05 16.4517
      vertex 9.50674 81.0299 16.4492
    endloop
  endfacet
  facet normal -0.555601 -0.831449 0
    outer loop
      vertex 10.375 80.7352 16.413
      vertex 10.6306 80.5644 20.3921
      vertex 10.375 80.7352 20.413
    endloop
  endfacet
  facet normal -0.555601 -0.831449 -0
    outer loop
      vertex 10.6306 80.5644 20.3921
      vertex 10.375 80.7352 16.413
      vertex 10.6306 80.5644 16.3921
    endloop
  endfacet
  facet normal 0.321405 -0.946942 0
    outer loop
      vertex 8.30069 80.8711 20.4297
      vertex 8.59178 80.9699 16.4419
      vertex 8.59178 80.9699 20.4419
    endloop
  endfacet
  facet normal 0.321405 -0.946942 0
    outer loop
      vertex 8.59178 80.9699 16.4419
      vertex 8.30069 80.8711 20.4297
      vertex 8.30069 80.8711 16.4297
    endloop
  endfacet
  facet normal 0.0653876 -0.99786 0
    outer loop
      vertex 8.89326 81.0299 20.4492
      vertex 9.2 81.05 16.4517
      vertex 9.2 81.05 20.4517
    endloop
  endfacet
  facet normal 0.0653876 -0.99786 0
    outer loop
      vertex 9.2 81.05 16.4517
      vertex 8.89326 81.0299 20.4492
      vertex 8.89326 81.0299 16.4492
    endloop
  endfacet
  facet normal 0.997859 -0.0653961 0
    outer loop
      vertex 6.85 78.7 20.1631
      vertex 6.8701 79.0067 16.2008
      vertex 6.8701 79.0067 20.2008
    endloop
  endfacet
  facet normal 0.997859 -0.0653961 0
    outer loop
      vertex 6.8701 79.0067 16.2008
      vertex 6.85 78.7 20.1631
      vertex 6.85 78.7 16.1631
    endloop
  endfacet
  facet normal 0.896873 0.442288 0
    outer loop
      vertex 7.16484 77.525 20.0189
      vertex 7.02888 77.8007 16.0527
      vertex 7.02888 77.8007 20.0527
    endloop
  endfacet
  facet normal 0.896873 0.442288 0
    outer loop
      vertex 7.02888 77.8007 16.0527
      vertex 7.16484 77.525 20.0189
      vertex 7.16484 77.525 16.0189
    endloop
  endfacet
  facet normal 0.442144 0.896944 0
    outer loop
      vertex 8.30069 76.5289 19.8966
      vertex 8.025 76.6648 15.9133
      vertex 8.025 76.6648 19.9133
    endloop
  endfacet
  facet normal 0.442144 0.896944 0
    outer loop
      vertex 8.025 76.6648 15.9133
      vertex 8.30069 76.5289 19.8966
      vertex 8.30069 76.5289 15.8966
    endloop
  endfacet
  facet normal -0.659402 0.75179 0
    outer loop
      vertex 10.8617 77.0383 15.9591
      vertex 10.6306 76.8356 19.9342
      vertex 10.8617 77.0383 19.9591
    endloop
  endfacet
  facet normal -0.659402 0.75179 0
    outer loop
      vertex 10.6306 76.8356 19.9342
      vertex 10.8617 77.0383 15.9591
      vertex 10.6306 76.8356 15.9342
    endloop
  endfacet
  facet normal 0.831479 0.555556 0
    outer loop
      vertex 7.33562 77.2694 19.9875
      vertex 7.16484 77.525 16.0189
      vertex 7.16484 77.525 20.0189
    endloop
  endfacet
  facet normal 0.831479 0.555556 0
    outer loop
      vertex 7.16484 77.525 16.0189
      vertex 7.33562 77.2694 19.9875
      vertex 7.33562 77.2694 15.9875
    endloop
  endfacet
  facet normal 0.980796 0.195038 0
    outer loop
      vertex 55.1615 51.7874 16.8587
      vertex 55.0467 52.3647 9.42957
      vertex 55.0467 52.3647 16.9296
    endloop
  endfacet
  facet normal 0.980796 0.195038 0
    outer loop
      vertex 55.0467 52.3647 9.42957
      vertex 55.1615 51.7874 16.8587
      vertex 55.1615 51.7874 9.35869
    endloop
  endfacet
  facet normal 0.997859 0.0654027 0
    outer loop
      vertex 55.2 51.2 16.7866
      vertex 55.1615 51.7874 9.35869
      vertex 55.1615 51.7874 16.8587
    endloop
  endfacet
  facet normal 0.997859 0.0654027 0
    outer loop
      vertex 55.1615 51.7874 9.35869
      vertex 55.2 51.2 16.7866
      vertex 55.2 51.2 9.28657
    endloop
  endfacet
  facet normal 0.980796 -0.195038 0
    outer loop
      vertex 55.0467 50.0353 16.6436
      vertex 55.1615 50.6126 9.21445
      vertex 55.1615 50.6126 16.7145
    endloop
  endfacet
  facet normal 0.980796 -0.195038 0
    outer loop
      vertex 55.1615 50.6126 9.21445
      vertex 55.0467 50.0353 16.6436
      vertex 55.0467 50.0353 9.14356
    endloop
  endfacet
  facet normal 0 -0.12183 0.992551
    outer loop
      vertex 53.05 51.2 16.7866
      vertex 55.2 51.2 16.7866
      vertex 55.1615 51.7874 16.8587
    endloop
  endfacet
  facet normal -1.19627e-05 -0.1219 0.992542
    outer loop
      vertex 53.0299 51.5067 16.8242
      vertex 55.1615 51.7874 16.8587
      vertex 55.0467 52.3647 16.9296
    endloop
  endfacet
  facet normal 0 -0.12183 0.992551
    outer loop
      vertex 55.2 51.2 16.7866
      vertex 53.05 51.2 16.7866
      vertex 55.1615 50.6126 16.7145
    endloop
  endfacet
  facet normal -4.8382e-05 -0.121815 0.992553
    outer loop
      vertex 52.9699 51.8082 16.8612
      vertex 55.0467 52.3647 16.9296
      vertex 54.8575 52.9221 16.998
    endloop
  endfacet
  facet normal -4.80307e-05 -0.122 0.99253
    outer loop
      vertex 53.0299 50.8933 16.7489
      vertex 55.1615 50.6126 16.7145
      vertex 53.05 51.2 16.7866
    endloop
  endfacet
  facet normal -3.61534e-07 -0.121836 0.99255
    outer loop
      vertex 52.8711 52.0993 16.897
      vertex 54.8575 52.9221 16.998
      vertex 54.5971 53.45 17.0628
    endloop
  endfacet
  facet normal -3.34124e-05 -0.121891 0.992544
    outer loop
      vertex 55.1615 50.6126 16.7145
      vertex 53.0299 50.8933 16.7489
      vertex 55.0467 50.0353 16.6436
    endloop
  endfacet
  facet normal 5.26637e-06 -0.121884 0.992544
    outer loop
      vertex 52.7352 52.375 16.9308
      vertex 54.5971 53.45 17.0628
      vertex 54.2701 53.9394 17.1229
    endloop
  endfacet
  facet normal 2.93457e-06 -0.121807 0.992554
    outer loop
      vertex 52.9699 50.5918 16.7119
      vertex 55.0467 50.0353 16.6436
      vertex 53.0299 50.8933 16.7489
    endloop
  endfacet
  facet normal 5.7294e-05 -0.121943 0.992537
    outer loop
      vertex 52.5644 52.6306 16.9622
      vertex 54.2701 53.9394 17.1229
      vertex 53.882 54.382 17.1773
    endloop
  endfacet
  facet normal -3.91623e-05 -0.121961 0.992535
    outer loop
      vertex 55.0467 50.0353 16.6436
      vertex 52.9699 50.5918 16.7119
      vertex 54.8575 49.4779 16.5751
    endloop
  endfacet
  facet normal -7.22971e-05 -0.121818 0.992552
    outer loop
      vertex 52.3617 52.8617 16.9906
      vertex 53.882 54.382 17.1773
      vertex 53.4394 54.7701 17.2249
    endloop
  endfacet
  facet normal -8.29797e-05 -0.122034 0.992526
    outer loop
      vertex 52.8711 50.3007 16.6761
      vertex 54.8575 49.4779 16.5751
      vertex 52.9699 50.5918 16.7119
    endloop
  endfacet
  facet normal 3.61534e-07 -0.121836 0.99255
    outer loop
      vertex 54.8575 49.4779 16.5751
      vertex 52.8711 50.3007 16.6761
      vertex 54.5971 48.95 16.5103
    endloop
  endfacet
  facet normal -4.03859e-05 -0.121687 0.992569
    outer loop
      vertex 55.1615 51.7874 16.8587
      vertex 53.0299 51.5067 16.8242
      vertex 53.05 51.2 16.7866
    endloop
  endfacet
  facet normal -4.83074e-05 -0.121815 0.992553
    outer loop
      vertex 55.0467 52.3647 16.9296
      vertex 52.9699 51.8082 16.8612
      vertex 53.0299 51.5067 16.8242
    endloop
  endfacet
  facet normal 7.49389e-05 -0.121907 0.992542
    outer loop
      vertex 52.1306 53.0644 17.0155
      vertex 53.4394 54.7701 17.2249
      vertex 52.95 55.0971 17.2651
    endloop
  endfacet
  facet normal 8.29797e-05 -0.122034 0.992526
    outer loop
      vertex 54.8575 52.9221 16.998
      vertex 52.8711 52.0993 16.897
      vertex 52.9699 51.8082 16.8612
    endloop
  endfacet
  facet normal -8.63991e-05 -0.121728 0.992564
    outer loop
      vertex 54.5971 53.45 17.0628
      vertex 52.7352 52.375 16.9308
      vertex 52.8711 52.0993 16.897
    endloop
  endfacet
  facet normal 3.22058e-05 -0.12191 0.992541
    outer loop
      vertex 54.2701 53.9394 17.1229
      vertex 52.5644 52.6306 16.9622
      vertex 52.7352 52.375 16.9308
    endloop
  endfacet
  facet normal -0.000104401 -0.121803 0.992554
    outer loop
      vertex 51.875 53.2352 17.0365
      vertex 52.95 55.0971 17.2651
      vertex 52.4221 55.3575 17.297
    endloop
  endfacet
  facet normal 4.53749e-05 -0.121934 0.992538
    outer loop
      vertex 53.882 54.382 17.1773
      vertex 52.3617 52.8617 16.9906
      vertex 52.5644 52.6306 16.9622
    endloop
  endfacet
  facet normal 3.99588e-05 -0.12188 0.992545
    outer loop
      vertex 53.4394 54.7701 17.2249
      vertex 52.1306 53.0644 17.0155
      vertex 52.3617 52.8617 16.9906
    endloop
  endfacet
  facet normal 8.28031e-05 -0.12191 0.992541
    outer loop
      vertex 52.95 55.0971 17.2651
      vertex 51.875 53.2352 17.0365
      vertex 52.1306 53.0644 17.0155
    endloop
  endfacet
  facet normal 0.000107861 -0.121914 0.992541
    outer loop
      vertex 51.5993 53.3711 17.0531
      vertex 52.4221 55.3575 17.297
      vertex 51.8647 55.5467 17.3203
    endloop
  endfacet
  facet normal -0.000258529 -0.121764 0.992559
    outer loop
      vertex 52.4221 55.3575 17.297
      vertex 51.5993 53.3711 17.0531
      vertex 51.875 53.2352 17.0365
    endloop
  endfacet
  facet normal 0.00021514 -0.121927 0.992539
    outer loop
      vertex 51.8647 55.5467 17.3203
      vertex 51.3082 53.4699 17.0653
      vertex 51.5993 53.3711 17.0531
    endloop
  endfacet
  facet normal 6.97945e-06 -0.121872 0.992546
    outer loop
      vertex 51.2874 55.6615 17.3344
      vertex 51.3082 53.4699 17.0653
      vertex 51.8647 55.5467 17.3203
    endloop
  endfacet
  facet normal -0.00022171 -0.121874 0.992546
    outer loop
      vertex 51.2874 55.6615 17.3344
      vertex 51.0067 53.5299 17.0726
      vertex 51.3082 53.4699 17.0653
    endloop
  endfacet
  facet normal -4.77681e-05 -0.121896 0.992543
    outer loop
      vertex 50.7 55.7 17.3391
      vertex 51.0067 53.5299 17.0726
      vertex 51.2874 55.6615 17.3344
    endloop
  endfacet
  facet normal 0.000103258 -0.121875 0.992545
    outer loop
      vertex 50.7 55.7 17.3391
      vertex 50.7 53.55 17.0751
      vertex 51.0067 53.5299 17.0726
    endloop
  endfacet
  facet normal -0.000103258 -0.121875 0.992545
    outer loop
      vertex 50.7 55.7 17.3391
      vertex 50.3933 53.5299 17.0726
      vertex 50.7 53.55 17.0751
    endloop
  endfacet
  facet normal 4.77681e-05 -0.121896 0.992543
    outer loop
      vertex 50.1126 55.6615 17.3344
      vertex 50.3933 53.5299 17.0726
      vertex 50.7 55.7 17.3391
    endloop
  endfacet
  facet normal 0.00022171 -0.121874 0.992546
    outer loop
      vertex 50.1126 55.6615 17.3344
      vertex 50.0918 53.4699 17.0653
      vertex 50.3933 53.5299 17.0726
    endloop
  endfacet
  facet normal -6.97945e-06 -0.121872 0.992546
    outer loop
      vertex 49.5353 55.5467 17.3203
      vertex 50.0918 53.4699 17.0653
      vertex 50.1126 55.6615 17.3344
    endloop
  endfacet
  facet normal -0.00021514 -0.121927 0.992539
    outer loop
      vertex 50.0918 53.4699 17.0653
      vertex 49.5353 55.5467 17.3203
      vertex 49.8007 53.3711 17.0531
    endloop
  endfacet
  facet normal -0.000107861 -0.121914 0.992541
    outer loop
      vertex 48.9779 55.3575 17.297
      vertex 49.8007 53.3711 17.0531
      vertex 49.5353 55.5467 17.3203
    endloop
  endfacet
  facet normal 0.000258529 -0.121764 0.992559
    outer loop
      vertex 49.8007 53.3711 17.0531
      vertex 48.9779 55.3575 17.297
      vertex 49.525 53.2352 17.0365
    endloop
  endfacet
  facet normal 0.000104401 -0.121803 0.992554
    outer loop
      vertex 48.45 55.0971 17.2651
      vertex 49.525 53.2352 17.0365
      vertex 48.9779 55.3575 17.297
    endloop
  endfacet
  facet normal -8.28031e-05 -0.12191 0.992541
    outer loop
      vertex 49.525 53.2352 17.0365
      vertex 48.45 55.0971 17.2651
      vertex 49.2694 53.0644 17.0155
    endloop
  endfacet
  facet normal -7.49389e-05 -0.121907 0.992542
    outer loop
      vertex 47.9606 54.7701 17.2249
      vertex 49.2694 53.0644 17.0155
      vertex 48.45 55.0971 17.2651
    endloop
  endfacet
  facet normal -3.99588e-05 -0.12188 0.992545
    outer loop
      vertex 49.2694 53.0644 17.0155
      vertex 47.9606 54.7701 17.2249
      vertex 49.0383 52.8617 16.9906
    endloop
  endfacet
  facet normal 7.22971e-05 -0.121818 0.992552
    outer loop
      vertex 47.518 54.382 17.1773
      vertex 49.0383 52.8617 16.9906
      vertex 47.9606 54.7701 17.2249
    endloop
  endfacet
  facet normal -4.53749e-05 -0.121934 0.992538
    outer loop
      vertex 49.0383 52.8617 16.9906
      vertex 47.518 54.382 17.1773
      vertex 48.8356 52.6306 16.9622
    endloop
  endfacet
  facet normal -5.7294e-05 -0.121943 0.992537
    outer loop
      vertex 47.1299 53.9394 17.1229
      vertex 48.8356 52.6306 16.9622
      vertex 47.518 54.382 17.1773
    endloop
  endfacet
  facet normal -3.22058e-05 -0.12191 0.992541
    outer loop
      vertex 48.8356 52.6306 16.9622
      vertex 47.1299 53.9394 17.1229
      vertex 48.6648 52.375 16.9308
    endloop
  endfacet
  facet normal -5.26637e-06 -0.121884 0.992544
    outer loop
      vertex 46.8029 53.45 17.0628
      vertex 48.6648 52.375 16.9308
      vertex 47.1299 53.9394 17.1229
    endloop
  endfacet
  facet normal 8.63991e-05 -0.121728 0.992564
    outer loop
      vertex 48.6648 52.375 16.9308
      vertex 46.8029 53.45 17.0628
      vertex 48.5289 52.0993 16.897
    endloop
  endfacet
  facet normal 8.63991e-05 -0.121728 0.992564
    outer loop
      vertex 52.7352 50.025 16.6423
      vertex 54.5971 48.95 16.5103
      vertex 52.8711 50.3007 16.6761
    endloop
  endfacet
  facet normal -5.26637e-06 -0.121884 0.992544
    outer loop
      vertex 54.5971 48.95 16.5103
      vertex 52.7352 50.025 16.6423
      vertex 54.2701 48.4606 16.4502
    endloop
  endfacet
  facet normal -3.22058e-05 -0.12191 0.992541
    outer loop
      vertex 52.5644 49.7694 16.6109
      vertex 54.2701 48.4606 16.4502
      vertex 52.7352 50.025 16.6423
    endloop
  endfacet
  facet normal 4.55688e-05 -0.121811 0.992553
    outer loop
      vertex 54.2701 48.4606 16.4502
      vertex 52.5644 49.7694 16.6109
      vertex 53.882 48.018 16.3959
    endloop
  endfacet
  facet normal -8.01551e-05 -0.121904 0.992542
    outer loop
      vertex 52.3617 49.5383 16.5825
      vertex 53.882 48.018 16.3959
      vertex 52.5644 49.7694 16.6109
    endloop
  endfacet
  facet normal -7.76877e-05 -0.121901 0.992542
    outer loop
      vertex 53.882 48.018 16.3959
      vertex 52.3617 49.5383 16.5825
      vertex 53.4394 47.6299 16.3482
    endloop
  endfacet
  facet normal 0.000247268 -0.12172 0.992564
    outer loop
      vertex 52.1306 49.3356 16.5577
      vertex 53.4394 47.6299 16.3482
      vertex 52.3617 49.5383 16.5825
    endloop
  endfacet
  facet normal 8.48355e-05 -0.121843 0.992549
    outer loop
      vertex 53.4394 47.6299 16.3482
      vertex 52.1306 49.3356 16.5577
      vertex 52.95 47.3029 16.3081
    endloop
  endfacet
  facet normal -8.28031e-05 -0.12191 0.992541
    outer loop
      vertex 51.875 49.1648 16.5367
      vertex 52.95 47.3029 16.3081
      vertex 52.1306 49.3356 16.5577
    endloop
  endfacet
  facet normal -4.19394e-05 -0.121887 0.992544
    outer loop
      vertex 52.95 47.3029 16.3081
      vertex 51.875 49.1648 16.5367
      vertex 52.4221 47.0425 16.2761
    endloop
  endfacet
  facet normal -4.04411e-05 -0.121886 0.992544
    outer loop
      vertex 51.5993 49.0289 16.52
      vertex 52.4221 47.0425 16.2761
      vertex 51.875 49.1648 16.5367
    endloop
  endfacet
  facet normal 4.82562e-05 -0.12185 0.992549
    outer loop
      vertex 52.4221 47.0425 16.2761
      vertex 51.5993 49.0289 16.52
      vertex 51.8647 46.8533 16.2529
    endloop
  endfacet
  facet normal 9.73981e-05 -0.121844 0.992549
    outer loop
      vertex 51.3082 48.9301 16.5079
      vertex 51.8647 46.8533 16.2529
      vertex 51.5993 49.0289 16.52
    endloop
  endfacet
  facet normal -6.97945e-06 -0.121872 0.992546
    outer loop
      vertex 51.3082 48.9301 16.5079
      vertex 51.2874 46.7385 16.2388
      vertex 51.8647 46.8533 16.2529
    endloop
  endfacet
  facet normal -0.000108116 -0.121871 0.992546
    outer loop
      vertex 51.0067 48.8701 16.5005
      vertex 51.2874 46.7385 16.2388
      vertex 51.3082 48.9301 16.5079
    endloop
  endfacet
  facet normal -0.000103604 -0.12187 0.992546
    outer loop
      vertex 50.7 48.85 16.498
      vertex 51.2874 46.7385 16.2388
      vertex 51.0067 48.8701 16.5005
    endloop
  endfacet
  facet normal -0.000122603 -0.121875 0.992545
    outer loop
      vertex 50.7 48.85 16.498
      vertex 50.7 46.7 16.234
      vertex 51.2874 46.7385 16.2388
    endloop
  endfacet
  facet normal 0.000103258 -0.121875 0.992545
    outer loop
      vertex 50.3933 48.8701 16.5005
      vertex 50.7 46.7 16.234
      vertex 50.7 48.85 16.498
    endloop
  endfacet
  facet normal 0.000122784 -0.121873 0.992546
    outer loop
      vertex 50.3933 48.8701 16.5005
      vertex 50.1126 46.7385 16.2388
      vertex 50.7 46.7 16.234
    endloop
  endfacet
  facet normal 0.000108116 -0.121871 0.992546
    outer loop
      vertex 50.0918 48.9301 16.5079
      vertex 50.1126 46.7385 16.2388
      vertex 50.3933 48.8701 16.5005
    endloop
  endfacet
  facet normal -9.73981e-05 -0.121844 0.992549
    outer loop
      vertex 49.5353 46.8533 16.2529
      vertex 50.0918 48.9301 16.5079
      vertex 49.8007 49.0289 16.52
    endloop
  endfacet
  facet normal 6.97945e-06 -0.121872 0.992546
    outer loop
      vertex 50.0918 48.9301 16.5079
      vertex 49.5353 46.8533 16.2529
      vertex 50.1126 46.7385 16.2388
    endloop
  endfacet
  facet normal 4.04411e-05 -0.121886 0.992544
    outer loop
      vertex 48.9779 47.0425 16.2761
      vertex 49.8007 49.0289 16.52
      vertex 49.525 49.1648 16.5367
    endloop
  endfacet
  facet normal 8.28031e-05 -0.12191 0.992541
    outer loop
      vertex 48.45 47.3029 16.3081
      vertex 49.525 49.1648 16.5367
      vertex 49.2694 49.3356 16.5577
    endloop
  endfacet
  facet normal -0.000247268 -0.12172 0.992564
    outer loop
      vertex 47.9606 47.6299 16.3482
      vertex 49.2694 49.3356 16.5577
      vertex 49.0383 49.5383 16.5825
    endloop
  endfacet
  facet normal -4.82562e-05 -0.12185 0.992549
    outer loop
      vertex 49.8007 49.0289 16.52
      vertex 48.9779 47.0425 16.2761
      vertex 49.5353 46.8533 16.2529
    endloop
  endfacet
  facet normal 8.01551e-05 -0.121904 0.992542
    outer loop
      vertex 47.518 48.018 16.3959
      vertex 49.0383 49.5383 16.5825
      vertex 48.8356 49.7694 16.6109
    endloop
  endfacet
  facet normal 3.22058e-05 -0.12191 0.992541
    outer loop
      vertex 47.1299 48.4606 16.4502
      vertex 48.8356 49.7694 16.6109
      vertex 48.6648 50.025 16.6423
    endloop
  endfacet
  facet normal -8.63991e-05 -0.121728 0.992564
    outer loop
      vertex 46.8029 48.95 16.5103
      vertex 48.6648 50.025 16.6423
      vertex 48.5289 50.3007 16.6761
    endloop
  endfacet
  facet normal 4.19394e-05 -0.121887 0.992544
    outer loop
      vertex 49.525 49.1648 16.5367
      vertex 48.45 47.3029 16.3081
      vertex 48.9779 47.0425 16.2761
    endloop
  endfacet
  facet normal 8.29797e-05 -0.122034 0.992526
    outer loop
      vertex 46.5425 49.4779 16.5751
      vertex 48.5289 50.3007 16.6761
      vertex 48.4301 50.5918 16.7119
    endloop
  endfacet
  facet normal -2.93457e-06 -0.121807 0.992554
    outer loop
      vertex 46.3533 50.0353 16.6436
      vertex 48.4301 50.5918 16.7119
      vertex 48.3701 50.8933 16.7489
    endloop
  endfacet
  facet normal 4.80307e-05 -0.122 0.99253
    outer loop
      vertex 46.2385 50.6126 16.7145
      vertex 48.3701 50.8933 16.7489
      vertex 48.35 51.2 16.7866
    endloop
  endfacet
  facet normal 3.61534e-07 -0.121836 0.99255
    outer loop
      vertex 46.5425 52.9221 16.998
      vertex 48.5289 52.0993 16.897
      vertex 46.8029 53.45 17.0628
    endloop
  endfacet
  facet normal -8.48355e-05 -0.121843 0.992549
    outer loop
      vertex 49.2694 49.3356 16.5577
      vertex 47.9606 47.6299 16.3482
      vertex 48.45 47.3029 16.3081
    endloop
  endfacet
  facet normal -8.29797e-05 -0.122034 0.992526
    outer loop
      vertex 48.5289 52.0993 16.897
      vertex 46.5425 52.9221 16.998
      vertex 48.4301 51.8082 16.8612
    endloop
  endfacet
  facet normal 7.76877e-05 -0.121901 0.992542
    outer loop
      vertex 49.0383 49.5383 16.5825
      vertex 47.518 48.018 16.3959
      vertex 47.9606 47.6299 16.3482
    endloop
  endfacet
  facet normal 4.8382e-05 -0.121815 0.992553
    outer loop
      vertex 46.3533 52.3647 16.9296
      vertex 48.4301 51.8082 16.8612
      vertex 46.5425 52.9221 16.998
    endloop
  endfacet
  facet normal -4.55688e-05 -0.121811 0.992553
    outer loop
      vertex 48.8356 49.7694 16.6109
      vertex 47.1299 48.4606 16.4502
      vertex 47.518 48.018 16.3959
    endloop
  endfacet
  facet normal 4.83074e-05 -0.121815 0.992553
    outer loop
      vertex 48.4301 51.8082 16.8612
      vertex 46.3533 52.3647 16.9296
      vertex 48.3701 51.5067 16.8242
    endloop
  endfacet
  facet normal 5.26637e-06 -0.121884 0.992544
    outer loop
      vertex 48.6648 50.025 16.6423
      vertex 46.8029 48.95 16.5103
      vertex 47.1299 48.4606 16.4502
    endloop
  endfacet
  facet normal 1.19627e-05 -0.1219 0.992542
    outer loop
      vertex 46.2385 51.7874 16.8587
      vertex 48.3701 51.5067 16.8242
      vertex 46.3533 52.3647 16.9296
    endloop
  endfacet
  facet normal -3.61534e-07 -0.121836 0.99255
    outer loop
      vertex 48.5289 50.3007 16.6761
      vertex 46.5425 49.4779 16.5751
      vertex 46.8029 48.95 16.5103
    endloop
  endfacet
  facet normal 4.03859e-05 -0.121687 0.992569
    outer loop
      vertex 48.3701 51.5067 16.8242
      vertex 46.2385 51.7874 16.8587
      vertex 48.35 51.2 16.7866
    endloop
  endfacet
  facet normal 3.91623e-05 -0.121961 0.992535
    outer loop
      vertex 48.4301 50.5918 16.7119
      vertex 46.3533 50.0353 16.6436
      vertex 46.5425 49.4779 16.5751
    endloop
  endfacet
  facet normal 0 -0.12183 0.992551
    outer loop
      vertex 46.2 51.2 16.7866
      vertex 48.35 51.2 16.7866
      vertex 46.2385 51.7874 16.8587
    endloop
  endfacet
  facet normal 3.34124e-05 -0.121891 0.992544
    outer loop
      vertex 48.3701 50.8933 16.7489
      vertex 46.2385 50.6126 16.7145
      vertex 46.3533 50.0353 16.6436
    endloop
  endfacet
  facet normal 0 -0.12183 0.992551
    outer loop
      vertex 48.35 51.2 16.7866
      vertex 46.2 51.2 16.7866
      vertex 46.2385 50.6126 16.7145
    endloop
  endfacet
  facet normal 0.831475 0.555562 0
    outer loop
      vertex 54.5971 53.45 17.0628
      vertex 54.2701 53.9394 9.62293
      vertex 54.2701 53.9394 17.1229
    endloop
  endfacet
  facet normal 0.831475 0.555562 0
    outer loop
      vertex 54.2701 53.9394 9.62293
      vertex 54.5971 53.45 17.0628
      vertex 54.5971 53.45 9.56283
    endloop
  endfacet
  facet normal 0.555562 0.831475 0
    outer loop
      vertex 53.4394 54.7701 17.2249
      vertex 52.95 55.0971 9.76507
      vertex 52.95 55.0971 17.2651
    endloop
  endfacet
  facet normal 0.555562 0.831475 0
    outer loop
      vertex 52.95 55.0971 9.76507
      vertex 53.4394 54.7701 17.2249
      vertex 53.4394 54.7701 9.72492
    endloop
  endfacet
  facet normal 0.896827 -0.442382 0
    outer loop
      vertex 54.5971 48.95 16.5103
      vertex 54.8575 49.4779 9.07513
      vertex 54.8575 49.4779 16.5751
    endloop
  endfacet
  facet normal 0.896827 -0.442382 0
    outer loop
      vertex 54.8575 49.4779 9.07513
      vertex 54.5971 48.95 16.5103
      vertex 54.5971 48.95 9.0103
    endloop
  endfacet
  facet normal 0.997859 -0.0654027 0
    outer loop
      vertex 55.1615 50.6126 16.7145
      vertex 55.2 51.2 9.28657
      vertex 55.2 51.2 16.7866
    endloop
  endfacet
  facet normal 0.997859 -0.0654027 0
    outer loop
      vertex 55.2 51.2 9.28657
      vertex 55.1615 50.6126 16.7145
      vertex 55.1615 50.6126 9.21445
    endloop
  endfacet
  facet normal 0.321421 0.946936 0
    outer loop
      vertex 52.4221 55.3575 17.297
      vertex 51.8647 55.5467 9.82027
      vertex 51.8647 55.5467 17.3203
    endloop
  endfacet
  facet normal 0.321421 0.946936 0
    outer loop
      vertex 51.8647 55.5467 9.82027
      vertex 52.4221 55.3575 17.297
      vertex 52.4221 55.3575 9.79704
    endloop
  endfacet
  facet normal -0.896827 0.442382 0
    outer loop
      vertex 46.5425 52.9221 16.998
      vertex 46.8029 53.45 9.56283
      vertex 46.5425 52.9221 9.49801
    endloop
  endfacet
  facet normal -0.896827 0.442382 0
    outer loop
      vertex 46.8029 53.45 9.56283
      vertex 46.5425 52.9221 16.998
      vertex 46.8029 53.45 17.0628
    endloop
  endfacet
  facet normal -0.659298 0.751882 0
    outer loop
      vertex 47.9606 54.7701 9.72492
      vertex 47.518 54.382 17.1773
      vertex 47.9606 54.7701 17.2249
    endloop
  endfacet
  facet normal -0.659298 0.751882 0
    outer loop
      vertex 47.518 54.382 17.1773
      vertex 47.9606 54.7701 9.72492
      vertex 47.518 54.382 9.67727
    endloop
  endfacet
  facet normal 0.321421 -0.946936 0
    outer loop
      vertex 51.8647 46.8533 16.2529
      vertex 52.4221 47.0425 8.7761
      vertex 52.4221 47.0425 16.2761
    endloop
  endfacet
  facet normal 0.321421 -0.946936 0
    outer loop
      vertex 52.4221 47.0425 8.7761
      vertex 51.8647 46.8533 16.2529
      vertex 51.8647 46.8533 8.75287
    endloop
  endfacet
  facet normal -0.997859 -0.0654027 -0
    outer loop
      vertex 46.2385 50.6126 16.7145
      vertex 46.2 51.2 9.28657
      vertex 46.2385 50.6126 9.21445
    endloop
  endfacet
  facet normal -0.997859 -0.0654027 0
    outer loop
      vertex 46.2 51.2 9.28657
      vertex 46.2385 50.6126 16.7145
      vertex 46.2 51.2 16.7866
    endloop
  endfacet
  facet normal -0.659298 -0.751882 0
    outer loop
      vertex 47.518 48.018 8.89587
      vertex 47.9606 47.6299 16.3482
      vertex 47.518 48.018 16.3959
    endloop
  endfacet
  facet normal -0.659298 -0.751882 -0
    outer loop
      vertex 47.9606 47.6299 16.3482
      vertex 47.518 48.018 8.89587
      vertex 47.9606 47.6299 8.84822
    endloop
  endfacet
  facet normal -0.321421 0.946936 0
    outer loop
      vertex 49.5353 55.5467 9.82027
      vertex 48.9779 55.3575 17.297
      vertex 49.5353 55.5467 17.3203
    endloop
  endfacet
  facet normal -0.321421 0.946936 0
    outer loop
      vertex 48.9779 55.3575 17.297
      vertex 49.5353 55.5467 9.82027
      vertex 48.9779 55.3575 9.79704
    endloop
  endfacet
  facet normal -0.831475 -0.555562 -0
    outer loop
      vertex 47.1299 48.4606 16.4502
      vertex 46.8029 48.95 9.0103
      vertex 47.1299 48.4606 8.95021
    endloop
  endfacet
  facet normal -0.831475 -0.555562 0
    outer loop
      vertex 46.8029 48.95 9.0103
      vertex 47.1299 48.4606 16.4502
      vertex 46.8029 48.95 16.5103
    endloop
  endfacet
  facet normal -0.555562 0.831475 0
    outer loop
      vertex 48.45 55.0971 9.76507
      vertex 47.9606 54.7701 17.2249
      vertex 48.45 55.0971 17.2651
    endloop
  endfacet
  facet normal -0.555562 0.831475 0
    outer loop
      vertex 47.9606 54.7701 17.2249
      vertex 48.45 55.0971 9.76507
      vertex 47.9606 54.7701 9.72492
    endloop
  endfacet
  facet normal -0.997859 0.0654027 0
    outer loop
      vertex 46.2 51.2 16.7866
      vertex 46.2385 51.7874 9.35869
      vertex 46.2 51.2 9.28657
    endloop
  endfacet
  facet normal -0.997859 0.0654027 0
    outer loop
      vertex 46.2385 51.7874 9.35869
      vertex 46.2 51.2 16.7866
      vertex 46.2385 51.7874 16.8587
    endloop
  endfacet
  facet normal 0.195038 0.980796 0
    outer loop
      vertex 51.8647 55.5467 17.3203
      vertex 51.2874 55.6615 9.83437
      vertex 51.2874 55.6615 17.3344
    endloop
  endfacet
  facet normal 0.195038 0.980796 0
    outer loop
      vertex 51.2874 55.6615 9.83437
      vertex 51.8647 55.5467 17.3203
      vertex 51.8647 55.5467 9.82027
    endloop
  endfacet
  facet normal -0.442382 0.896827 0
    outer loop
      vertex 48.9779 55.3575 9.79704
      vertex 48.45 55.0971 17.2651
      vertex 48.9779 55.3575 17.297
    endloop
  endfacet
  facet normal -0.442382 0.896827 0
    outer loop
      vertex 48.45 55.0971 17.2651
      vertex 48.9779 55.3575 9.79704
      vertex 48.45 55.0971 9.76507
    endloop
  endfacet
  facet normal 0.0654027 -0.997859 0
    outer loop
      vertex 50.7 46.7 16.234
      vertex 51.2874 46.7385 8.73877
      vertex 51.2874 46.7385 16.2388
    endloop
  endfacet
  facet normal 0.0654027 -0.997859 0
    outer loop
      vertex 51.2874 46.7385 8.73877
      vertex 50.7 46.7 16.234
      vertex 50.7 46.7 8.73404
    endloop
  endfacet
  facet normal 0.659298 -0.751882 0
    outer loop
      vertex 53.4394 47.6299 16.3482
      vertex 53.882 48.018 8.89587
      vertex 53.882 48.018 16.3959
    endloop
  endfacet
  facet normal 0.659298 -0.751882 0
    outer loop
      vertex 53.882 48.018 8.89587
      vertex 53.4394 47.6299 16.3482
      vertex 53.4394 47.6299 8.84822
    endloop
  endfacet
  facet normal -0.946936 -0.321421 -0
    outer loop
      vertex 46.5425 49.4779 16.5751
      vertex 46.3533 50.0353 9.14356
      vertex 46.5425 49.4779 9.07513
    endloop
  endfacet
  facet normal -0.946936 -0.321421 0
    outer loop
      vertex 46.3533 50.0353 9.14356
      vertex 46.5425 49.4779 16.5751
      vertex 46.3533 50.0353 16.6436
    endloop
  endfacet
  facet normal 0.946936 -0.321421 0
    outer loop
      vertex 54.8575 49.4779 16.5751
      vertex 55.0467 50.0353 9.14356
      vertex 55.0467 50.0353 16.6436
    endloop
  endfacet
  facet normal 0.946936 -0.321421 0
    outer loop
      vertex 55.0467 50.0353 9.14356
      vertex 54.8575 49.4779 16.5751
      vertex 54.8575 49.4779 9.07513
    endloop
  endfacet
  facet normal 0.442382 0.896827 0
    outer loop
      vertex 52.95 55.0971 17.2651
      vertex 52.4221 55.3575 9.79704
      vertex 52.4221 55.3575 17.297
    endloop
  endfacet
  facet normal 0.442382 0.896827 0
    outer loop
      vertex 52.4221 55.3575 9.79704
      vertex 52.95 55.0971 17.2651
      vertex 52.95 55.0971 9.76507
    endloop
  endfacet
  facet normal -0.195038 0.980796 0
    outer loop
      vertex 50.1126 55.6615 9.83437
      vertex 49.5353 55.5467 17.3203
      vertex 50.1126 55.6615 17.3344
    endloop
  endfacet
  facet normal -0.195038 0.980796 0
    outer loop
      vertex 49.5353 55.5467 17.3203
      vertex 50.1126 55.6615 9.83437
      vertex 49.5353 55.5467 9.82027
    endloop
  endfacet
  facet normal 0.751882 0.659298 0
    outer loop
      vertex 54.2701 53.9394 17.1229
      vertex 53.882 54.382 9.67727
      vertex 53.882 54.382 17.1773
    endloop
  endfacet
  facet normal 0.751882 0.659298 0
    outer loop
      vertex 53.882 54.382 9.67727
      vertex 54.2701 53.9394 17.1229
      vertex 54.2701 53.9394 9.62293
    endloop
  endfacet
  facet normal 0.751882 -0.659298 0
    outer loop
      vertex 53.882 48.018 16.3959
      vertex 54.2701 48.4606 8.95021
      vertex 54.2701 48.4606 16.4502
    endloop
  endfacet
  facet normal 0.751882 -0.659298 0
    outer loop
      vertex 54.2701 48.4606 8.95021
      vertex 53.882 48.018 16.3959
      vertex 53.882 48.018 8.89587
    endloop
  endfacet
  facet normal -0.442382 -0.896827 0
    outer loop
      vertex 48.45 47.3029 8.80806
      vertex 48.9779 47.0425 16.2761
      vertex 48.45 47.3029 16.3081
    endloop
  endfacet
  facet normal -0.442382 -0.896827 -0
    outer loop
      vertex 48.9779 47.0425 16.2761
      vertex 48.45 47.3029 8.80806
      vertex 48.9779 47.0425 8.7761
    endloop
  endfacet
  facet normal -0.946936 0.321421 0
    outer loop
      vertex 46.3533 52.3647 16.9296
      vertex 46.5425 52.9221 9.49801
      vertex 46.3533 52.3647 9.42957
    endloop
  endfacet
  facet normal -0.946936 0.321421 0
    outer loop
      vertex 46.5425 52.9221 9.49801
      vertex 46.3533 52.3647 16.9296
      vertex 46.5425 52.9221 16.998
    endloop
  endfacet
  facet normal 0.195038 -0.980796 0
    outer loop
      vertex 51.2874 46.7385 16.2388
      vertex 51.8647 46.8533 8.75287
      vertex 51.8647 46.8533 16.2529
    endloop
  endfacet
  facet normal 0.195038 -0.980796 0
    outer loop
      vertex 51.8647 46.8533 8.75287
      vertex 51.2874 46.7385 16.2388
      vertex 51.2874 46.7385 8.73877
    endloop
  endfacet
  facet normal 0.442382 -0.896827 0
    outer loop
      vertex 52.4221 47.0425 16.2761
      vertex 52.95 47.3029 8.80806
      vertex 52.95 47.3029 16.3081
    endloop
  endfacet
  facet normal 0.442382 -0.896827 0
    outer loop
      vertex 52.95 47.3029 8.80806
      vertex 52.4221 47.0425 16.2761
      vertex 52.4221 47.0425 8.7761
    endloop
  endfacet
  facet normal -1.1268e-14 0.121863 -0.992547
    outer loop
      vertex 55.1615 50.6126 9.21445
      vertex 55.1615 51.7874 9.35869
      vertex 55.2 51.2 9.28657
    endloop
  endfacet
  facet normal 8.69887e-05 0.121863 -0.992547
    outer loop
      vertex 55.0467 50.0353 9.14356
      vertex 55.1615 51.7874 9.35869
      vertex 55.1615 50.6126 9.21445
    endloop
  endfacet
  facet normal 2.116e-05 0.121868 -0.992546
    outer loop
      vertex 55.0467 50.0353 9.14356
      vertex 55.0467 52.3647 9.42957
      vertex 55.1615 51.7874 9.35869
    endloop
  endfacet
  facet normal -4.75912e-05 0.121868 -0.992546
    outer loop
      vertex 54.8575 49.4779 9.07513
      vertex 55.0467 52.3647 9.42957
      vertex 55.0467 50.0353 9.14356
    endloop
  endfacet
  facet normal -1.17831e-05 0.121865 -0.992547
    outer loop
      vertex 54.8575 49.4779 9.07513
      vertex 54.8575 52.9221 9.49801
      vertex 55.0467 52.3647 9.42957
    endloop
  endfacet
  facet normal 5.43756e-05 0.121865 -0.992547
    outer loop
      vertex 54.5971 48.95 9.0103
      vertex 54.8575 52.9221 9.49801
      vertex 54.8575 49.4779 9.07513
    endloop
  endfacet
  facet normal -7.97306e-06 0.121869 -0.992546
    outer loop
      vertex 54.5971 48.95 9.0103
      vertex 54.5971 53.45 9.56283
      vertex 54.8575 52.9221 9.49801
    endloop
  endfacet
  facet normal -2.1463e-06 0.121869 -0.992546
    outer loop
      vertex 54.2701 48.4606 8.95021
      vertex 54.5971 53.45 9.56283
      vertex 54.5971 48.95 9.0103
    endloop
  endfacet
  facet normal -2.58789e-05 0.121871 -0.992546
    outer loop
      vertex 54.2701 48.4606 8.95021
      vertex 54.2701 53.9394 9.62293
      vertex 54.5971 53.45 9.56283
    endloop
  endfacet
  facet normal -1.30141e-05 0.121871 -0.992546
    outer loop
      vertex 53.882 48.018 8.89587
      vertex 54.2701 53.9394 9.62293
      vertex 54.2701 48.4606 8.95021
    endloop
  endfacet
  facet normal 1.12039e-05 0.121869 -0.992546
    outer loop
      vertex 53.882 48.018 8.89587
      vertex 53.882 54.382 9.67727
      vertex 54.2701 53.9394 9.62293
    endloop
  endfacet
  facet normal -5.89881e-06 0.121869 -0.992546
    outer loop
      vertex 53.4394 47.6299 8.84822
      vertex 53.882 54.382 9.67727
      vertex 53.882 48.018 8.89587
    endloop
  endfacet
  facet normal 5.25756e-06 0.121868 -0.992546
    outer loop
      vertex 53.4394 47.6299 8.84822
      vertex 53.4394 54.7701 9.72492
      vertex 53.882 54.382 9.67727
    endloop
  endfacet
  facet normal 1.97497e-05 0.121868 -0.992546
    outer loop
      vertex 52.95 47.3029 8.80806
      vertex 53.4394 54.7701 9.72492
      vertex 53.4394 47.6299 8.84822
    endloop
  endfacet
  facet normal 1.33745e-06 0.12187 -0.992546
    outer loop
      vertex 52.95 47.3029 8.80806
      vertex 52.95 55.0971 9.76507
      vertex 53.4394 54.7701 9.72492
    endloop
  endfacet
  facet normal -2.47915e-05 0.12187 -0.992546
    outer loop
      vertex 52.4221 47.0425 8.7761
      vertex 52.95 55.0971 9.76507
      vertex 52.95 47.3029 8.80806
    endloop
  endfacet
  facet normal 5.02572e-06 0.121868 -0.992546
    outer loop
      vertex 52.4221 47.0425 8.7761
      vertex 52.4221 55.3575 9.79704
      vertex 52.95 55.0971 9.76507
    endloop
  endfacet
  facet normal -9.41839e-07 0.121868 -0.992546
    outer loop
      vertex 51.8647 46.8533 8.75287
      vertex 52.4221 55.3575 9.79704
      vertex 52.4221 47.0425 8.7761
    endloop
  endfacet
  facet normal 9.00844e-07 0.121868 -0.992546
    outer loop
      vertex 51.8647 46.8533 8.75287
      vertex 51.8647 55.5467 9.82027
      vertex 52.4221 55.3575 9.79704
    endloop
  endfacet
  facet normal 7.79608e-06 0.121868 -0.992546
    outer loop
      vertex 51.2874 46.7385 8.73877
      vertex 51.8647 55.5467 9.82027
      vertex 51.8647 46.8533 8.75287
    endloop
  endfacet
  facet normal -7.59547e-06 0.121869 -0.992546
    outer loop
      vertex 51.2874 46.7385 8.73877
      vertex 51.2874 55.6615 9.83437
      vertex 51.8647 55.5467 9.82027
    endloop
  endfacet
  facet normal 4.77017e-06 0.121869 -0.992546
    outer loop
      vertex 50.7 46.7 8.73404
      vertex 51.2874 55.6615 9.83437
      vertex 51.2874 46.7385 8.73877
    endloop
  endfacet
  facet normal -4.72936e-06 0.121869 -0.992546
    outer loop
      vertex 50.7 46.7 8.73404
      vertex 50.7 55.7 9.8391
      vertex 51.2874 55.6615 9.83437
    endloop
  endfacet
  facet normal -4.72936e-06 0.121869 -0.992546
    outer loop
      vertex 50.1126 46.7385 8.73877
      vertex 50.7 55.7 9.8391
      vertex 50.7 46.7 8.73404
    endloop
  endfacet
  facet normal 4.77017e-06 0.121869 -0.992546
    outer loop
      vertex 50.1126 46.7385 8.73877
      vertex 50.1126 55.6615 9.83437
      vertex 50.7 55.7 9.8391
    endloop
  endfacet
  facet normal -7.59547e-06 0.121869 -0.992546
    outer loop
      vertex 49.5353 46.8533 8.75287
      vertex 50.1126 55.6615 9.83437
      vertex 50.1126 46.7385 8.73877
    endloop
  endfacet
  facet normal 7.79608e-06 0.121868 -0.992546
    outer loop
      vertex 49.5353 46.8533 8.75287
      vertex 49.5353 55.5467 9.82027
      vertex 50.1126 55.6615 9.83437
    endloop
  endfacet
  facet normal 9.00844e-07 0.121868 -0.992546
    outer loop
      vertex 48.9779 47.0425 8.7761
      vertex 49.5353 55.5467 9.82027
      vertex 49.5353 46.8533 8.75287
    endloop
  endfacet
  facet normal -9.41839e-07 0.121868 -0.992546
    outer loop
      vertex 48.9779 47.0425 8.7761
      vertex 48.9779 55.3575 9.79704
      vertex 49.5353 55.5467 9.82027
    endloop
  endfacet
  facet normal 2.38275e-05 0.121868 -0.992546
    outer loop
      vertex 48.45 47.3029 8.80806
      vertex 48.9779 55.3575 9.79704
      vertex 48.9779 47.0425 8.7761
    endloop
  endfacet
  facet normal -5.98969e-06 0.12187 -0.992546
    outer loop
      vertex 48.45 47.3029 8.80806
      vertex 48.45 55.0971 9.76507
      vertex 48.9779 55.3575 9.79704
    endloop
  endfacet
  facet normal -1.89434e-05 0.12187 -0.992546
    outer loop
      vertex 47.9606 47.6299 8.84822
      vertex 48.45 55.0971 9.76507
      vertex 48.45 47.3029 8.80806
    endloop
  endfacet
  facet normal -5.31151e-07 0.121868 -0.992546
    outer loop
      vertex 47.9606 47.6299 8.84822
      vertex 47.9606 54.7701 9.72492
      vertex 48.45 55.0971 9.76507
    endloop
  endfacet
  facet normal 5.25756e-06 0.121868 -0.992546
    outer loop
      vertex 47.518 48.018 8.89587
      vertex 47.9606 54.7701 9.72492
      vertex 47.9606 47.6299 8.84822
    endloop
  endfacet
  facet normal -5.89881e-06 0.121869 -0.992546
    outer loop
      vertex 47.518 48.018 8.89587
      vertex 47.518 54.382 9.67727
      vertex 47.9606 54.7701 9.72492
    endloop
  endfacet
  facet normal 1.12039e-05 0.121869 -0.992546
    outer loop
      vertex 47.1299 48.4606 8.95021
      vertex 47.518 54.382 9.67727
      vertex 47.518 48.018 8.89587
    endloop
  endfacet
  facet normal -1.30141e-05 0.121871 -0.992546
    outer loop
      vertex 47.1299 48.4606 8.95021
      vertex 47.1299 53.9394 9.62293
      vertex 47.518 54.382 9.67727
    endloop
  endfacet
  facet normal 4.47418e-06 0.121871 -0.992546
    outer loop
      vertex 46.8029 48.95 9.0103
      vertex 47.1299 53.9394 9.62293
      vertex 47.1299 48.4606 8.95021
    endloop
  endfacet
  facet normal 2.82068e-05 0.121869 -0.992546
    outer loop
      vertex 46.8029 48.95 9.0103
      vertex 46.8029 53.45 9.56283
      vertex 47.1299 53.9394 9.62293
    endloop
  endfacet
  facet normal -4.60893e-05 0.121869 -0.992546
    outer loop
      vertex 46.5425 49.4779 9.07513
      vertex 46.8029 53.45 9.56283
      vertex 46.8029 48.95 9.0103
    endloop
  endfacet
  facet normal 1.62593e-05 0.121865 -0.992547
    outer loop
      vertex 46.5425 49.4779 9.07513
      vertex 46.5425 52.9221 9.49801
      vertex 46.8029 53.45 9.56283
    endloop
  endfacet
  facet normal 4.06771e-05 0.121865 -0.992547
    outer loop
      vertex 46.3533 50.0353 9.14356
      vertex 46.5425 52.9221 9.49801
      vertex 46.5425 49.4779 9.07513
    endloop
  endfacet
  facet normal 4.86902e-06 0.121868 -0.992546
    outer loop
      vertex 46.3533 50.0353 9.14356
      vertex 46.3533 52.3647 9.42957
      vertex 46.5425 52.9221 9.49801
    endloop
  endfacet
  facet normal -6.52987e-05 0.121868 -0.992546
    outer loop
      vertex 46.2385 50.6126 9.21445
      vertex 46.3533 52.3647 9.42957
      vertex 46.3533 50.0353 9.14356
    endloop
  endfacet
  facet normal 5.2988e-07 0.121863 -0.992547
    outer loop
      vertex 46.2385 50.6126 9.21445
      vertex 46.2385 51.7874 9.35869
      vertex 46.3533 52.3647 9.42957
    endloop
  endfacet
  facet normal 1.1268e-14 0.121863 -0.992547
    outer loop
      vertex 46.2385 51.7874 9.35869
      vertex 46.2385 50.6126 9.21445
      vertex 46.2 51.2 9.28657
    endloop
  endfacet
  facet normal -0.751882 0.659298 0
    outer loop
      vertex 47.1299 53.9394 17.1229
      vertex 47.518 54.382 9.67727
      vertex 47.1299 53.9394 9.62293
    endloop
  endfacet
  facet normal -0.751882 0.659298 0
    outer loop
      vertex 47.518 54.382 9.67727
      vertex 47.1299 53.9394 17.1229
      vertex 47.518 54.382 17.1773
    endloop
  endfacet
  facet normal 0.659298 0.751882 0
    outer loop
      vertex 53.882 54.382 17.1773
      vertex 53.4394 54.7701 9.72492
      vertex 53.4394 54.7701 17.2249
    endloop
  endfacet
  facet normal 0.659298 0.751882 0
    outer loop
      vertex 53.4394 54.7701 9.72492
      vertex 53.882 54.382 17.1773
      vertex 53.882 54.382 9.67727
    endloop
  endfacet
  facet normal -0.896827 -0.442382 -0
    outer loop
      vertex 46.8029 48.95 16.5103
      vertex 46.5425 49.4779 9.07513
      vertex 46.8029 48.95 9.0103
    endloop
  endfacet
  facet normal -0.896827 -0.442382 0
    outer loop
      vertex 46.5425 49.4779 9.07513
      vertex 46.8029 48.95 16.5103
      vertex 46.5425 49.4779 16.5751
    endloop
  endfacet
  facet normal 0.831475 -0.555562 0
    outer loop
      vertex 54.2701 48.4606 16.4502
      vertex 54.5971 48.95 9.0103
      vertex 54.5971 48.95 16.5103
    endloop
  endfacet
  facet normal 0.831475 -0.555562 0
    outer loop
      vertex 54.5971 48.95 9.0103
      vertex 54.2701 48.4606 16.4502
      vertex 54.2701 48.4606 8.95021
    endloop
  endfacet
  facet normal 0.896827 0.442382 0
    outer loop
      vertex 54.8575 52.9221 16.998
      vertex 54.5971 53.45 9.56283
      vertex 54.5971 53.45 17.0628
    endloop
  endfacet
  facet normal 0.896827 0.442382 0
    outer loop
      vertex 54.5971 53.45 9.56283
      vertex 54.8575 52.9221 16.998
      vertex 54.8575 52.9221 9.49801
    endloop
  endfacet
  facet normal -0.0654027 -0.997859 0
    outer loop
      vertex 50.1126 46.7385 8.73877
      vertex 50.7 46.7 16.234
      vertex 50.1126 46.7385 16.2388
    endloop
  endfacet
  facet normal -0.0654027 -0.997859 -0
    outer loop
      vertex 50.7 46.7 16.234
      vertex 50.1126 46.7385 8.73877
      vertex 50.7 46.7 8.73404
    endloop
  endfacet
  facet normal -0.555562 -0.831475 0
    outer loop
      vertex 47.9606 47.6299 8.84822
      vertex 48.45 47.3029 16.3081
      vertex 47.9606 47.6299 16.3482
    endloop
  endfacet
  facet normal -0.555562 -0.831475 -0
    outer loop
      vertex 48.45 47.3029 16.3081
      vertex 47.9606 47.6299 8.84822
      vertex 48.45 47.3029 8.80806
    endloop
  endfacet
  facet normal 0.555562 -0.831475 0
    outer loop
      vertex 52.95 47.3029 16.3081
      vertex 53.4394 47.6299 8.84822
      vertex 53.4394 47.6299 16.3482
    endloop
  endfacet
  facet normal 0.555562 -0.831475 0
    outer loop
      vertex 53.4394 47.6299 8.84822
      vertex 52.95 47.3029 16.3081
      vertex 52.95 47.3029 8.80806
    endloop
  endfacet
  facet normal 0.946936 0.321421 0
    outer loop
      vertex 55.0467 52.3647 16.9296
      vertex 54.8575 52.9221 9.49801
      vertex 54.8575 52.9221 16.998
    endloop
  endfacet
  facet normal 0.946936 0.321421 0
    outer loop
      vertex 54.8575 52.9221 9.49801
      vertex 55.0467 52.3647 16.9296
      vertex 55.0467 52.3647 9.42957
    endloop
  endfacet
  facet normal -0.980796 0.195038 0
    outer loop
      vertex 46.2385 51.7874 16.8587
      vertex 46.3533 52.3647 9.42957
      vertex 46.2385 51.7874 9.35869
    endloop
  endfacet
  facet normal -0.980796 0.195038 0
    outer loop
      vertex 46.3533 52.3647 9.42957
      vertex 46.2385 51.7874 16.8587
      vertex 46.3533 52.3647 16.9296
    endloop
  endfacet
  facet normal -0.0654027 0.997859 0
    outer loop
      vertex 50.7 55.7 9.8391
      vertex 50.1126 55.6615 17.3344
      vertex 50.7 55.7 17.3391
    endloop
  endfacet
  facet normal -0.0654027 0.997859 0
    outer loop
      vertex 50.1126 55.6615 17.3344
      vertex 50.7 55.7 9.8391
      vertex 50.1126 55.6615 9.83437
    endloop
  endfacet
  facet normal -0.321421 -0.946936 0
    outer loop
      vertex 48.9779 47.0425 8.7761
      vertex 49.5353 46.8533 16.2529
      vertex 48.9779 47.0425 16.2761
    endloop
  endfacet
  facet normal -0.321421 -0.946936 -0
    outer loop
      vertex 49.5353 46.8533 16.2529
      vertex 48.9779 47.0425 8.7761
      vertex 49.5353 46.8533 8.75287
    endloop
  endfacet
  facet normal -0.980796 -0.195038 -0
    outer loop
      vertex 46.3533 50.0353 16.6436
      vertex 46.2385 50.6126 9.21445
      vertex 46.3533 50.0353 9.14356
    endloop
  endfacet
  facet normal -0.980796 -0.195038 0
    outer loop
      vertex 46.2385 50.6126 9.21445
      vertex 46.3533 50.0353 16.6436
      vertex 46.2385 50.6126 16.7145
    endloop
  endfacet
  facet normal -0.751882 -0.659298 -0
    outer loop
      vertex 47.518 48.018 16.3959
      vertex 47.1299 48.4606 8.95021
      vertex 47.518 48.018 8.89587
    endloop
  endfacet
  facet normal -0.751882 -0.659298 0
    outer loop
      vertex 47.1299 48.4606 8.95021
      vertex 47.518 48.018 16.3959
      vertex 47.1299 48.4606 16.4502
    endloop
  endfacet
  facet normal 0.0654027 0.997859 0
    outer loop
      vertex 51.2874 55.6615 17.3344
      vertex 50.7 55.7 9.8391
      vertex 50.7 55.7 17.3391
    endloop
  endfacet
  facet normal 0.0654027 0.997859 0
    outer loop
      vertex 50.7 55.7 9.8391
      vertex 51.2874 55.6615 17.3344
      vertex 51.2874 55.6615 9.83437
    endloop
  endfacet
  facet normal -0.195038 -0.980796 0
    outer loop
      vertex 49.5353 46.8533 8.75287
      vertex 50.1126 46.7385 16.2388
      vertex 49.5353 46.8533 16.2529
    endloop
  endfacet
  facet normal -0.195038 -0.980796 -0
    outer loop
      vertex 50.1126 46.7385 16.2388
      vertex 49.5353 46.8533 8.75287
      vertex 50.1126 46.7385 8.73877
    endloop
  endfacet
  facet normal -0.831475 0.555562 0
    outer loop
      vertex 46.8029 53.45 17.0628
      vertex 47.1299 53.9394 9.62293
      vertex 46.8029 53.45 9.56283
    endloop
  endfacet
  facet normal -0.831475 0.555562 0
    outer loop
      vertex 47.1299 53.9394 9.62293
      vertex 46.8029 53.45 17.0628
      vertex 47.1299 53.9394 17.1229
    endloop
  endfacet
  facet normal -0.195178 -0.980768 0
    outer loop
      vertex 51.0067 53.5299 13.0726
      vertex 51.3082 53.4699 17.0653
      vertex 51.0067 53.5299 17.0726
    endloop
  endfacet
  facet normal -0.195178 -0.980768 -0
    outer loop
      vertex 51.3082 53.4699 17.0653
      vertex 51.0067 53.5299 13.0726
      vertex 51.3082 53.4699 13.0653
    endloop
  endfacet
  facet normal -0.980768 -0.195178 -0
    outer loop
      vertex 53.0299 51.5067 16.8242
      vertex 52.9699 51.8082 12.8612
      vertex 53.0299 51.5067 12.8242
    endloop
  endfacet
  facet normal -0.980768 -0.195178 0
    outer loop
      vertex 52.9699 51.8082 12.8612
      vertex 53.0299 51.5067 16.8242
      vertex 52.9699 51.8082 16.8612
    endloop
  endfacet
  facet normal -0.997859 -0.0653961 -0
    outer loop
      vertex 53.05 51.2 16.7866
      vertex 53.0299 51.5067 12.8242
      vertex 53.05 51.2 12.7866
    endloop
  endfacet
  facet normal -0.997859 -0.0653961 0
    outer loop
      vertex 53.0299 51.5067 12.8242
      vertex 53.05 51.2 16.7866
      vertex 53.0299 51.5067 16.8242
    endloop
  endfacet
  facet normal -0.946945 -0.321395 -0
    outer loop
      vertex 52.9699 51.8082 16.8612
      vertex 52.8711 52.0993 12.897
      vertex 52.9699 51.8082 12.8612
    endloop
  endfacet
  facet normal -0.946945 -0.321395 0
    outer loop
      vertex 52.8711 52.0993 12.897
      vertex 52.9699 51.8082 16.8612
      vertex 52.8711 52.0993 16.897
    endloop
  endfacet
  facet normal -0.831449 -0.555601 -0
    outer loop
      vertex 52.7352 52.375 16.9308
      vertex 52.5644 52.6306 12.9622
      vertex 52.7352 52.375 12.9308
    endloop
  endfacet
  facet normal -0.831449 -0.555601 0
    outer loop
      vertex 52.5644 52.6306 12.9622
      vertex 52.7352 52.375 16.9308
      vertex 52.5644 52.6306 16.9622
    endloop
  endfacet
  facet normal -0.321395 -0.946945 0
    outer loop
      vertex 51.3082 53.4699 13.0653
      vertex 51.5993 53.3711 17.0531
      vertex 51.3082 53.4699 17.0653
    endloop
  endfacet
  facet normal -0.321395 -0.946945 -0
    outer loop
      vertex 51.5993 53.3711 17.0531
      vertex 51.3082 53.4699 13.0653
      vertex 51.5993 53.3711 13.0531
    endloop
  endfacet
  facet normal 0.980768 0.195178 0
    outer loop
      vertex 48.4301 50.5918 16.7119
      vertex 48.3701 50.8933 12.7489
      vertex 48.3701 50.8933 16.7489
    endloop
  endfacet
  facet normal 0.980768 0.195178 0
    outer loop
      vertex 48.3701 50.8933 12.7489
      vertex 48.4301 50.5918 16.7119
      vertex 48.4301 50.5918 12.7119
    endloop
  endfacet
  facet normal -0.997859 0.0653961 0
    outer loop
      vertex 53.0299 50.8933 16.7489
      vertex 53.05 51.2 12.7866
      vertex 53.0299 50.8933 12.7489
    endloop
  endfacet
  facet normal -0.997859 0.0653961 0
    outer loop
      vertex 53.05 51.2 12.7866
      vertex 53.0299 50.8933 16.7489
      vertex 53.05 51.2 16.7866
    endloop
  endfacet
  facet normal 0.555601 0.831449 0
    outer loop
      vertex 49.525 49.1648 16.5367
      vertex 49.2694 49.3356 12.5577
      vertex 49.2694 49.3356 16.5577
    endloop
  endfacet
  facet normal 0.555601 0.831449 0
    outer loop
      vertex 49.2694 49.3356 12.5577
      vertex 49.525 49.1648 16.5367
      vertex 49.525 49.1648 12.5367
    endloop
  endfacet
  facet normal 0.997859 0.0653961 0
    outer loop
      vertex 48.3701 50.8933 16.7489
      vertex 48.35 51.2 12.7866
      vertex 48.35 51.2 16.7866
    endloop
  endfacet
  facet normal 0.997859 0.0653961 0
    outer loop
      vertex 48.35 51.2 12.7866
      vertex 48.3701 50.8933 16.7489
      vertex 48.3701 50.8933 12.7489
    endloop
  endfacet
  facet normal 0.321395 0.946945 0
    outer loop
      vertex 50.0918 48.9301 16.5079
      vertex 49.8007 49.0289 12.52
      vertex 49.8007 49.0289 16.52
    endloop
  endfacet
  facet normal 0.321395 0.946945 0
    outer loop
      vertex 49.8007 49.0289 12.52
      vertex 50.0918 48.9301 16.5079
      vertex 50.0918 48.9301 12.5079
    endloop
  endfacet
  facet normal -0.89695 -0.442131 -0
    outer loop
      vertex 52.8711 52.0993 16.897
      vertex 52.7352 52.375 12.9308
      vertex 52.8711 52.0993 12.897
    endloop
  endfacet
  facet normal -0.89695 -0.442131 0
    outer loop
      vertex 52.7352 52.375 12.9308
      vertex 52.8711 52.0993 16.897
      vertex 52.7352 52.375 16.9308
    endloop
  endfacet
  facet normal -0.75179 -0.659402 -0
    outer loop
      vertex 52.5644 52.6306 16.9622
      vertex 52.3617 52.8617 12.9906
      vertex 52.5644 52.6306 12.9622
    endloop
  endfacet
  facet normal -0.75179 -0.659402 0
    outer loop
      vertex 52.3617 52.8617 12.9906
      vertex 52.5644 52.6306 16.9622
      vertex 52.3617 52.8617 16.9906
    endloop
  endfacet
  facet normal -0.946945 0.321395 0
    outer loop
      vertex 52.8711 50.3007 16.6761
      vertex 52.9699 50.5918 12.7119
      vertex 52.8711 50.3007 12.6761
    endloop
  endfacet
  facet normal -0.946945 0.321395 0
    outer loop
      vertex 52.9699 50.5918 12.7119
      vertex 52.8711 50.3007 16.6761
      vertex 52.9699 50.5918 16.7119
    endloop
  endfacet
  facet normal 0.75179 0.659402 0
    outer loop
      vertex 49.0383 49.5383 16.5825
      vertex 48.8356 49.7694 12.6109
      vertex 48.8356 49.7694 16.6109
    endloop
  endfacet
  facet normal 0.75179 0.659402 0
    outer loop
      vertex 48.8356 49.7694 12.6109
      vertex 49.0383 49.5383 16.5825
      vertex 49.0383 49.5383 12.5825
    endloop
  endfacet
  facet normal -0.980768 0.195178 0
    outer loop
      vertex 52.9699 50.5918 16.7119
      vertex 53.0299 50.8933 12.7489
      vertex 52.9699 50.5918 12.7119
    endloop
  endfacet
  facet normal -0.980768 0.195178 0
    outer loop
      vertex 53.0299 50.8933 12.7489
      vertex 52.9699 50.5918 16.7119
      vertex 53.0299 50.8933 16.7489
    endloop
  endfacet
  facet normal -0.0653961 0.997859 0
    outer loop
      vertex 51.0067 48.8701 12.5005
      vertex 50.7 48.85 16.498
      vertex 51.0067 48.8701 16.5005
    endloop
  endfacet
  facet normal -0.0653961 0.997859 0
    outer loop
      vertex 50.7 48.85 16.498
      vertex 51.0067 48.8701 12.5005
      vertex 50.7 48.85 12.498
    endloop
  endfacet
  facet normal 0.946945 0.321395 0
    outer loop
      vertex 48.5289 50.3007 16.6761
      vertex 48.4301 50.5918 12.7119
      vertex 48.4301 50.5918 16.7119
    endloop
  endfacet
  facet normal 0.946945 0.321395 0
    outer loop
      vertex 48.4301 50.5918 12.7119
      vertex 48.5289 50.3007 16.6761
      vertex 48.5289 50.3007 12.6761
    endloop
  endfacet
  facet normal -0.831449 0.555601 0
    outer loop
      vertex 52.5644 49.7694 16.6109
      vertex 52.7352 50.025 12.6423
      vertex 52.5644 49.7694 12.6109
    endloop
  endfacet
  facet normal -0.831449 0.555601 0
    outer loop
      vertex 52.7352 50.025 12.6423
      vertex 52.5644 49.7694 16.6109
      vertex 52.7352 50.025 16.6423
    endloop
  endfacet
  facet normal -0.442131 -0.89695 0
    outer loop
      vertex 51.5993 53.3711 13.0531
      vertex 51.875 53.2352 17.0365
      vertex 51.5993 53.3711 17.0531
    endloop
  endfacet
  facet normal -0.442131 -0.89695 -0
    outer loop
      vertex 51.875 53.2352 17.0365
      vertex 51.5993 53.3711 13.0531
      vertex 51.875 53.2352 13.0365
    endloop
  endfacet
  facet normal 0.442131 -0.89695 0
    outer loop
      vertex 49.525 53.2352 17.0365
      vertex 49.8007 53.3711 13.0531
      vertex 49.8007 53.3711 17.0531
    endloop
  endfacet
  facet normal 0.442131 -0.89695 0
    outer loop
      vertex 49.8007 53.3711 13.0531
      vertex 49.525 53.2352 17.0365
      vertex 49.525 53.2352 13.0365
    endloop
  endfacet
  facet normal -0.442131 0.89695 0
    outer loop
      vertex 51.875 49.1648 12.5367
      vertex 51.5993 49.0289 16.52
      vertex 51.875 49.1648 16.5367
    endloop
  endfacet
  facet normal -0.442131 0.89695 0
    outer loop
      vertex 51.5993 49.0289 16.52
      vertex 51.875 49.1648 12.5367
      vertex 51.5993 49.0289 12.52
    endloop
  endfacet
  facet normal -0.321395 0.946945 0
    outer loop
      vertex 51.5993 49.0289 12.52
      vertex 51.3082 48.9301 16.5079
      vertex 51.5993 49.0289 16.52
    endloop
  endfacet
  facet normal -0.321395 0.946945 0
    outer loop
      vertex 51.3082 48.9301 16.5079
      vertex 51.5993 49.0289 12.52
      vertex 51.3082 48.9301 12.5079
    endloop
  endfacet
  facet normal 0.195178 0.980768 0
    outer loop
      vertex 50.3933 48.8701 16.5005
      vertex 50.0918 48.9301 12.5079
      vertex 50.0918 48.9301 16.5079
    endloop
  endfacet
  facet normal 0.195178 0.980768 0
    outer loop
      vertex 50.0918 48.9301 12.5079
      vertex 50.3933 48.8701 16.5005
      vertex 50.3933 48.8701 12.5005
    endloop
  endfacet
  facet normal 0.946945 -0.321395 0
    outer loop
      vertex 48.4301 51.8082 16.8612
      vertex 48.5289 52.0993 12.897
      vertex 48.5289 52.0993 16.897
    endloop
  endfacet
  facet normal 0.946945 -0.321395 0
    outer loop
      vertex 48.5289 52.0993 12.897
      vertex 48.4301 51.8082 16.8612
      vertex 48.4301 51.8082 12.8612
    endloop
  endfacet
  facet normal 0.195178 -0.980768 0
    outer loop
      vertex 50.0918 53.4699 17.0653
      vertex 50.3933 53.5299 13.0726
      vertex 50.3933 53.5299 17.0726
    endloop
  endfacet
  facet normal 0.195178 -0.980768 0
    outer loop
      vertex 50.3933 53.5299 13.0726
      vertex 50.0918 53.4699 17.0653
      vertex 50.0918 53.4699 13.0653
    endloop
  endfacet
  facet normal 0.555601 -0.831449 0
    outer loop
      vertex 49.2694 53.0644 17.0155
      vertex 49.525 53.2352 13.0365
      vertex 49.525 53.2352 17.0365
    endloop
  endfacet
  facet normal 0.555601 -0.831449 0
    outer loop
      vertex 49.525 53.2352 13.0365
      vertex 49.2694 53.0644 17.0155
      vertex 49.2694 53.0644 13.0155
    endloop
  endfacet
  facet normal -0.555601 0.831449 0
    outer loop
      vertex 52.1306 49.3356 12.5577
      vertex 51.875 49.1648 16.5367
      vertex 52.1306 49.3356 16.5577
    endloop
  endfacet
  facet normal -0.555601 0.831449 0
    outer loop
      vertex 51.875 49.1648 16.5367
      vertex 52.1306 49.3356 12.5577
      vertex 51.875 49.1648 12.5367
    endloop
  endfacet
  facet normal -0.195178 0.980768 0
    outer loop
      vertex 51.3082 48.9301 12.5079
      vertex 51.0067 48.8701 16.5005
      vertex 51.3082 48.9301 16.5079
    endloop
  endfacet
  facet normal -0.195178 0.980768 0
    outer loop
      vertex 51.0067 48.8701 16.5005
      vertex 51.3082 48.9301 12.5079
      vertex 51.0067 48.8701 12.5005
    endloop
  endfacet
  facet normal 0.89695 -0.442131 0
    outer loop
      vertex 48.5289 52.0993 16.897
      vertex 48.6648 52.375 12.9308
      vertex 48.6648 52.375 16.9308
    endloop
  endfacet
  facet normal 0.89695 -0.442131 0
    outer loop
      vertex 48.6648 52.375 12.9308
      vertex 48.5289 52.0993 16.897
      vertex 48.5289 52.0993 12.897
    endloop
  endfacet
  facet normal -0.659402 -0.75179 0
    outer loop
      vertex 52.1306 53.0644 13.0155
      vertex 52.3617 52.8617 16.9906
      vertex 52.1306 53.0644 17.0155
    endloop
  endfacet
  facet normal -0.659402 -0.75179 -0
    outer loop
      vertex 52.3617 52.8617 16.9906
      vertex 52.1306 53.0644 13.0155
      vertex 52.3617 52.8617 12.9906
    endloop
  endfacet
  facet normal 0.831449 -0.555601 0
    outer loop
      vertex 48.6648 52.375 16.9308
      vertex 48.8356 52.6306 12.9622
      vertex 48.8356 52.6306 16.9622
    endloop
  endfacet
  facet normal 0.831449 -0.555601 0
    outer loop
      vertex 48.8356 52.6306 12.9622
      vertex 48.6648 52.375 16.9308
      vertex 48.6648 52.375 12.9308
    endloop
  endfacet
  facet normal 0.0653961 0.997859 0
    outer loop
      vertex 50.7 48.85 16.498
      vertex 50.3933 48.8701 12.5005
      vertex 50.3933 48.8701 16.5005
    endloop
  endfacet
  facet normal 0.0653961 0.997859 0
    outer loop
      vertex 50.3933 48.8701 12.5005
      vertex 50.7 48.85 16.498
      vertex 50.7 48.85 12.498
    endloop
  endfacet
  facet normal 0.659402 -0.75179 0
    outer loop
      vertex 49.0383 52.8617 16.9906
      vertex 49.2694 53.0644 13.0155
      vertex 49.2694 53.0644 17.0155
    endloop
  endfacet
  facet normal 0.659402 -0.75179 0
    outer loop
      vertex 49.2694 53.0644 13.0155
      vertex 49.0383 52.8617 16.9906
      vertex 49.0383 52.8617 12.9906
    endloop
  endfacet
  facet normal 0.659402 0.75179 0
    outer loop
      vertex 49.2694 49.3356 16.5577
      vertex 49.0383 49.5383 12.5825
      vertex 49.0383 49.5383 16.5825
    endloop
  endfacet
  facet normal 0.659402 0.75179 0
    outer loop
      vertex 49.0383 49.5383 12.5825
      vertex 49.2694 49.3356 16.5577
      vertex 49.2694 49.3356 12.5577
    endloop
  endfacet
  facet normal -0.00246902 -0.121843 0.992546
    outer loop
      vertex 53.0299 51.5067 12.8242
      vertex 53.0299 50.8933 12.7489
      vertex 53.05 51.2 12.7866
    endloop
  endfacet
  facet normal -0.000192825 -0.121844 0.992549
    outer loop
      vertex 52.9699 51.8082 12.8612
      vertex 53.0299 50.8933 12.7489
      vertex 53.0299 51.5067 12.8242
    endloop
  endfacet
  facet normal 9.7237e-05 -0.121825 0.992552
    outer loop
      vertex 52.9699 51.8082 12.8612
      vertex 52.9699 50.5918 12.7119
      vertex 53.0299 50.8933 12.7489
    endloop
  endfacet
  facet normal 0.000709353 -0.121825 0.992551
    outer loop
      vertex 52.8711 52.0993 12.897
      vertex 52.9699 50.5918 12.7119
      vertex 52.9699 51.8082 12.8612
    endloop
  endfacet
  facet normal -0.000479733 -0.121902 0.992542
    outer loop
      vertex 52.8711 52.0993 12.897
      vertex 52.8711 50.3007 12.6761
      vertex 52.9699 50.5918 12.7119
    endloop
  endfacet
  facet normal -0.000444437 -0.121902 0.992542
    outer loop
      vertex 52.7352 52.375 12.9308
      vertex 52.8711 50.3007 12.6761
      vertex 52.8711 52.0993 12.897
    endloop
  endfacet
  facet normal 0.000340158 -0.121851 0.992548
    outer loop
      vertex 52.7352 52.375 12.9308
      vertex 52.7352 50.025 12.6423
      vertex 52.8711 50.3007 12.6761
    endloop
  endfacet
  facet normal 0.000122158 -0.121851 0.992548
    outer loop
      vertex 52.5644 52.6306 12.9622
      vertex 52.7352 50.025 12.6423
      vertex 52.7352 52.375 12.9308
    endloop
  endfacet
  facet normal -0.000100333 -0.121866 0.992547
    outer loop
      vertex 52.5644 52.6306 12.9622
      vertex 52.5644 49.7694 12.6109
      vertex 52.7352 50.025 12.6423
    endloop
  endfacet
  facet normal 0.000124332 -0.121866 0.992547
    outer loop
      vertex 52.3617 52.8617 12.9906
      vertex 52.5644 49.7694 12.6109
      vertex 52.5644 52.6306 12.9622
    endloop
  endfacet
  facet normal -0.000107041 -0.12188 0.992545
    outer loop
      vertex 52.3617 52.8617 12.9906
      vertex 52.3617 49.5383 12.5825
      vertex 52.5644 49.7694 12.6109
    endloop
  endfacet
  facet normal 3.97903e-05 -0.12188 0.992545
    outer loop
      vertex 52.1306 53.0644 13.0155
      vertex 52.3617 49.5383 12.5825
      vertex 52.3617 52.8617 12.9906
    endloop
  endfacet
  facet normal 0.000370677 -0.121859 0.992547
    outer loop
      vertex 52.1306 53.0644 13.0155
      vertex 52.1306 49.3356 12.5577
      vertex 52.3617 49.5383 12.5825
    endloop
  endfacet
  facet normal 0.000117221 -0.121859 0.992547
    outer loop
      vertex 51.875 53.2352 13.0365
      vertex 52.1306 49.3356 12.5577
      vertex 52.1306 53.0644 13.0155
    endloop
  endfacet
  facet normal -0.000107383 -0.121874 0.992546
    outer loop
      vertex 51.875 53.2352 13.0365
      vertex 51.875 49.1648 12.5367
      vertex 52.1306 49.3356 12.5577
    endloop
  endfacet
  facet normal -0.000313257 -0.121874 0.992546
    outer loop
      vertex 51.5993 53.3711 13.0531
      vertex 51.875 49.1648 12.5367
      vertex 51.875 53.2352 13.0365
    endloop
  endfacet
  facet normal -5.50934e-05 -0.121857 0.992548
    outer loop
      vertex 51.5993 53.3711 13.0531
      vertex 51.5993 49.0289 12.52
      vertex 51.875 49.1648 12.5367
    endloop
  endfacet
  facet normal 0.000239151 -0.121857 0.992548
    outer loop
      vertex 51.3082 53.4699 13.0653
      vertex 51.5993 49.0289 12.52
      vertex 51.5993 53.3711 13.0531
    endloop
  endfacet
  facet normal 0.000104802 -0.121866 0.992547
    outer loop
      vertex 51.3082 53.4699 13.0653
      vertex 51.3082 48.9301 12.5079
      vertex 51.5993 49.0289 12.52
    endloop
  endfacet
  facet normal -0.000220054 -0.121866 0.992547
    outer loop
      vertex 51.0067 53.5299 13.0726
      vertex 51.3082 48.9301 12.5079
      vertex 51.3082 53.4699 13.0653
    endloop
  endfacet
  facet normal -0.000110577 -0.121859 0.992547
    outer loop
      vertex 51.0067 53.5299 13.0726
      vertex 51.0067 48.8701 12.5005
      vertex 51.3082 48.9301 12.5079
    endloop
  endfacet
  facet normal 0.000104376 -0.121859 0.992547
    outer loop
      vertex 50.7 53.55 13.0751
      vertex 51.0067 48.8701 12.5005
      vertex 51.0067 53.5299 13.0726
    endloop
  endfacet
  facet normal -0.000103483 -0.121872 0.992546
    outer loop
      vertex 50.7 53.55 13.0751
      vertex 50.7 48.85 12.498
      vertex 51.0067 48.8701 12.5005
    endloop
  endfacet
  facet normal -0.000103483 -0.121872 0.992546
    outer loop
      vertex 50.3933 53.5299 13.0726
      vertex 50.7 48.85 12.498
      vertex 50.7 53.55 13.0751
    endloop
  endfacet
  facet normal 0.000104376 -0.121859 0.992547
    outer loop
      vertex 50.3933 53.5299 13.0726
      vertex 50.3933 48.8701 12.5005
      vertex 50.7 48.85 12.498
    endloop
  endfacet
  facet normal 0.000218626 -0.121859 0.992547
    outer loop
      vertex 50.0918 53.4699 13.0653
      vertex 50.3933 48.8701 12.5005
      vertex 50.3933 53.5299 13.0726
    endloop
  endfacet
  facet normal 0.000109149 -0.121866 0.992547
    outer loop
      vertex 50.0918 53.4699 13.0653
      vertex 50.0918 48.9301 12.5079
      vertex 50.3933 48.8701 12.5005
    endloop
  endfacet
  facet normal -0.000236162 -0.121866 0.992547
    outer loop
      vertex 49.8007 53.3711 13.0531
      vertex 50.0918 48.9301 12.5079
      vertex 50.0918 53.4699 13.0653
    endloop
  endfacet
  facet normal -0.000101813 -0.121857 0.992548
    outer loop
      vertex 49.8007 53.3711 13.0531
      vertex 49.8007 49.0289 12.52
      vertex 50.0918 48.9301 12.5079
    endloop
  endfacet
  facet normal 0.000304917 -0.121857 0.992548
    outer loop
      vertex 49.525 53.2352 13.0365
      vertex 49.8007 49.0289 12.52
      vertex 49.8007 53.3711 13.0531
    endloop
  endfacet
  facet normal 4.67524e-05 -0.121874 0.992546
    outer loop
      vertex 49.525 53.2352 13.0365
      vertex 49.525 49.1648 12.5367
      vertex 49.8007 49.0289 12.52
    endloop
  endfacet
  facet normal -0.000107383 -0.121874 0.992546
    outer loop
      vertex 49.2694 53.0644 13.0155
      vertex 49.525 49.1648 12.5367
      vertex 49.525 53.2352 13.0365
    endloop
  endfacet
  facet normal 0.000117221 -0.121859 0.992547
    outer loop
      vertex 49.2694 53.0644 13.0155
      vertex 49.2694 49.3356 12.5577
      vertex 49.525 49.1648 12.5367
    endloop
  endfacet
  facet normal -5.88116e-05 -0.121859 0.992547
    outer loop
      vertex 49.0383 52.8617 12.9906
      vertex 49.2694 49.3356 12.5577
      vertex 49.2694 53.0644 13.0155
    endloop
  endfacet
  facet normal -0.000389697 -0.12188 0.992545
    outer loop
      vertex 49.0383 52.8617 12.9906
      vertex 49.0383 49.5383 12.5825
      vertex 49.2694 49.3356 12.5577
    endloop
  endfacet
  facet normal -0.000107041 -0.12188 0.992545
    outer loop
      vertex 48.8356 52.6306 12.9622
      vertex 49.0383 49.5383 12.5825
      vertex 49.0383 52.8617 12.9906
    endloop
  endfacet
  facet normal 0.000124332 -0.121866 0.992547
    outer loop
      vertex 48.8356 52.6306 12.9622
      vertex 48.8356 49.7694 12.6109
      vertex 49.0383 49.5383 12.5825
    endloop
  endfacet
  facet normal -0.000100333 -0.121866 0.992547
    outer loop
      vertex 48.6648 52.375 12.9308
      vertex 48.8356 49.7694 12.6109
      vertex 48.8356 52.6306 12.9622
    endloop
  endfacet
  facet normal 0.000122158 -0.121851 0.992548
    outer loop
      vertex 48.6648 52.375 12.9308
      vertex 48.6648 50.025 12.6423
      vertex 48.8356 49.7694 12.6109
    endloop
  endfacet
  facet normal 0.000340158 -0.121851 0.992548
    outer loop
      vertex 48.5289 52.0993 12.897
      vertex 48.6648 50.025 12.6423
      vertex 48.6648 52.375 12.9308
    endloop
  endfacet
  facet normal -0.000444437 -0.121902 0.992542
    outer loop
      vertex 48.5289 52.0993 12.897
      vertex 48.5289 50.3007 12.6761
      vertex 48.6648 50.025 12.6423
    endloop
  endfacet
  facet normal -0.000479733 -0.121902 0.992542
    outer loop
      vertex 48.4301 51.8082 12.8612
      vertex 48.5289 50.3007 12.6761
      vertex 48.5289 52.0993 12.897
    endloop
  endfacet
  facet normal 0.000709353 -0.121825 0.992551
    outer loop
      vertex 48.4301 51.8082 12.8612
      vertex 48.4301 50.5918 12.7119
      vertex 48.5289 50.3007 12.6761
    endloop
  endfacet
  facet normal 9.7237e-05 -0.121825 0.992552
    outer loop
      vertex 48.3701 51.5067 12.8242
      vertex 48.4301 50.5918 12.7119
      vertex 48.4301 51.8082 12.8612
    endloop
  endfacet
  facet normal -0.000192825 -0.121844 0.992549
    outer loop
      vertex 48.3701 51.5067 12.8242
      vertex 48.3701 50.8933 12.7489
      vertex 48.4301 50.5918 12.7119
    endloop
  endfacet
  facet normal 0.00246902 -0.121843 0.992546
    outer loop
      vertex 48.3701 50.8933 12.7489
      vertex 48.3701 51.5067 12.8242
      vertex 48.35 51.2 12.7866
    endloop
  endfacet
  facet normal 0.75179 -0.659402 0
    outer loop
      vertex 48.8356 52.6306 16.9622
      vertex 49.0383 52.8617 12.9906
      vertex 49.0383 52.8617 16.9906
    endloop
  endfacet
  facet normal 0.75179 -0.659402 0
    outer loop
      vertex 49.0383 52.8617 12.9906
      vertex 48.8356 52.6306 16.9622
      vertex 48.8356 52.6306 12.9622
    endloop
  endfacet
  facet normal -0.75179 0.659402 0
    outer loop
      vertex 52.3617 49.5383 16.5825
      vertex 52.5644 49.7694 12.6109
      vertex 52.3617 49.5383 12.5825
    endloop
  endfacet
  facet normal -0.75179 0.659402 0
    outer loop
      vertex 52.5644 49.7694 12.6109
      vertex 52.3617 49.5383 16.5825
      vertex 52.5644 49.7694 16.6109
    endloop
  endfacet
  facet normal -0.89695 0.442131 0
    outer loop
      vertex 52.7352 50.025 16.6423
      vertex 52.8711 50.3007 12.6761
      vertex 52.7352 50.025 12.6423
    endloop
  endfacet
  facet normal -0.89695 0.442131 0
    outer loop
      vertex 52.8711 50.3007 12.6761
      vertex 52.7352 50.025 16.6423
      vertex 52.8711 50.3007 16.6761
    endloop
  endfacet
  facet normal 0.980768 -0.195178 0
    outer loop
      vertex 48.3701 51.5067 16.8242
      vertex 48.4301 51.8082 12.8612
      vertex 48.4301 51.8082 16.8612
    endloop
  endfacet
  facet normal 0.980768 -0.195178 0
    outer loop
      vertex 48.4301 51.8082 12.8612
      vertex 48.3701 51.5067 16.8242
      vertex 48.3701 51.5067 12.8242
    endloop
  endfacet
  facet normal -0.0653961 -0.997859 0
    outer loop
      vertex 50.7 53.55 13.0751
      vertex 51.0067 53.5299 17.0726
      vertex 50.7 53.55 17.0751
    endloop
  endfacet
  facet normal -0.0653961 -0.997859 -0
    outer loop
      vertex 51.0067 53.5299 17.0726
      vertex 50.7 53.55 13.0751
      vertex 51.0067 53.5299 13.0726
    endloop
  endfacet
  facet normal -0.555601 -0.831449 0
    outer loop
      vertex 51.875 53.2352 13.0365
      vertex 52.1306 53.0644 17.0155
      vertex 51.875 53.2352 17.0365
    endloop
  endfacet
  facet normal -0.555601 -0.831449 -0
    outer loop
      vertex 52.1306 53.0644 17.0155
      vertex 51.875 53.2352 13.0365
      vertex 52.1306 53.0644 13.0155
    endloop
  endfacet
  facet normal 0.321395 -0.946945 0
    outer loop
      vertex 49.8007 53.3711 17.0531
      vertex 50.0918 53.4699 13.0653
      vertex 50.0918 53.4699 17.0653
    endloop
  endfacet
  facet normal 0.321395 -0.946945 0
    outer loop
      vertex 50.0918 53.4699 13.0653
      vertex 49.8007 53.3711 17.0531
      vertex 49.8007 53.3711 13.0531
    endloop
  endfacet
  facet normal 0.0653961 -0.997859 0
    outer loop
      vertex 50.3933 53.5299 17.0726
      vertex 50.7 53.55 13.0751
      vertex 50.7 53.55 17.0751
    endloop
  endfacet
  facet normal 0.0653961 -0.997859 0
    outer loop
      vertex 50.7 53.55 13.0751
      vertex 50.3933 53.5299 17.0726
      vertex 50.3933 53.5299 13.0726
    endloop
  endfacet
  facet normal 0.997859 -0.0653961 0
    outer loop
      vertex 48.35 51.2 16.7866
      vertex 48.3701 51.5067 12.8242
      vertex 48.3701 51.5067 16.8242
    endloop
  endfacet
  facet normal 0.997859 -0.0653961 0
    outer loop
      vertex 48.3701 51.5067 12.8242
      vertex 48.35 51.2 16.7866
      vertex 48.35 51.2 12.7866
    endloop
  endfacet
  facet normal 0.89695 0.442131 0
    outer loop
      vertex 48.6648 50.025 16.6423
      vertex 48.5289 50.3007 12.6761
      vertex 48.5289 50.3007 16.6761
    endloop
  endfacet
  facet normal 0.89695 0.442131 0
    outer loop
      vertex 48.5289 50.3007 12.6761
      vertex 48.6648 50.025 16.6423
      vertex 48.6648 50.025 12.6423
    endloop
  endfacet
  facet normal 0.442131 0.89695 0
    outer loop
      vertex 49.8007 49.0289 16.52
      vertex 49.525 49.1648 12.5367
      vertex 49.525 49.1648 16.5367
    endloop
  endfacet
  facet normal 0.442131 0.89695 0
    outer loop
      vertex 49.525 49.1648 12.5367
      vertex 49.8007 49.0289 16.52
      vertex 49.8007 49.0289 12.52
    endloop
  endfacet
  facet normal -0.659402 0.75179 0
    outer loop
      vertex 52.3617 49.5383 12.5825
      vertex 52.1306 49.3356 16.5577
      vertex 52.3617 49.5383 16.5825
    endloop
  endfacet
  facet normal -0.659402 0.75179 0
    outer loop
      vertex 52.1306 49.3356 16.5577
      vertex 52.3617 49.5383 12.5825
      vertex 52.1306 49.3356 12.5577
    endloop
  endfacet
  facet normal 0.831449 0.555601 0
    outer loop
      vertex 48.8356 49.7694 16.6109
      vertex 48.6648 50.025 12.6423
      vertex 48.6648 50.025 16.6423
    endloop
  endfacet
  facet normal 0.831449 0.555601 0
    outer loop
      vertex 48.6648 50.025 12.6423
      vertex 48.8356 49.7694 16.6109
      vertex 48.8356 49.7694 12.6109
    endloop
  endfacet
  facet normal -0.0018517 -0.118715 0.992927
    outer loop
      vertex 95.7352 15.375 12.3878
      vertex 97.6 16.4441 12.5191
      vertex 97.5971 16.45 12.5198
    endloop
  endfacet
  facet normal 0 -0.121779 0.992557
    outer loop
      vertex 97.6 12.83 12.0753
      vertex 97.8575 12.4779 12.0321
      vertex 97.977 12.83 12.0753
    endloop
  endfacet
  facet normal -4.70939e-05 -0.121813 0.992553
    outer loop
      vertex 97.6 12.83 12.0753
      vertex 97.5971 11.95 11.9673
      vertex 97.8575 12.4779 12.0321
    endloop
  endfacet
  facet normal 4.15069e-06 -0.121881 0.992545
    outer loop
      vertex 97.6 16.4441 12.5191
      vertex 96.0299 14.5067 12.2812
      vertex 97.6 12.83 12.0753
    endloop
  endfacet
  facet normal 5.26637e-06 -0.121884 0.992544
    outer loop
      vertex 95.7352 15.375 12.3878
      vertex 97.5971 16.45 12.5198
      vertex 97.2701 16.9394 12.5799
    endloop
  endfacet
  facet normal 0.000147902 -0.121694 0.992568
    outer loop
      vertex 96.0299 13.8933 12.2059
      vertex 97.6 12.83 12.0753
      vertex 96.05 14.2 12.2435
    endloop
  endfacet
  facet normal -4.55688e-05 -0.121811 0.992553
    outer loop
      vertex 95.5644 15.6306 12.4192
      vertex 97.2701 16.9394 12.5799
      vertex 96.882 17.382 12.6342
    endloop
  endfacet
  facet normal 6.24522e-05 -0.121818 0.992552
    outer loop
      vertex 95.9699 13.5918 12.1689
      vertex 97.6 12.83 12.0753
      vertex 96.0299 13.8933 12.2059
    endloop
  endfacet
  facet normal 7.76877e-05 -0.121901 0.992542
    outer loop
      vertex 95.3617 15.8617 12.4476
      vertex 96.882 17.382 12.6342
      vertex 96.4394 17.7701 12.6819
    endloop
  endfacet
  facet normal -4.59987e-05 -0.122047 0.992524
    outer loop
      vertex 95.8711 13.3007 12.1331
      vertex 97.6 12.83 12.0753
      vertex 95.9699 13.5918 12.1689
    endloop
  endfacet
  facet normal 4.73677e-05 -0.121709 0.992566
    outer loop
      vertex 95.7352 13.025 12.0993
      vertex 97.6 12.83 12.0753
      vertex 95.8711 13.3007 12.1331
    endloop
  endfacet
  facet normal -0.000137538 -0.122012 0.992529
    outer loop
      vertex 97.6 12.83 12.0753
      vertex 96.0299 14.5067 12.2812
      vertex 96.05 14.2 12.2435
    endloop
  endfacet
  facet normal -7.24682e-05 -0.12182 0.992552
    outer loop
      vertex 97.6 16.4441 12.5191
      vertex 95.9699 14.8082 12.3182
      vertex 96.0299 14.5067 12.2812
    endloop
  endfacet
  facet normal -5.91328e-05 -0.121805 0.992554
    outer loop
      vertex 95.1306 16.0644 12.4725
      vertex 96.4394 17.7701 12.6819
      vertex 95.95 18.0971 12.722
    endloop
  endfacet
  facet normal 0.000129857 -0.122019 0.992528
    outer loop
      vertex 97.6 16.4441 12.5191
      vertex 95.8711 15.0993 12.354
      vertex 95.9699 14.8082 12.3182
    endloop
  endfacet
  facet normal -9.60779e-05 -0.121733 0.992563
    outer loop
      vertex 97.6 16.4441 12.5191
      vertex 95.7352 15.375 12.3878
      vertex 95.8711 15.0993 12.354
    endloop
  endfacet
  facet normal 3.22058e-05 -0.12191 0.992541
    outer loop
      vertex 97.2701 16.9394 12.5799
      vertex 95.5644 15.6306 12.4192
      vertex 95.7352 15.375 12.3878
    endloop
  endfacet
  facet normal 4.19394e-05 -0.121887 0.992544
    outer loop
      vertex 94.875 16.2352 12.4934
      vertex 95.95 18.0971 12.722
      vertex 95.4221 18.3575 12.754
    endloop
  endfacet
  facet normal 8.01551e-05 -0.121904 0.992542
    outer loop
      vertex 96.882 17.382 12.6342
      vertex 95.3617 15.8617 12.4476
      vertex 95.5644 15.6306 12.4192
    endloop
  endfacet
  facet normal 3.99588e-05 -0.12188 0.992545
    outer loop
      vertex 96.4394 17.7701 12.6819
      vertex 95.1306 16.0644 12.4725
      vertex 95.3617 15.8617 12.4476
    endloop
  endfacet
  facet normal -0.00019741 -0.12175 0.992561
    outer loop
      vertex 95.95 18.0971 12.722
      vertex 94.875 16.2352 12.4934
      vertex 95.1306 16.0644 12.4725
    endloop
  endfacet
  facet normal -4.82562e-05 -0.12185 0.992549
    outer loop
      vertex 94.5993 16.3711 12.5101
      vertex 95.4221 18.3575 12.754
      vertex 94.8647 18.5467 12.7772
    endloop
  endfacet
  facet normal 4.04411e-05 -0.121886 0.992544
    outer loop
      vertex 95.4221 18.3575 12.754
      vertex 94.5993 16.3711 12.5101
      vertex 94.875 16.2352 12.4934
    endloop
  endfacet
  facet normal 0.00023001 -0.121883 0.992544
    outer loop
      vertex 94.8647 18.5467 12.7772
      vertex 94.3082 16.4699 12.5223
      vertex 94.5993 16.3711 12.5101
    endloop
  endfacet
  facet normal 1.60025e-05 -0.121827 0.992551
    outer loop
      vertex 94.2874 18.6615 12.7913
      vertex 94.3082 16.4699 12.5223
      vertex 94.8647 18.5467 12.7772
    endloop
  endfacet
  facet normal -0.000212681 -0.121829 0.992551
    outer loop
      vertex 94.2874 18.6615 12.7913
      vertex 94.0067 16.5299 12.5296
      vertex 94.3082 16.4699 12.5223
    endloop
  endfacet
  facet normal 0.000122784 -0.121873 0.992546
    outer loop
      vertex 93.7 18.7 12.7961
      vertex 94.0067 16.5299 12.5296
      vertex 94.2874 18.6615 12.7913
    endloop
  endfacet
  facet normal 0.000103258 -0.121875 0.992545
    outer loop
      vertex 93.7 18.7 12.7961
      vertex 93.7 16.55 12.5321
      vertex 94.0067 16.5299 12.5296
    endloop
  endfacet
  facet normal -0.000103258 -0.121875 0.992545
    outer loop
      vertex 93.7 18.7 12.7961
      vertex 93.3933 16.5299 12.5296
      vertex 93.7 16.55 12.5321
    endloop
  endfacet
  facet normal -0.000122784 -0.121873 0.992546
    outer loop
      vertex 93.1126 18.6615 12.7913
      vertex 93.3933 16.5299 12.5296
      vertex 93.7 18.7 12.7961
    endloop
  endfacet
  facet normal 0.000212681 -0.121829 0.992551
    outer loop
      vertex 93.1126 18.6615 12.7913
      vertex 93.0918 16.4699 12.5223
      vertex 93.3933 16.5299 12.5296
    endloop
  endfacet
  facet normal -1.60025e-05 -0.121827 0.992551
    outer loop
      vertex 92.5353 18.5467 12.7772
      vertex 93.0918 16.4699 12.5223
      vertex 93.1126 18.6615 12.7913
    endloop
  endfacet
  facet normal -0.00023001 -0.121883 0.992544
    outer loop
      vertex 93.0918 16.4699 12.5223
      vertex 92.5353 18.5467 12.7772
      vertex 92.8007 16.3711 12.5101
    endloop
  endfacet
  facet normal 4.82562e-05 -0.12185 0.992549
    outer loop
      vertex 91.9779 18.3575 12.754
      vertex 92.8007 16.3711 12.5101
      vertex 92.5353 18.5467 12.7772
    endloop
  endfacet
  facet normal -4.04411e-05 -0.121886 0.992544
    outer loop
      vertex 92.8007 16.3711 12.5101
      vertex 91.9779 18.3575 12.754
      vertex 92.525 16.2352 12.4934
    endloop
  endfacet
  facet normal -4.19394e-05 -0.121887 0.992544
    outer loop
      vertex 91.45 18.0971 12.722
      vertex 92.525 16.2352 12.4934
      vertex 91.9779 18.3575 12.754
    endloop
  endfacet
  facet normal 0.00019741 -0.12175 0.992561
    outer loop
      vertex 92.525 16.2352 12.4934
      vertex 91.45 18.0971 12.722
      vertex 92.2694 16.0644 12.4725
    endloop
  endfacet
  facet normal 5.91328e-05 -0.121805 0.992554
    outer loop
      vertex 90.9606 17.7701 12.6819
      vertex 92.2694 16.0644 12.4725
      vertex 91.45 18.0971 12.722
    endloop
  endfacet
  facet normal -3.99588e-05 -0.12188 0.992545
    outer loop
      vertex 92.2694 16.0644 12.4725
      vertex 90.9606 17.7701 12.6819
      vertex 92.0383 15.8617 12.4476
    endloop
  endfacet
  facet normal -7.76877e-05 -0.121901 0.992542
    outer loop
      vertex 90.518 17.382 12.6342
      vertex 92.0383 15.8617 12.4476
      vertex 90.9606 17.7701 12.6819
    endloop
  endfacet
  facet normal -8.01551e-05 -0.121904 0.992542
    outer loop
      vertex 92.0383 15.8617 12.4476
      vertex 90.518 17.382 12.6342
      vertex 91.8356 15.6306 12.4192
    endloop
  endfacet
  facet normal 4.55688e-05 -0.121811 0.992553
    outer loop
      vertex 90.1299 16.9394 12.5799
      vertex 91.8356 15.6306 12.4192
      vertex 90.518 17.382 12.6342
    endloop
  endfacet
  facet normal -3.22058e-05 -0.12191 0.992541
    outer loop
      vertex 91.8356 15.6306 12.4192
      vertex 90.1299 16.9394 12.5799
      vertex 91.6648 15.375 12.3878
    endloop
  endfacet
  facet normal -5.26637e-06 -0.121884 0.992544
    outer loop
      vertex 89.8029 16.45 12.5198
      vertex 91.6648 15.375 12.3878
      vertex 90.1299 16.9394 12.5799
    endloop
  endfacet
  facet normal 8.63991e-05 -0.121728 0.992564
    outer loop
      vertex 91.6648 15.375 12.3878
      vertex 89.8029 16.45 12.5198
      vertex 91.5289 15.0993 12.354
    endloop
  endfacet
  facet normal 3.62778e-05 -0.121813 0.992553
    outer loop
      vertex 97.6 12.83 12.0753
      vertex 95.7352 13.025 12.0993
      vertex 97.5971 11.95 11.9673
    endloop
  endfacet
  facet normal -5.26637e-06 -0.121884 0.992544
    outer loop
      vertex 97.5971 11.95 11.9673
      vertex 95.7352 13.025 12.0993
      vertex 97.2701 11.4606 11.9072
    endloop
  endfacet
  facet normal -3.22058e-05 -0.12191 0.992541
    outer loop
      vertex 95.5644 12.7694 12.0679
      vertex 97.2701 11.4606 11.9072
      vertex 95.7352 13.025 12.0993
    endloop
  endfacet
  facet normal -5.7294e-05 -0.121943 0.992537
    outer loop
      vertex 97.2701 11.4606 11.9072
      vertex 95.5644 12.7694 12.0679
      vertex 96.882 11.018 11.8528
    endloop
  endfacet
  facet normal -4.53749e-05 -0.121934 0.992538
    outer loop
      vertex 95.3617 12.5383 12.0395
      vertex 96.882 11.018 11.8528
      vertex 95.5644 12.7694 12.0679
    endloop
  endfacet
  facet normal 7.22971e-05 -0.121818 0.992552
    outer loop
      vertex 96.882 11.018 11.8528
      vertex 95.3617 12.5383 12.0395
      vertex 96.4394 10.6299 11.8052
    endloop
  endfacet
  facet normal -3.99588e-05 -0.12188 0.992545
    outer loop
      vertex 95.1306 12.3356 12.0146
      vertex 96.4394 10.6299 11.8052
      vertex 95.3617 12.5383 12.0395
    endloop
  endfacet
  facet normal -7.49389e-05 -0.121907 0.992542
    outer loop
      vertex 96.4394 10.6299 11.8052
      vertex 95.1306 12.3356 12.0146
      vertex 95.95 10.3029 11.765
    endloop
  endfacet
  facet normal 0.000223114 -0.121788 0.992556
    outer loop
      vertex 94.875 12.1648 11.9937
      vertex 95.95 10.3029 11.765
      vertex 95.1306 12.3356 12.0146
    endloop
  endfacet
  facet normal 0.000124868 -0.121844 0.992549
    outer loop
      vertex 95.95 10.3029 11.765
      vertex 94.875 12.1648 11.9937
      vertex 95.4221 10.0425 11.7331
    endloop
  endfacet
  facet normal -4.04411e-05 -0.121886 0.992544
    outer loop
      vertex 94.5993 12.0289 11.977
      vertex 95.4221 10.0425 11.7331
      vertex 94.875 12.1648 11.9937
    endloop
  endfacet
  facet normal -0.000113613 -0.121916 0.99254
    outer loop
      vertex 95.4221 10.0425 11.7331
      vertex 94.5993 12.0289 11.977
      vertex 94.8647 9.85333 11.7098
    endloop
  endfacet
  facet normal -0.000214592 -0.121928 0.992539
    outer loop
      vertex 94.3082 11.9301 11.9648
      vertex 94.8647 9.85333 11.7098
      vertex 94.5993 12.0289 11.977
    endloop
  endfacet
  facet normal -6.34281e-07 -0.121872 0.992546
    outer loop
      vertex 94.3082 11.9301 11.9648
      vertex 94.2874 9.7385 11.6957
      vertex 94.8647 9.85333 11.7098
    endloop
  endfacet
  facet normal 0.00022171 -0.121874 0.992546
    outer loop
      vertex 94.0067 11.8701 11.9575
      vertex 94.2874 9.7385 11.6957
      vertex 94.3082 11.9301 11.9648
    endloop
  endfacet
  facet normal -0.000100578 -0.121916 0.99254
    outer loop
      vertex 93.7 11.85 11.955
      vertex 94.2874 9.7385 11.6957
      vertex 94.0067 11.8701 11.9575
    endloop
  endfacet
  facet normal 4.63692e-05 -0.121875 0.992545
    outer loop
      vertex 93.7 11.85 11.955
      vertex 93.7 9.7 11.691
      vertex 94.2874 9.7385 11.6957
    endloop
  endfacet
  facet normal 0.000103258 -0.121875 0.992545
    outer loop
      vertex 93.3933 11.8701 11.9575
      vertex 93.7 9.7 11.691
      vertex 93.7 11.85 11.955
    endloop
  endfacet
  facet normal -4.77681e-05 -0.121896 0.992543
    outer loop
      vertex 93.3933 11.8701 11.9575
      vertex 93.1126 9.7385 11.6957
      vertex 93.7 9.7 11.691
    endloop
  endfacet
  facet normal -0.00022171 -0.121874 0.992546
    outer loop
      vertex 93.0918 11.9301 11.9648
      vertex 93.1126 9.7385 11.6957
      vertex 93.3933 11.8701 11.9575
    endloop
  endfacet
  facet normal 0.000214592 -0.121928 0.992539
    outer loop
      vertex 92.5353 9.85333 11.7098
      vertex 93.0918 11.9301 11.9648
      vertex 92.8007 12.0289 11.977
    endloop
  endfacet
  facet normal 6.34281e-07 -0.121872 0.992546
    outer loop
      vertex 93.0918 11.9301 11.9648
      vertex 92.5353 9.85333 11.7098
      vertex 93.1126 9.7385 11.6957
    endloop
  endfacet
  facet normal 4.04411e-05 -0.121886 0.992544
    outer loop
      vertex 91.9779 10.0425 11.7331
      vertex 92.8007 12.0289 11.977
      vertex 92.525 12.1648 11.9937
    endloop
  endfacet
  facet normal -0.000223114 -0.121788 0.992556
    outer loop
      vertex 91.45 10.3029 11.765
      vertex 92.525 12.1648 11.9937
      vertex 92.2694 12.3356 12.0146
    endloop
  endfacet
  facet normal 3.99588e-05 -0.12188 0.992545
    outer loop
      vertex 90.9606 10.6299 11.8052
      vertex 92.2694 12.3356 12.0146
      vertex 92.0383 12.5383 12.0395
    endloop
  endfacet
  facet normal 0.000113613 -0.121916 0.99254
    outer loop
      vertex 92.8007 12.0289 11.977
      vertex 91.9779 10.0425 11.7331
      vertex 92.5353 9.85333 11.7098
    endloop
  endfacet
  facet normal 4.53749e-05 -0.121934 0.992538
    outer loop
      vertex 90.518 11.018 11.8528
      vertex 92.0383 12.5383 12.0395
      vertex 91.8356 12.7694 12.0679
    endloop
  endfacet
  facet normal 3.22058e-05 -0.12191 0.992541
    outer loop
      vertex 90.1299 11.4606 11.9072
      vertex 91.8356 12.7694 12.0679
      vertex 91.6648 13.025 12.0993
    endloop
  endfacet
  facet normal -8.63991e-05 -0.121728 0.992564
    outer loop
      vertex 89.8029 11.95 11.9673
      vertex 91.6648 13.025 12.0993
      vertex 91.5289 13.3007 12.1331
    endloop
  endfacet
  facet normal -0.000124868 -0.121844 0.992549
    outer loop
      vertex 92.525 12.1648 11.9937
      vertex 91.45 10.3029 11.765
      vertex 91.9779 10.0425 11.7331
    endloop
  endfacet
  facet normal 8.29797e-05 -0.122034 0.992526
    outer loop
      vertex 89.5425 12.4779 12.0321
      vertex 91.5289 13.3007 12.1331
      vertex 91.4301 13.5918 12.1689
    endloop
  endfacet
  facet normal -4.83074e-05 -0.121815 0.992553
    outer loop
      vertex 89.3533 13.0353 12.1005
      vertex 91.4301 13.5918 12.1689
      vertex 91.3701 13.8933 12.2059
    endloop
  endfacet
  facet normal -4.03859e-05 -0.121687 0.992569
    outer loop
      vertex 89.2385 13.6126 12.1714
      vertex 91.3701 13.8933 12.2059
      vertex 91.35 14.2 12.2435
    endloop
  endfacet
  facet normal 3.61534e-07 -0.121836 0.99255
    outer loop
      vertex 89.5425 15.9221 12.455
      vertex 91.5289 15.0993 12.354
      vertex 89.8029 16.45 12.5198
    endloop
  endfacet
  facet normal 7.49389e-05 -0.121907 0.992542
    outer loop
      vertex 92.2694 12.3356 12.0146
      vertex 90.9606 10.6299 11.8052
      vertex 91.45 10.3029 11.765
    endloop
  endfacet
  facet normal -8.29797e-05 -0.122034 0.992526
    outer loop
      vertex 91.5289 15.0993 12.354
      vertex 89.5425 15.9221 12.455
      vertex 91.4301 14.8082 12.3182
    endloop
  endfacet
  facet normal -7.22971e-05 -0.121818 0.992552
    outer loop
      vertex 92.0383 12.5383 12.0395
      vertex 90.518 11.018 11.8528
      vertex 90.9606 10.6299 11.8052
    endloop
  endfacet
  facet normal -3.91623e-05 -0.121961 0.992535
    outer loop
      vertex 89.3533 15.3647 12.3865
      vertex 91.4301 14.8082 12.3182
      vertex 89.5425 15.9221 12.455
    endloop
  endfacet
  facet normal 5.7294e-05 -0.121943 0.992537
    outer loop
      vertex 91.8356 12.7694 12.0679
      vertex 90.1299 11.4606 11.9072
      vertex 90.518 11.018 11.8528
    endloop
  endfacet
  facet normal 2.93457e-06 -0.121807 0.992554
    outer loop
      vertex 91.4301 14.8082 12.3182
      vertex 89.3533 15.3647 12.3865
      vertex 91.3701 14.5067 12.2812
    endloop
  endfacet
  facet normal 5.26637e-06 -0.121884 0.992544
    outer loop
      vertex 91.6648 13.025 12.0993
      vertex 89.8029 11.95 11.9673
      vertex 90.1299 11.4606 11.9072
    endloop
  endfacet
  facet normal 3.40261e-05 -0.121735 0.992563
    outer loop
      vertex 89.2385 14.7874 12.3157
      vertex 91.3701 14.5067 12.2812
      vertex 89.3533 15.3647 12.3865
    endloop
  endfacet
  facet normal -3.61534e-07 -0.121836 0.99255
    outer loop
      vertex 91.5289 13.3007 12.1331
      vertex 89.5425 12.4779 12.0321
      vertex 89.8029 11.95 11.9673
    endloop
  endfacet
  facet normal -1.86644e-06 -0.122003 0.99253
    outer loop
      vertex 91.3701 14.5067 12.2812
      vertex 89.2385 14.7874 12.3157
      vertex 91.35 14.2 12.2435
    endloop
  endfacet
  facet normal -4.8382e-05 -0.121815 0.992553
    outer loop
      vertex 91.4301 13.5918 12.1689
      vertex 89.3533 13.0353 12.1005
      vertex 89.5425 12.4779 12.0321
    endloop
  endfacet
  facet normal 0 -0.121996 0.992531
    outer loop
      vertex 89.2 14.2 12.2435
      vertex 91.35 14.2 12.2435
      vertex 89.2385 14.7874 12.3157
    endloop
  endfacet
  facet normal -1.19627e-05 -0.1219 0.992542
    outer loop
      vertex 91.3701 13.8933 12.2059
      vertex 89.2385 13.6126 12.1714
      vertex 89.3533 13.0353 12.1005
    endloop
  endfacet
  facet normal 0 -0.12183 0.992551
    outer loop
      vertex 91.35 14.2 12.2435
      vertex 89.2 14.2 12.2435
      vertex 89.2385 13.6126 12.1714
    endloop
  endfacet
  facet normal 0.831475 0.555562 0
    outer loop
      vertex 97.5971 16.45 12.5198
      vertex 97.2701 16.9394 5.0799
      vertex 97.2701 16.9394 12.5799
    endloop
  endfacet
  facet normal 0.831475 0.555562 0
    outer loop
      vertex 97.2701 16.9394 5.0799
      vertex 97.5971 16.45 12.5198
      vertex 97.5971 16.45 5.01981
    endloop
  endfacet
  facet normal 0.555562 0.831475 0
    outer loop
      vertex 96.4394 17.7701 12.6819
      vertex 95.95 18.0971 5.22205
      vertex 95.95 18.0971 12.722
    endloop
  endfacet
  facet normal 0.555562 0.831475 0
    outer loop
      vertex 95.95 18.0971 5.22205
      vertex 96.4394 17.7701 12.6819
      vertex 96.4394 17.7701 5.18189
    endloop
  endfacet
  facet normal 0.896827 -0.442382 0
    outer loop
      vertex 97.5971 11.95 11.9673
      vertex 97.8575 12.4779 5.5321
      vertex 97.8575 12.4779 12.0321
    endloop
  endfacet
  facet normal 0.89682 -0.442396 -1.44051e-06
    outer loop
      vertex 97.8575 12.4779 5.5321
      vertex 97.5971 11.95 11.9673
      vertex 97.6 11.9559 5.46799
    endloop
  endfacet
  facet normal 0.897449 -0.441119 0
    outer loop
      vertex 97.5971 11.95 4.46728
      vertex 97.6 11.9559 5.46799
      vertex 97.5971 11.95 11.9673
    endloop
  endfacet
  facet normal 0.897449 -0.441119 0
    outer loop
      vertex 97.6 11.9559 5.46799
      vertex 97.5971 11.95 4.46728
      vertex 97.6 11.9559 4.46799
    endloop
  endfacet
  facet normal 0.321421 0.946936 0
    outer loop
      vertex 95.4221 18.3575 12.754
      vertex 94.8647 18.5467 5.27724
      vertex 94.8647 18.5467 12.7772
    endloop
  endfacet
  facet normal 0.321421 0.946936 0
    outer loop
      vertex 94.8647 18.5467 5.27724
      vertex 95.4221 18.3575 12.754
      vertex 95.4221 18.3575 5.25401
    endloop
  endfacet
  facet normal -0.896827 0.442382 0
    outer loop
      vertex 89.5425 15.9221 12.455
      vertex 89.8029 16.45 5.01981
      vertex 89.5425 15.9221 4.95499
    endloop
  endfacet
  facet normal -0.896827 0.442382 0
    outer loop
      vertex 89.8029 16.45 5.01981
      vertex 89.5425 15.9221 12.455
      vertex 89.8029 16.45 12.5198
    endloop
  endfacet
  facet normal -0.659298 0.751882 0
    outer loop
      vertex 90.9606 17.7701 5.18189
      vertex 90.518 17.382 12.6342
      vertex 90.9606 17.7701 12.6819
    endloop
  endfacet
  facet normal -0.659298 0.751882 0
    outer loop
      vertex 90.518 17.382 12.6342
      vertex 90.9606 17.7701 5.18189
      vertex 90.518 17.382 5.13424
    endloop
  endfacet
  facet normal 0.321376 -0.946952 0
    outer loop
      vertex 94.8647 9.85333 11.7098
      vertex 95.4221 10.0425 4.23307
      vertex 95.4221 10.0425 11.7331
    endloop
  endfacet
  facet normal 0.321376 -0.946952 0
    outer loop
      vertex 95.4221 10.0425 4.23307
      vertex 94.8647 9.85333 11.7098
      vertex 94.8647 9.85333 4.20984
    endloop
  endfacet
  facet normal -0.997859 -0.0654027 -0
    outer loop
      vertex 89.2385 13.6126 12.1714
      vertex 89.2 14.2 4.74354
      vertex 89.2385 13.6126 4.67142
    endloop
  endfacet
  facet normal -0.997859 -0.0654027 0
    outer loop
      vertex 89.2 14.2 4.74354
      vertex 89.2385 13.6126 12.1714
      vertex 89.2 14.2 12.2435
    endloop
  endfacet
  facet normal -0.659298 -0.751882 0
    outer loop
      vertex 90.518 11.018 4.35284
      vertex 90.9606 10.6299 11.8052
      vertex 90.518 11.018 11.8528
    endloop
  endfacet
  facet normal -0.659298 -0.751882 -0
    outer loop
      vertex 90.9606 10.6299 11.8052
      vertex 90.518 11.018 4.35284
      vertex 90.9606 10.6299 4.30519
    endloop
  endfacet
  facet normal -0.321421 0.946936 0
    outer loop
      vertex 92.5353 18.5467 5.27724
      vertex 91.9779 18.3575 12.754
      vertex 92.5353 18.5467 12.7772
    endloop
  endfacet
  facet normal -0.321421 0.946936 0
    outer loop
      vertex 91.9779 18.3575 12.754
      vertex 92.5353 18.5467 5.27724
      vertex 91.9779 18.3575 5.25401
    endloop
  endfacet
  facet normal -0.831475 -0.555562 -0
    outer loop
      vertex 90.1299 11.4606 11.9072
      vertex 89.8029 11.95 4.46728
      vertex 90.1299 11.4606 4.40718
    endloop
  endfacet
  facet normal -0.831475 -0.555562 0
    outer loop
      vertex 89.8029 11.95 4.46728
      vertex 90.1299 11.4606 11.9072
      vertex 89.8029 11.95 11.9673
    endloop
  endfacet
  facet normal -0.555562 0.831475 0
    outer loop
      vertex 91.45 18.0971 5.22205
      vertex 90.9606 17.7701 12.6819
      vertex 91.45 18.0971 12.722
    endloop
  endfacet
  facet normal -0.555562 0.831475 0
    outer loop
      vertex 90.9606 17.7701 12.6819
      vertex 91.45 18.0971 5.22205
      vertex 90.9606 17.7701 5.18189
    endloop
  endfacet
  facet normal -0.997859 0.0654027 0
    outer loop
      vertex 89.2 14.2 12.2435
      vertex 89.2385 14.7874 4.81566
      vertex 89.2 14.2 4.74354
    endloop
  endfacet
  facet normal -0.997859 0.0654027 0
    outer loop
      vertex 89.2385 14.7874 4.81566
      vertex 89.2 14.2 12.2435
      vertex 89.2385 14.7874 12.3157
    endloop
  endfacet
  facet normal 0.195038 0.980796 0
    outer loop
      vertex 94.8647 18.5467 12.7772
      vertex 94.2874 18.6615 5.29134
      vertex 94.2874 18.6615 12.7913
    endloop
  endfacet
  facet normal 0.195038 0.980796 0
    outer loop
      vertex 94.2874 18.6615 5.29134
      vertex 94.8647 18.5467 12.7772
      vertex 94.8647 18.5467 5.27724
    endloop
  endfacet
  facet normal -0.442382 0.896827 0
    outer loop
      vertex 91.9779 18.3575 5.25401
      vertex 91.45 18.0971 12.722
      vertex 91.9779 18.3575 12.754
    endloop
  endfacet
  facet normal -0.442382 0.896827 0
    outer loop
      vertex 91.45 18.0971 12.722
      vertex 91.9779 18.3575 5.25401
      vertex 91.45 18.0971 5.22205
    endloop
  endfacet
  facet normal 0.0654027 -0.997859 0
    outer loop
      vertex 93.7 9.7 11.691
      vertex 94.2874 9.7385 4.19574
      vertex 94.2874 9.7385 11.6957
    endloop
  endfacet
  facet normal 0.0654027 -0.997859 0
    outer loop
      vertex 94.2874 9.7385 4.19574
      vertex 93.7 9.7 11.691
      vertex 93.7 9.7 4.19101
    endloop
  endfacet
  facet normal 0.659298 -0.751882 0
    outer loop
      vertex 96.4394 10.6299 11.8052
      vertex 96.882 11.018 4.35284
      vertex 96.882 11.018 11.8528
    endloop
  endfacet
  facet normal 0.659298 -0.751882 0
    outer loop
      vertex 96.882 11.018 4.35284
      vertex 96.4394 10.6299 11.8052
      vertex 96.4394 10.6299 4.30519
    endloop
  endfacet
  facet normal -0.946936 -0.321421 -0
    outer loop
      vertex 89.5425 12.4779 12.0321
      vertex 89.3533 13.0353 4.60054
      vertex 89.5425 12.4779 4.5321
    endloop
  endfacet
  facet normal -0.946936 -0.321421 0
    outer loop
      vertex 89.3533 13.0353 4.60054
      vertex 89.5425 12.4779 12.0321
      vertex 89.3533 13.0353 12.1005
    endloop
  endfacet
  facet normal 0.946948 -0.321387 0
    outer loop
      vertex 97.8575 12.4779 12.0321
      vertex 97.977 12.83 5.57533
      vertex 97.977 12.83 12.0753
    endloop
  endfacet
  facet normal 0.946948 -0.321387 0
    outer loop
      vertex 97.977 12.83 5.57533
      vertex 97.8575 12.4779 12.0321
      vertex 97.8575 12.4779 5.5321
    endloop
  endfacet
  facet normal 0.442382 0.896827 0
    outer loop
      vertex 95.95 18.0971 12.722
      vertex 95.4221 18.3575 5.25401
      vertex 95.4221 18.3575 12.754
    endloop
  endfacet
  facet normal 0.442382 0.896827 0
    outer loop
      vertex 95.4221 18.3575 5.25401
      vertex 95.95 18.0971 12.722
      vertex 95.95 18.0971 5.22205
    endloop
  endfacet
  facet normal -0.195038 0.980796 0
    outer loop
      vertex 93.1126 18.6615 5.29134
      vertex 92.5353 18.5467 12.7772
      vertex 93.1126 18.6615 12.7913
    endloop
  endfacet
  facet normal -0.195038 0.980796 0
    outer loop
      vertex 92.5353 18.5467 12.7772
      vertex 93.1126 18.6615 5.29134
      vertex 92.5353 18.5467 5.27724
    endloop
  endfacet
  facet normal 0.751882 0.659298 0
    outer loop
      vertex 97.2701 16.9394 12.5799
      vertex 96.882 17.382 5.13424
      vertex 96.882 17.382 12.6342
    endloop
  endfacet
  facet normal 0.751882 0.659298 0
    outer loop
      vertex 96.882 17.382 5.13424
      vertex 97.2701 16.9394 12.5799
      vertex 97.2701 16.9394 5.0799
    endloop
  endfacet
  facet normal 0.751882 -0.659298 0
    outer loop
      vertex 96.882 11.018 11.8528
      vertex 97.2701 11.4606 4.40718
      vertex 97.2701 11.4606 11.9072
    endloop
  endfacet
  facet normal 0.751882 -0.659298 0
    outer loop
      vertex 97.2701 11.4606 4.40718
      vertex 96.882 11.018 11.8528
      vertex 96.882 11.018 4.35284
    endloop
  endfacet
  facet normal -0.442382 -0.896827 0
    outer loop
      vertex 91.45 10.3029 4.26504
      vertex 91.9779 10.0425 11.7331
      vertex 91.45 10.3029 11.765
    endloop
  endfacet
  facet normal -0.442382 -0.896827 -0
    outer loop
      vertex 91.9779 10.0425 11.7331
      vertex 91.45 10.3029 4.26504
      vertex 91.9779 10.0425 4.23307
    endloop
  endfacet
  facet normal -0.946936 0.321421 0
    outer loop
      vertex 89.3533 15.3647 12.3865
      vertex 89.5425 15.9221 4.95499
      vertex 89.3533 15.3647 4.88655
    endloop
  endfacet
  facet normal -0.946936 0.321421 0
    outer loop
      vertex 89.5425 15.9221 4.95499
      vertex 89.3533 15.3647 12.3865
      vertex 89.5425 15.9221 12.455
    endloop
  endfacet
  facet normal 0.195087 -0.980786 0
    outer loop
      vertex 94.2874 9.7385 11.6957
      vertex 94.8647 9.85333 4.20984
      vertex 94.8647 9.85333 11.7098
    endloop
  endfacet
  facet normal 0.195087 -0.980786 0
    outer loop
      vertex 94.8647 9.85333 4.20984
      vertex 94.2874 9.7385 11.6957
      vertex 94.2874 9.7385 4.19574
    endloop
  endfacet
  facet normal 0.442382 -0.896827 0
    outer loop
      vertex 95.4221 10.0425 11.7331
      vertex 95.95 10.3029 4.26504
      vertex 95.95 10.3029 11.765
    endloop
  endfacet
  facet normal 0.442382 -0.896827 0
    outer loop
      vertex 95.95 10.3029 4.26504
      vertex 95.4221 10.0425 11.7331
      vertex 95.4221 10.0425 4.23307
    endloop
  endfacet
  facet normal -0.751882 0.659298 0
    outer loop
      vertex 90.1299 16.9394 12.5799
      vertex 90.518 17.382 5.13424
      vertex 90.1299 16.9394 5.0799
    endloop
  endfacet
  facet normal -0.751882 0.659298 0
    outer loop
      vertex 90.518 17.382 5.13424
      vertex 90.1299 16.9394 12.5799
      vertex 90.518 17.382 12.6342
    endloop
  endfacet
  facet normal 0.659298 0.751882 0
    outer loop
      vertex 96.882 17.382 12.6342
      vertex 96.4394 17.7701 5.18189
      vertex 96.4394 17.7701 12.6819
    endloop
  endfacet
  facet normal 0.659298 0.751882 0
    outer loop
      vertex 96.4394 17.7701 5.18189
      vertex 96.882 17.382 12.6342
      vertex 96.882 17.382 5.13424
    endloop
  endfacet
  facet normal -0.896827 -0.442382 -0
    outer loop
      vertex 89.8029 11.95 11.9673
      vertex 89.5425 12.4779 4.5321
      vertex 89.8029 11.95 4.46728
    endloop
  endfacet
  facet normal -0.896827 -0.442382 0
    outer loop
      vertex 89.5425 12.4779 4.5321
      vertex 89.8029 11.95 11.9673
      vertex 89.5425 12.4779 12.0321
    endloop
  endfacet
  facet normal 0.831475 -0.555562 0
    outer loop
      vertex 97.2701 11.4606 11.9072
      vertex 97.5971 11.95 4.46728
      vertex 97.5971 11.95 11.9673
    endloop
  endfacet
  facet normal 0.831475 -0.555562 0
    outer loop
      vertex 97.5971 11.95 4.46728
      vertex 97.2701 11.4606 11.9072
      vertex 97.2701 11.4606 4.40718
    endloop
  endfacet
  facet normal 0.897449 0.441119 0
    outer loop
      vertex 97.6 16.4441 12.5191
      vertex 97.5971 16.45 5.01981
      vertex 97.5971 16.45 12.5198
    endloop
  endfacet
  facet normal 0.897449 0.441119 0
    outer loop
      vertex 97.5971 16.45 5.01981
      vertex 97.6 16.4441 12.5191
      vertex 97.6 16.4441 5.01909
    endloop
  endfacet
  facet normal -0.0654027 -0.997859 0
    outer loop
      vertex 93.1126 9.7385 4.19574
      vertex 93.7 9.7 11.691
      vertex 93.1126 9.7385 11.6957
    endloop
  endfacet
  facet normal -0.0654027 -0.997859 -0
    outer loop
      vertex 93.7 9.7 11.691
      vertex 93.1126 9.7385 4.19574
      vertex 93.7 9.7 4.19101
    endloop
  endfacet
  facet normal -0.555562 -0.831475 0
    outer loop
      vertex 90.9606 10.6299 4.30519
      vertex 91.45 10.3029 11.765
      vertex 90.9606 10.6299 11.8052
    endloop
  endfacet
  facet normal -0.555562 -0.831475 -0
    outer loop
      vertex 91.45 10.3029 11.765
      vertex 90.9606 10.6299 4.30519
      vertex 91.45 10.3029 4.26504
    endloop
  endfacet
  facet normal 0.555562 -0.831475 0
    outer loop
      vertex 95.95 10.3029 11.765
      vertex 96.4394 10.6299 4.30519
      vertex 96.4394 10.6299 11.8052
    endloop
  endfacet
  facet normal 0.555562 -0.831475 0
    outer loop
      vertex 96.4394 10.6299 4.30519
      vertex 95.95 10.3029 11.765
      vertex 95.95 10.3029 4.26504
    endloop
  endfacet
  facet normal -0.980796 0.195038 0
    outer loop
      vertex 89.2385 14.7874 12.3157
      vertex 89.3533 15.3647 4.88655
      vertex 89.2385 14.7874 4.81566
    endloop
  endfacet
  facet normal -0.980796 0.195038 0
    outer loop
      vertex 89.3533 15.3647 4.88655
      vertex 89.2385 14.7874 12.3157
      vertex 89.3533 15.3647 12.3865
    endloop
  endfacet
  facet normal -0.0654027 0.997859 0
    outer loop
      vertex 93.7 18.7 5.29607
      vertex 93.1126 18.6615 12.7913
      vertex 93.7 18.7 12.7961
    endloop
  endfacet
  facet normal -0.0654027 0.997859 0
    outer loop
      vertex 93.1126 18.6615 12.7913
      vertex 93.7 18.7 5.29607
      vertex 93.1126 18.6615 5.29134
    endloop
  endfacet
  facet normal -0.321376 -0.946952 0
    outer loop
      vertex 91.9779 10.0425 4.23307
      vertex 92.5353 9.85333 11.7098
      vertex 91.9779 10.0425 11.7331
    endloop
  endfacet
  facet normal -0.321376 -0.946952 -0
    outer loop
      vertex 92.5353 9.85333 11.7098
      vertex 91.9779 10.0425 4.23307
      vertex 92.5353 9.85333 4.20984
    endloop
  endfacet
  facet normal -0.980796 -0.195038 -0
    outer loop
      vertex 89.3533 13.0353 12.1005
      vertex 89.2385 13.6126 4.67142
      vertex 89.3533 13.0353 4.60054
    endloop
  endfacet
  facet normal -0.980796 -0.195038 0
    outer loop
      vertex 89.2385 13.6126 4.67142
      vertex 89.3533 13.0353 12.1005
      vertex 89.2385 13.6126 12.1714
    endloop
  endfacet
  facet normal -0.751882 -0.659298 -0
    outer loop
      vertex 90.518 11.018 11.8528
      vertex 90.1299 11.4606 4.40718
      vertex 90.518 11.018 4.35284
    endloop
  endfacet
  facet normal -0.751882 -0.659298 0
    outer loop
      vertex 90.1299 11.4606 4.40718
      vertex 90.518 11.018 11.8528
      vertex 90.1299 11.4606 11.9072
    endloop
  endfacet
  facet normal 0.0654027 0.997859 0
    outer loop
      vertex 94.2874 18.6615 12.7913
      vertex 93.7 18.7 5.29607
      vertex 93.7 18.7 12.7961
    endloop
  endfacet
  facet normal 0.0654027 0.997859 0
    outer loop
      vertex 93.7 18.7 5.29607
      vertex 94.2874 18.6615 12.7913
      vertex 94.2874 18.6615 5.29134
    endloop
  endfacet
  facet normal -0.195087 -0.980786 0
    outer loop
      vertex 92.5353 9.85333 4.20984
      vertex 93.1126 9.7385 11.6957
      vertex 92.5353 9.85333 11.7098
    endloop
  endfacet
  facet normal -0.195087 -0.980786 -0
    outer loop
      vertex 93.1126 9.7385 11.6957
      vertex 92.5353 9.85333 4.20984
      vertex 93.1126 9.7385 4.19574
    endloop
  endfacet
  facet normal -0.831475 0.555562 0
    outer loop
      vertex 89.8029 16.45 12.5198
      vertex 90.1299 16.9394 5.0799
      vertex 89.8029 16.45 5.01981
    endloop
  endfacet
  facet normal -0.831475 0.555562 0
    outer loop
      vertex 90.1299 16.9394 5.0799
      vertex 89.8029 16.45 12.5198
      vertex 90.1299 16.9394 12.5799
    endloop
  endfacet
  facet normal -0.195178 -0.980768 0
    outer loop
      vertex 94.0067 16.5299 8.52962
      vertex 94.3082 16.4699 12.5223
      vertex 94.0067 16.5299 12.5296
    endloop
  endfacet
  facet normal -0.195178 -0.980768 -0
    outer loop
      vertex 94.3082 16.4699 12.5223
      vertex 94.0067 16.5299 8.52962
      vertex 94.3082 16.4699 8.52225
    endloop
  endfacet
  facet normal -0.980768 -0.195178 -0
    outer loop
      vertex 96.0299 14.5067 12.2812
      vertex 95.9699 14.8082 8.31822
      vertex 96.0299 14.5067 8.2812
    endloop
  endfacet
  facet normal -0.980768 -0.195178 0
    outer loop
      vertex 95.9699 14.8082 8.31822
      vertex 96.0299 14.5067 12.2812
      vertex 95.9699 14.8082 12.3182
    endloop
  endfacet
  facet normal -0.997859 -0.0653961 -0
    outer loop
      vertex 96.05 14.2 12.2435
      vertex 96.0299 14.5067 8.2812
      vertex 96.05 14.2 8.24354
    endloop
  endfacet
  facet normal -0.997859 -0.0653961 0
    outer loop
      vertex 96.0299 14.5067 8.2812
      vertex 96.05 14.2 12.2435
      vertex 96.0299 14.5067 12.2812
    endloop
  endfacet
  facet normal -0.946945 -0.321395 -0
    outer loop
      vertex 95.9699 14.8082 12.3182
      vertex 95.8711 15.0993 8.35396
      vertex 95.9699 14.8082 8.31822
    endloop
  endfacet
  facet normal -0.946945 -0.321395 0
    outer loop
      vertex 95.8711 15.0993 8.35396
      vertex 95.9699 14.8082 12.3182
      vertex 95.8711 15.0993 12.354
    endloop
  endfacet
  facet normal -0.831449 -0.555601 -0
    outer loop
      vertex 95.7352 15.375 12.3878
      vertex 95.5644 15.6306 8.4192
      vertex 95.7352 15.375 8.38781
    endloop
  endfacet
  facet normal -0.831449 -0.555601 0
    outer loop
      vertex 95.5644 15.6306 8.4192
      vertex 95.7352 15.375 12.3878
      vertex 95.5644 15.6306 12.4192
    endloop
  endfacet
  facet normal -0.321395 -0.946945 0
    outer loop
      vertex 94.3082 16.4699 8.52225
      vertex 94.5993 16.3711 12.5101
      vertex 94.3082 16.4699 12.5223
    endloop
  endfacet
  facet normal -0.321395 -0.946945 -0
    outer loop
      vertex 94.5993 16.3711 12.5101
      vertex 94.3082 16.4699 8.52225
      vertex 94.5993 16.3711 8.51012
    endloop
  endfacet
  facet normal 0.980768 0.195178 0
    outer loop
      vertex 91.4301 13.5918 12.1689
      vertex 91.3701 13.8933 8.20588
      vertex 91.3701 13.8933 12.2059
    endloop
  endfacet
  facet normal 0.980768 0.195178 0
    outer loop
      vertex 91.3701 13.8933 8.20588
      vertex 91.4301 13.5918 12.1689
      vertex 91.4301 13.5918 8.16886
    endloop
  endfacet
  facet normal -0.997859 0.0653961 0
    outer loop
      vertex 96.0299 13.8933 12.2059
      vertex 96.05 14.2 8.24354
      vertex 96.0299 13.8933 8.20588
    endloop
  endfacet
  facet normal -0.997859 0.0653961 0
    outer loop
      vertex 96.05 14.2 8.24354
      vertex 96.0299 13.8933 12.2059
      vertex 96.05 14.2 12.2435
    endloop
  endfacet
  facet normal 0.555601 0.831449 0
    outer loop
      vertex 92.525 12.1648 11.9937
      vertex 92.2694 12.3356 8.01462
      vertex 92.2694 12.3356 12.0146
    endloop
  endfacet
  facet normal 0.555601 0.831449 0
    outer loop
      vertex 92.2694 12.3356 8.01462
      vertex 92.525 12.1648 11.9937
      vertex 92.525 12.1648 7.99365
    endloop
  endfacet
  facet normal 0.997859 0.0653961 0
    outer loop
      vertex 91.3701 13.8933 12.2059
      vertex 91.35 14.2 8.24354
      vertex 91.35 14.2 12.2435
    endloop
  endfacet
  facet normal 0.997859 0.0653961 0
    outer loop
      vertex 91.35 14.2 8.24354
      vertex 91.3701 13.8933 12.2059
      vertex 91.3701 13.8933 8.20588
    endloop
  endfacet
  facet normal 0.321395 0.946945 0
    outer loop
      vertex 93.0918 11.9301 11.9648
      vertex 92.8007 12.0289 7.97696
      vertex 92.8007 12.0289 11.977
    endloop
  endfacet
  facet normal 0.321395 0.946945 0
    outer loop
      vertex 92.8007 12.0289 7.97696
      vertex 93.0918 11.9301 11.9648
      vertex 93.0918 11.9301 7.96483
    endloop
  endfacet
  facet normal -0.89695 -0.442131 -0
    outer loop
      vertex 95.8711 15.0993 12.354
      vertex 95.7352 15.375 8.38781
      vertex 95.8711 15.0993 8.35396
    endloop
  endfacet
  facet normal -0.89695 -0.442131 0
    outer loop
      vertex 95.7352 15.375 8.38781
      vertex 95.8711 15.0993 12.354
      vertex 95.7352 15.375 12.3878
    endloop
  endfacet
  facet normal -0.75179 -0.659402 -0
    outer loop
      vertex 95.5644 15.6306 12.4192
      vertex 95.3617 15.8617 8.44757
      vertex 95.5644 15.6306 8.4192
    endloop
  endfacet
  facet normal -0.75179 -0.659402 0
    outer loop
      vertex 95.3617 15.8617 8.44757
      vertex 95.5644 15.6306 12.4192
      vertex 95.3617 15.8617 12.4476
    endloop
  endfacet
  facet normal -0.946945 0.321395 0
    outer loop
      vertex 95.8711 13.3007 12.1331
      vertex 95.9699 13.5918 8.16886
      vertex 95.8711 13.3007 8.13312
    endloop
  endfacet
  facet normal -0.946945 0.321395 0
    outer loop
      vertex 95.9699 13.5918 8.16886
      vertex 95.8711 13.3007 12.1331
      vertex 95.9699 13.5918 12.1689
    endloop
  endfacet
  facet normal 0.75179 0.659402 0
    outer loop
      vertex 92.0383 12.5383 12.0395
      vertex 91.8356 12.7694 8.06789
      vertex 91.8356 12.7694 12.0679
    endloop
  endfacet
  facet normal 0.75179 0.659402 0
    outer loop
      vertex 91.8356 12.7694 8.06789
      vertex 92.0383 12.5383 12.0395
      vertex 92.0383 12.5383 8.03951
    endloop
  endfacet
  facet normal -0.980768 0.195178 0
    outer loop
      vertex 95.9699 13.5918 12.1689
      vertex 96.0299 13.8933 8.20588
      vertex 95.9699 13.5918 8.16886
    endloop
  endfacet
  facet normal -0.980768 0.195178 0
    outer loop
      vertex 96.0299 13.8933 8.20588
      vertex 95.9699 13.5918 12.1689
      vertex 96.0299 13.8933 12.2059
    endloop
  endfacet
  facet normal -0.0653961 0.997859 0
    outer loop
      vertex 94.0067 11.8701 7.95747
      vertex 93.7 11.85 11.955
      vertex 94.0067 11.8701 11.9575
    endloop
  endfacet
  facet normal -0.0653961 0.997859 0
    outer loop
      vertex 93.7 11.85 11.955
      vertex 94.0067 11.8701 7.95747
      vertex 93.7 11.85 7.955
    endloop
  endfacet
  facet normal 0.946945 0.321395 0
    outer loop
      vertex 91.5289 13.3007 12.1331
      vertex 91.4301 13.5918 8.16886
      vertex 91.4301 13.5918 12.1689
    endloop
  endfacet
  facet normal 0.946945 0.321395 0
    outer loop
      vertex 91.4301 13.5918 8.16886
      vertex 91.5289 13.3007 12.1331
      vertex 91.5289 13.3007 8.13312
    endloop
  endfacet
  facet normal -0.831449 0.555601 0
    outer loop
      vertex 95.5644 12.7694 12.0679
      vertex 95.7352 13.025 8.09927
      vertex 95.5644 12.7694 8.06789
    endloop
  endfacet
  facet normal -0.831449 0.555601 0
    outer loop
      vertex 95.7352 13.025 8.09927
      vertex 95.5644 12.7694 12.0679
      vertex 95.7352 13.025 12.0993
    endloop
  endfacet
  facet normal -0.442131 -0.89695 0
    outer loop
      vertex 94.5993 16.3711 8.51012
      vertex 94.875 16.2352 12.4934
      vertex 94.5993 16.3711 12.5101
    endloop
  endfacet
  facet normal -0.442131 -0.89695 -0
    outer loop
      vertex 94.875 16.2352 12.4934
      vertex 94.5993 16.3711 8.51012
      vertex 94.875 16.2352 8.49343
    endloop
  endfacet
  facet normal 0.442131 -0.89695 0
    outer loop
      vertex 92.525 16.2352 12.4934
      vertex 92.8007 16.3711 8.51012
      vertex 92.8007 16.3711 12.5101
    endloop
  endfacet
  facet normal 0.442131 -0.89695 0
    outer loop
      vertex 92.8007 16.3711 8.51012
      vertex 92.525 16.2352 12.4934
      vertex 92.525 16.2352 8.49343
    endloop
  endfacet
  facet normal -0.442131 0.89695 0
    outer loop
      vertex 94.875 12.1648 7.99365
      vertex 94.5993 12.0289 11.977
      vertex 94.875 12.1648 11.9937
    endloop
  endfacet
  facet normal -0.442131 0.89695 0
    outer loop
      vertex 94.5993 12.0289 11.977
      vertex 94.875 12.1648 7.99365
      vertex 94.5993 12.0289 7.97696
    endloop
  endfacet
  facet normal -0.321395 0.946945 0
    outer loop
      vertex 94.5993 12.0289 7.97696
      vertex 94.3082 11.9301 11.9648
      vertex 94.5993 12.0289 11.977
    endloop
  endfacet
  facet normal -0.321395 0.946945 0
    outer loop
      vertex 94.3082 11.9301 11.9648
      vertex 94.5993 12.0289 7.97696
      vertex 94.3082 11.9301 7.96483
    endloop
  endfacet
  facet normal 0.195178 0.980768 0
    outer loop
      vertex 93.3933 11.8701 11.9575
      vertex 93.0918 11.9301 7.96483
      vertex 93.0918 11.9301 11.9648
    endloop
  endfacet
  facet normal 0.195178 0.980768 0
    outer loop
      vertex 93.0918 11.9301 7.96483
      vertex 93.3933 11.8701 11.9575
      vertex 93.3933 11.8701 7.95747
    endloop
  endfacet
  facet normal 0.946945 -0.321395 0
    outer loop
      vertex 91.4301 14.8082 12.3182
      vertex 91.5289 15.0993 8.35396
      vertex 91.5289 15.0993 12.354
    endloop
  endfacet
  facet normal 0.946945 -0.321395 0
    outer loop
      vertex 91.5289 15.0993 8.35396
      vertex 91.4301 14.8082 12.3182
      vertex 91.4301 14.8082 8.31822
    endloop
  endfacet
  facet normal 0.195178 -0.980768 0
    outer loop
      vertex 93.0918 16.4699 12.5223
      vertex 93.3933 16.5299 8.52962
      vertex 93.3933 16.5299 12.5296
    endloop
  endfacet
  facet normal 0.195178 -0.980768 0
    outer loop
      vertex 93.3933 16.5299 8.52962
      vertex 93.0918 16.4699 12.5223
      vertex 93.0918 16.4699 8.52225
    endloop
  endfacet
  facet normal 0.555601 -0.831449 0
    outer loop
      vertex 92.2694 16.0644 12.4725
      vertex 92.525 16.2352 8.49343
      vertex 92.525 16.2352 12.4934
    endloop
  endfacet
  facet normal 0.555601 -0.831449 0
    outer loop
      vertex 92.525 16.2352 8.49343
      vertex 92.2694 16.0644 12.4725
      vertex 92.2694 16.0644 8.47246
    endloop
  endfacet
  facet normal -0.555601 0.831449 0
    outer loop
      vertex 95.1306 12.3356 8.01462
      vertex 94.875 12.1648 11.9937
      vertex 95.1306 12.3356 12.0146
    endloop
  endfacet
  facet normal -0.555601 0.831449 0
    outer loop
      vertex 94.875 12.1648 11.9937
      vertex 95.1306 12.3356 8.01462
      vertex 94.875 12.1648 7.99365
    endloop
  endfacet
  facet normal -0.195178 0.980768 0
    outer loop
      vertex 94.3082 11.9301 7.96483
      vertex 94.0067 11.8701 11.9575
      vertex 94.3082 11.9301 11.9648
    endloop
  endfacet
  facet normal -0.195178 0.980768 0
    outer loop
      vertex 94.0067 11.8701 11.9575
      vertex 94.3082 11.9301 7.96483
      vertex 94.0067 11.8701 7.95747
    endloop
  endfacet
  facet normal 0.89695 -0.442131 0
    outer loop
      vertex 91.5289 15.0993 12.354
      vertex 91.6648 15.375 8.38781
      vertex 91.6648 15.375 12.3878
    endloop
  endfacet
  facet normal 0.89695 -0.442131 0
    outer loop
      vertex 91.6648 15.375 8.38781
      vertex 91.5289 15.0993 12.354
      vertex 91.5289 15.0993 8.35396
    endloop
  endfacet
  facet normal -0.659402 -0.75179 0
    outer loop
      vertex 95.1306 16.0644 8.47246
      vertex 95.3617 15.8617 12.4476
      vertex 95.1306 16.0644 12.4725
    endloop
  endfacet
  facet normal -0.659402 -0.75179 -0
    outer loop
      vertex 95.3617 15.8617 12.4476
      vertex 95.1306 16.0644 8.47246
      vertex 95.3617 15.8617 8.44757
    endloop
  endfacet
  facet normal 0.831449 -0.555601 0
    outer loop
      vertex 91.6648 15.375 12.3878
      vertex 91.8356 15.6306 8.4192
      vertex 91.8356 15.6306 12.4192
    endloop
  endfacet
  facet normal 0.831449 -0.555601 0
    outer loop
      vertex 91.8356 15.6306 8.4192
      vertex 91.6648 15.375 12.3878
      vertex 91.6648 15.375 8.38781
    endloop
  endfacet
  facet normal 0.0653961 0.997859 0
    outer loop
      vertex 93.7 11.85 11.955
      vertex 93.3933 11.8701 7.95747
      vertex 93.3933 11.8701 11.9575
    endloop
  endfacet
  facet normal 0.0653961 0.997859 0
    outer loop
      vertex 93.3933 11.8701 7.95747
      vertex 93.7 11.85 11.955
      vertex 93.7 11.85 7.955
    endloop
  endfacet
  facet normal 0.659402 -0.75179 0
    outer loop
      vertex 92.0383 15.8617 12.4476
      vertex 92.2694 16.0644 8.47246
      vertex 92.2694 16.0644 12.4725
    endloop
  endfacet
  facet normal 0.659402 -0.75179 0
    outer loop
      vertex 92.2694 16.0644 8.47246
      vertex 92.0383 15.8617 12.4476
      vertex 92.0383 15.8617 8.44757
    endloop
  endfacet
  facet normal 0.659402 0.75179 0
    outer loop
      vertex 92.2694 12.3356 12.0146
      vertex 92.0383 12.5383 8.03951
      vertex 92.0383 12.5383 12.0395
    endloop
  endfacet
  facet normal 0.659402 0.75179 0
    outer loop
      vertex 92.0383 12.5383 8.03951
      vertex 92.2694 12.3356 12.0146
      vertex 92.2694 12.3356 8.01462
    endloop
  endfacet
  facet normal 3.85434e-14 -0.121876 0.992545
    outer loop
      vertex 96.0299 14.5067 8.2812
      vertex 96.0299 13.8933 8.20588
      vertex 96.05 14.2 8.24354
    endloop
  endfacet
  facet normal -2.45952e-05 -0.121876 0.992545
    outer loop
      vertex 95.9699 14.8082 8.31822
      vertex 96.0299 13.8933 8.20588
      vertex 96.0299 14.5067 8.2812
    endloop
  endfacet
  facet normal 1.24027e-05 -0.121873 0.992546
    outer loop
      vertex 95.9699 14.8082 8.31822
      vertex 95.9699 13.5918 8.16886
      vertex 96.0299 13.8933 8.20588
    endloop
  endfacet
  facet normal -3.76601e-05 -0.121873 0.992546
    outer loop
      vertex 95.8711 15.0993 8.35396
      vertex 95.9699 13.5918 8.16886
      vertex 95.9699 14.8082 8.31822
    endloop
  endfacet
  facet normal 2.54697e-05 -0.121869 0.992546
    outer loop
      vertex 95.8711 15.0993 8.35396
      vertex 95.8711 13.3007 8.13312
      vertex 95.9699 13.5918 8.16886
    endloop
  endfacet
  facet normal -1.20926e-05 -0.121869 0.992546
    outer loop
      vertex 95.7352 15.375 8.38781
      vertex 95.8711 13.3007 8.13312
      vertex 95.8711 15.0993 8.35396
    endloop
  endfacet
  facet normal 9.25525e-06 -0.121868 0.992546
    outer loop
      vertex 95.7352 15.375 8.38781
      vertex 95.7352 13.025 8.09927
      vertex 95.8711 13.3007 8.13312
    endloop
  endfacet
  facet normal 3.87642e-05 -0.121868 0.992546
    outer loop
      vertex 95.5644 15.6306 8.4192
      vertex 95.7352 13.025 8.09927
      vertex 95.7352 15.375 8.38781
    endloop
  endfacet
  facet normal 2.1082e-05 -0.121869 0.992546
    outer loop
      vertex 95.5644 15.6306 8.4192
      vertex 95.5644 12.7694 8.06789
      vertex 95.7352 13.025 8.09927
    endloop
  endfacet
  facet normal -2.65214e-05 -0.121869 0.992546
    outer loop
      vertex 95.3617 15.8617 8.44757
      vertex 95.5644 12.7694 8.06789
      vertex 95.5644 15.6306 8.4192
    endloop
  endfacet
  facet normal -2.27283e-05 -0.121869 0.992546
    outer loop
      vertex 95.3617 15.8617 8.44757
      vertex 95.3617 12.5383 8.03951
      vertex 95.5644 12.7694 8.06789
    endloop
  endfacet
  facet normal 7.31967e-06 -0.121869 0.992546
    outer loop
      vertex 95.1306 16.0644 8.47246
      vertex 95.3617 12.5383 8.03951
      vertex 95.3617 15.8617 8.44757
    endloop
  endfacet
  facet normal -6.52386e-06 -0.12187 0.992546
    outer loop
      vertex 95.1306 16.0644 8.47246
      vertex 95.1306 12.3356 8.01462
      vertex 95.3617 12.5383 8.03951
    endloop
  endfacet
  facet normal -6.39008e-06 -0.12187 0.992546
    outer loop
      vertex 94.875 16.2352 8.49343
      vertex 95.1306 12.3356 8.01462
      vertex 95.1306 16.0644 8.47246
    endloop
  endfacet
  facet normal 5.8538e-06 -0.121869 0.992546
    outer loop
      vertex 94.875 16.2352 8.49343
      vertex 94.875 12.1648 7.99365
      vertex 95.1306 12.3356 8.01462
    endloop
  endfacet
  facet normal 1.31554e-05 -0.121869 0.992546
    outer loop
      vertex 94.5993 16.3711 8.51012
      vertex 94.875 12.1648 7.99365
      vertex 94.875 16.2352 8.49343
    endloop
  endfacet
  facet normal -1.2332e-05 -0.12187 0.992546
    outer loop
      vertex 94.5993 16.3711 8.51012
      vertex 94.5993 12.0289 7.97696
      vertex 94.875 12.1648 7.99365
    endloop
  endfacet
  facet normal -4.17901e-06 -0.12187 0.992546
    outer loop
      vertex 94.3082 16.4699 8.52225
      vertex 94.5993 12.0289 7.97696
      vertex 94.5993 16.3711 8.51012
    endloop
  endfacet
  facet normal 3.99711e-06 -0.12187 0.992546
    outer loop
      vertex 94.3082 16.4699 8.52225
      vertex 94.3082 11.9301 7.96483
      vertex 94.5993 12.0289 7.97696
    endloop
  endfacet
  facet normal 9.51829e-06 -0.12187 0.992546
    outer loop
      vertex 94.0067 16.5299 8.52962
      vertex 94.3082 11.9301 7.96483
      vertex 94.3082 16.4699 8.52225
    endloop
  endfacet
  facet normal 2.32232e-05 -0.121869 0.992546
    outer loop
      vertex 94.0067 16.5299 8.52962
      vertex 94.0067 11.8701 7.95747
      vertex 94.3082 11.9301 7.96483
    endloop
  endfacet
  facet normal -2.57707e-05 -0.121869 0.992546
    outer loop
      vertex 93.7 16.55 8.53208
      vertex 94.0067 11.8701 7.95747
      vertex 94.0067 16.5299 8.52962
    endloop
  endfacet
  facet normal -6.67348e-06 -0.121868 0.992546
    outer loop
      vertex 93.7 16.55 8.53208
      vertex 93.7 11.85 7.955
      vertex 94.0067 11.8701 7.95747
    endloop
  endfacet
  facet normal 2.56886e-05 -0.121868 0.992546
    outer loop
      vertex 93.3933 16.5299 8.52962
      vertex 93.7 11.85 7.955
      vertex 93.7 16.55 8.53208
    endloop
  endfacet
  facet normal 6.59146e-06 -0.121869 0.992546
    outer loop
      vertex 93.3933 16.5299 8.52962
      vertex 93.3933 11.8701 7.95747
      vertex 93.7 11.85 7.955
    endloop
  endfacet
  facet normal -9.69706e-06 -0.121869 0.992546
    outer loop
      vertex 93.0918 16.4699 8.52225
      vertex 93.3933 11.8701 7.95747
      vertex 93.3933 16.5299 8.52962
    endloop
  endfacet
  facet normal -2.3402e-05 -0.12187 0.992546
    outer loop
      vertex 93.0918 16.4699 8.52225
      vertex 93.0918 11.9301 7.96483
      vertex 93.3933 11.8701 7.95747
    endloop
  endfacet
  facet normal 3.99711e-06 -0.12187 0.992546
    outer loop
      vertex 92.8007 16.3711 8.51012
      vertex 93.0918 11.9301 7.96483
      vertex 93.0918 16.4699 8.52225
    endloop
  endfacet
  facet normal -4.17901e-06 -0.12187 0.992546
    outer loop
      vertex 92.8007 16.3711 8.51012
      vertex 92.8007 12.0289 7.97696
      vertex 93.0918 11.9301 7.96483
    endloop
  endfacet
  facet normal -1.2332e-05 -0.12187 0.992546
    outer loop
      vertex 92.525 16.2352 8.49343
      vertex 92.8007 12.0289 7.97696
      vertex 92.8007 16.3711 8.51012
    endloop
  endfacet
  facet normal 1.31554e-05 -0.121869 0.992546
    outer loop
      vertex 92.525 16.2352 8.49343
      vertex 92.525 12.1648 7.99365
      vertex 92.8007 12.0289 7.97696
    endloop
  endfacet
  facet normal 5.8538e-06 -0.121869 0.992546
    outer loop
      vertex 92.2694 16.0644 8.47246
      vertex 92.525 12.1648 7.99365
      vertex 92.525 16.2352 8.49343
    endloop
  endfacet
  facet normal -6.39008e-06 -0.12187 0.992546
    outer loop
      vertex 92.2694 16.0644 8.47246
      vertex 92.2694 12.3356 8.01462
      vertex 92.525 12.1648 7.99365
    endloop
  endfacet
  facet normal -6.52386e-06 -0.12187 0.992546
    outer loop
      vertex 92.0383 15.8617 8.44757
      vertex 92.2694 12.3356 8.01462
      vertex 92.2694 16.0644 8.47246
    endloop
  endfacet
  facet normal 7.31967e-06 -0.121869 0.992546
    outer loop
      vertex 92.0383 15.8617 8.44757
      vertex 92.0383 12.5383 8.03951
      vertex 92.2694 12.3356 8.01462
    endloop
  endfacet
  facet normal 2.62379e-05 -0.121869 0.992546
    outer loop
      vertex 91.8356 15.6306 8.4192
      vertex 92.0383 12.5383 8.03951
      vertex 92.0383 15.8617 8.44757
    endloop
  endfacet
  facet normal 2.24449e-05 -0.121869 0.992546
    outer loop
      vertex 91.8356 15.6306 8.4192
      vertex 91.8356 12.7694 8.06789
      vertex 92.0383 12.5383 8.03951
    endloop
  endfacet
  facet normal -3.70296e-05 -0.121869 0.992546
    outer loop
      vertex 91.6648 15.375 8.38781
      vertex 91.8356 12.7694 8.06789
      vertex 91.8356 15.6306 8.4192
    endloop
  endfacet
  facet normal -1.93475e-05 -0.121868 0.992546
    outer loop
      vertex 91.6648 15.375 8.38781
      vertex 91.6648 13.025 8.09927
      vertex 91.8356 12.7694 8.06789
    endloop
  endfacet
  facet normal 9.25525e-06 -0.121868 0.992546
    outer loop
      vertex 91.5289 15.0993 8.35396
      vertex 91.6648 13.025 8.09927
      vertex 91.6648 15.375 8.38781
    endloop
  endfacet
  facet normal -1.20926e-05 -0.121869 0.992546
    outer loop
      vertex 91.5289 15.0993 8.35396
      vertex 91.5289 13.3007 8.13312
      vertex 91.6648 13.025 8.09927
    endloop
  endfacet
  facet normal 2.54697e-05 -0.121869 0.992546
    outer loop
      vertex 91.4301 14.8082 8.31822
      vertex 91.5289 13.3007 8.13312
      vertex 91.5289 15.0993 8.35396
    endloop
  endfacet
  facet normal -3.76601e-05 -0.121873 0.992546
    outer loop
      vertex 91.4301 14.8082 8.31822
      vertex 91.4301 13.5918 8.16886
      vertex 91.5289 13.3007 8.13312
    endloop
  endfacet
  facet normal 1.24027e-05 -0.121873 0.992546
    outer loop
      vertex 91.3701 14.5067 8.2812
      vertex 91.4301 13.5918 8.16886
      vertex 91.4301 14.8082 8.31822
    endloop
  endfacet
  facet normal -2.45952e-05 -0.121876 0.992545
    outer loop
      vertex 91.3701 14.5067 8.2812
      vertex 91.3701 13.8933 8.20588
      vertex 91.4301 13.5918 8.16886
    endloop
  endfacet
  facet normal -3.82641e-14 -0.121876 0.992545
    outer loop
      vertex 91.3701 13.8933 8.20588
      vertex 91.3701 14.5067 8.2812
      vertex 91.35 14.2 8.24354
    endloop
  endfacet
  facet normal 0.75179 -0.659402 0
    outer loop
      vertex 91.8356 15.6306 12.4192
      vertex 92.0383 15.8617 8.44757
      vertex 92.0383 15.8617 12.4476
    endloop
  endfacet
  facet normal 0.75179 -0.659402 0
    outer loop
      vertex 92.0383 15.8617 8.44757
      vertex 91.8356 15.6306 12.4192
      vertex 91.8356 15.6306 8.4192
    endloop
  endfacet
  facet normal -0.75179 0.659402 0
    outer loop
      vertex 95.3617 12.5383 12.0395
      vertex 95.5644 12.7694 8.06789
      vertex 95.3617 12.5383 8.03951
    endloop
  endfacet
  facet normal -0.75179 0.659402 0
    outer loop
      vertex 95.5644 12.7694 8.06789
      vertex 95.3617 12.5383 12.0395
      vertex 95.5644 12.7694 12.0679
    endloop
  endfacet
  facet normal -0.89695 0.442131 0
    outer loop
      vertex 95.7352 13.025 12.0993
      vertex 95.8711 13.3007 8.13312
      vertex 95.7352 13.025 8.09927
    endloop
  endfacet
  facet normal -0.89695 0.442131 0
    outer loop
      vertex 95.8711 13.3007 8.13312
      vertex 95.7352 13.025 12.0993
      vertex 95.8711 13.3007 12.1331
    endloop
  endfacet
  facet normal 0.980768 -0.195178 0
    outer loop
      vertex 91.3701 14.5067 12.2812
      vertex 91.4301 14.8082 8.31822
      vertex 91.4301 14.8082 12.3182
    endloop
  endfacet
  facet normal 0.980768 -0.195178 0
    outer loop
      vertex 91.4301 14.8082 8.31822
      vertex 91.3701 14.5067 12.2812
      vertex 91.3701 14.5067 8.2812
    endloop
  endfacet
  facet normal -0.0653961 -0.997859 0
    outer loop
      vertex 93.7 16.55 8.53208
      vertex 94.0067 16.5299 12.5296
      vertex 93.7 16.55 12.5321
    endloop
  endfacet
  facet normal -0.0653961 -0.997859 -0
    outer loop
      vertex 94.0067 16.5299 12.5296
      vertex 93.7 16.55 8.53208
      vertex 94.0067 16.5299 8.52962
    endloop
  endfacet
  facet normal -0.555601 -0.831449 0
    outer loop
      vertex 94.875 16.2352 8.49343
      vertex 95.1306 16.0644 12.4725
      vertex 94.875 16.2352 12.4934
    endloop
  endfacet
  facet normal -0.555601 -0.831449 -0
    outer loop
      vertex 95.1306 16.0644 12.4725
      vertex 94.875 16.2352 8.49343
      vertex 95.1306 16.0644 8.47246
    endloop
  endfacet
  facet normal 0.321395 -0.946945 0
    outer loop
      vertex 92.8007 16.3711 12.5101
      vertex 93.0918 16.4699 8.52225
      vertex 93.0918 16.4699 12.5223
    endloop
  endfacet
  facet normal 0.321395 -0.946945 0
    outer loop
      vertex 93.0918 16.4699 8.52225
      vertex 92.8007 16.3711 12.5101
      vertex 92.8007 16.3711 8.51012
    endloop
  endfacet
  facet normal 0.0653961 -0.997859 0
    outer loop
      vertex 93.3933 16.5299 12.5296
      vertex 93.7 16.55 8.53208
      vertex 93.7 16.55 12.5321
    endloop
  endfacet
  facet normal 0.0653961 -0.997859 0
    outer loop
      vertex 93.7 16.55 8.53208
      vertex 93.3933 16.5299 12.5296
      vertex 93.3933 16.5299 8.52962
    endloop
  endfacet
  facet normal 0.997859 -0.0653961 0
    outer loop
      vertex 91.35 14.2 12.2435
      vertex 91.3701 14.5067 8.2812
      vertex 91.3701 14.5067 12.2812
    endloop
  endfacet
  facet normal 0.997859 -0.0653961 0
    outer loop
      vertex 91.3701 14.5067 8.2812
      vertex 91.35 14.2 12.2435
      vertex 91.35 14.2 8.24354
    endloop
  endfacet
  facet normal 0.89695 0.442131 0
    outer loop
      vertex 91.6648 13.025 12.0993
      vertex 91.5289 13.3007 8.13312
      vertex 91.5289 13.3007 12.1331
    endloop
  endfacet
  facet normal 0.89695 0.442131 0
    outer loop
      vertex 91.5289 13.3007 8.13312
      vertex 91.6648 13.025 12.0993
      vertex 91.6648 13.025 8.09927
    endloop
  endfacet
  facet normal 0.442131 0.89695 0
    outer loop
      vertex 92.8007 12.0289 11.977
      vertex 92.525 12.1648 7.99365
      vertex 92.525 12.1648 11.9937
    endloop
  endfacet
  facet normal 0.442131 0.89695 0
    outer loop
      vertex 92.525 12.1648 7.99365
      vertex 92.8007 12.0289 11.977
      vertex 92.8007 12.0289 7.97696
    endloop
  endfacet
  facet normal -0.659402 0.75179 0
    outer loop
      vertex 95.3617 12.5383 8.03951
      vertex 95.1306 12.3356 12.0146
      vertex 95.3617 12.5383 12.0395
    endloop
  endfacet
  facet normal -0.659402 0.75179 0
    outer loop
      vertex 95.1306 12.3356 12.0146
      vertex 95.3617 12.5383 8.03951
      vertex 95.1306 12.3356 8.01462
    endloop
  endfacet
  facet normal 0.831449 0.555601 0
    outer loop
      vertex 91.8356 12.7694 12.0679
      vertex 91.6648 13.025 8.09927
      vertex 91.6648 13.025 12.0993
    endloop
  endfacet
  facet normal 0.831449 0.555601 0
    outer loop
      vertex 91.6648 13.025 8.09927
      vertex 91.8356 12.7694 12.0679
      vertex 91.8356 12.7694 8.06789
    endloop
  endfacet
  facet normal 0 0 -1
    outer loop
      vertex 0 0 0
      vertex 102.4 118.9 0
      vertex 102.4 0 0
    endloop
  endfacet
  facet normal -0 0 -1
    outer loop
      vertex 102.4 118.9 0
      vertex 0 0 0
      vertex 0 118.9 0
    endloop
  endfacet
  facet normal 0 -1 0
    outer loop
      vertex 0 0 0
      vertex 102.4 0 3
      vertex 0 0 3
    endloop
  endfacet
  facet normal 0 -1 -0
    outer loop
      vertex 102.4 0 3
      vertex 0 0 0
      vertex 102.4 0 0
    endloop
  endfacet
  facet normal -1 0 0
    outer loop
      vertex 0 0 3
      vertex 0 118.9 0
      vertex 0 0 0
    endloop
  endfacet
  facet normal -1 0 0
    outer loop
      vertex 0 118.9 0
      vertex 0 0 3
      vertex 0 118.9 17.5991
    endloop
  endfacet
  facet normal 0 -0.121869 0.992546
    outer loop
      vertex 0 118.9 17.5991
      vertex 102.4 0 3
      vertex 102.4 118.9 17.5991
    endloop
  endfacet
  facet normal 0 -0.121869 0.992546
    outer loop
      vertex 102.4 0 3
      vertex 0 118.9 17.5991
      vertex 0 0 3
    endloop
  endfacet
  facet normal 1 -0 0
    outer loop
      vertex 102.4 0 3
      vertex 102.4 118.9 0
      vertex 102.4 118.9 17.5991
    endloop
  endfacet
  facet normal 1 0 0
    outer loop
      vertex 102.4 118.9 0
      vertex 102.4 0 3
      vertex 102.4 0 0
    endloop
  endfacet
  facet normal 0 1 -0
    outer loop
      vertex 102.4 118.9 0
      vertex 0 118.9 17.5991
      vertex 102.4 118.9 17.5991
    endloop
  endfacet
  facet normal 0 1 0
    outer loop
      vertex 0 118.9 17.5991
      vertex 102.4 118.9 0
      vertex 0 118.9 0
    endloop
  endfacet
endsolid OpenSCAD_Model
